ip,s16,s24,asn,label,own
n279357c68c205e91,rs16000110,rs24000189,24940,banned,0
n8401e78ccaf193d3,rs16000120,rs24000303,14061,banned,0
nb506c68d3cd9876e,rs16000141,rs24000421,14061,banned,0
n79d9e0b2d05bacf4,rs16000149,rs24000513,14061,banned,0
n30fbe00fcb9d0d69,rs16000186,rs24000668,401476,banned,0
na63f65c15d99893b,rs16000186,rs24000668,401476,banned,0
n571b40fd064ee353,rs16000186,rs24000668,401476,banned,0
n8cdc2263864dc285,rs16000186,rs24000668,401476,banned,0
nc6bdd6bf81144c67,rs16000186,rs24000668,401476,banned,0
n0a57d3df21452b97,rs16000186,rs24000668,401476,banned,0
n637913e400ef04e3,rs16000186,rs24000668,401476,banned,0
n4616350b47b216bd,rs16000186,rs24000668,401476,banned,0
nc5bc832f73317050,rs16000186,rs24000668,401476,banned,0
n4913cbf2558d0799,rs16000186,rs24000668,401476,banned,0
ncb6e1526ae834fa7,rs16000186,rs24000668,401476,banned,0
nb72484ee8659693c,rs16000186,rs24000668,401476,banned,0
n5c2cdc117b9f90d1,rs16000186,rs24000668,401476,banned,0
n28ad8ac11c654bee,rs16000186,rs24000668,401476,banned,0
n551917a5cb269853,rs16000186,rs24000668,401476,banned,0
naca8e137e8266f22,rs16000186,rs24000668,401476,banned,0
n290e31bb37ea04b7,rs16000186,rs24000668,401476,banned,0
n50a1cd8d1724d898,rs16000186,rs24000668,401476,banned,0
nf13f3c3ec0c3e3a9,rs16000186,rs24000668,401476,banned,0
n7cdf9a99cd52e222,rs16000186,rs24000668,401476,banned,0
n0a406c5a33f0481d,rs16000186,rs24000668,401476,banned,0
n2b29e29bcbf28bbd,rs16000186,rs24000668,401476,banned,0
nd7dbbf22f5e8782a,rs16000186,rs24000668,401476,banned,0
na0072527423faed7,rs16000186,rs24000668,401476,banned,0
nb93d79e5ba3ce379,rs16000186,rs24000668,401476,banned,0
n7dad6de61679a0c8,rs16000186,rs24000668,401476,banned,0
n61b1025ce093e089,rs16000186,rs24000668,401476,banned,0
n2ec2a60878a0375c,rs16000186,rs24000668,401476,banned,0
nf521b7d279b42baf,rs16000186,rs24000668,401476,banned,0
n3c81e2936fe459c6,rs16000186,rs24000668,401476,banned,0
n32ba586839657914,rs16000186,rs24000668,401476,banned,0
n51a9348a987eac32,rs16000186,rs24000668,401476,banned,0
nca7cbe7cd9b89efc,rs16000186,rs24000668,401476,banned,0
n2fe08eb3af54aace,rs16000186,rs24000668,401476,banned,0
n7c74aeee8ec357a7,rs16000186,rs24000668,401476,banned,0
na1c4b042b28c4d4f,rs16000186,rs24000668,401476,banned,0
ne516b634d63a2447,rs16000186,rs24000668,401476,banned,0
nc1ded6b472c4c45e,rs16000186,rs24000668,401476,banned,0
n35a08f1a577874df,rs16000186,rs24000668,401476,banned,0
n8bfa48ad0a10e9ed,rs16000186,rs24000668,401476,banned,0
n06e224f53e9071b6,rs16000186,rs24000668,401476,banned,0
ned4b820cf78f1c05,rs16000186,rs24000668,401476,banned,0
nf863961e7d056f2f,rs16000186,rs24000668,401476,banned,0
n0b5121c57d8226c0,rs16000186,rs24000668,401476,banned,0
n407a7d4f4237a72d,rs16000186,rs24000668,401476,banned,0
n1c86d65c60033398,rs16000186,rs24000668,401476,banned,0
nfdf96066b85658c3,rs16000186,rs24000668,401476,banned,0
n69c3969bc410ad94,rs16000186,rs24000668,401476,banned,0
n68dea2145ae9aa9b,rs16000186,rs24000668,401476,banned,0
nf44b791a86aff225,rs16000186,rs24000668,401476,banned,0
nbcb9dc210405deeb,rs16000186,rs24000668,401476,banned,0
n0f89c4e828f093f6,rs16000186,rs24000668,401476,banned,0
n5ce2cecb91cb563e,rs16000186,rs24000668,401476,banned,0
nd9e3111d867377d7,rs16000186,rs24000668,401476,banned,0
n8f55202a653dff90,rs16000186,rs24000668,401476,banned,0
na86bffe375c4a9d7,rs16000186,rs24000668,401476,banned,0
ne32796c0da6ce635,rs16000186,rs24000668,401476,banned,0
nf3a0c8dbdd19da60,rs16000186,rs24000668,401476,banned,0
ndcd4234e01520752,rs16000206,rs24000776,401476,banned,0
n496bed4164a5d551,rs16000206,rs24000776,401476,banned,0
ne32f213a9e949c14,rs16000206,rs24000776,401476,banned,0
n44a6f9465a803959,rs16000206,rs24000776,401476,banned,0
nd62edaccb54ada8f,rs16000206,rs24000776,401476,banned,0
n83c89f7187ca6073,rs16000206,rs24000776,401476,banned,0
n34288b897abbdc77,rs16000206,rs24000776,401476,banned,0
n2f227dd53719db4c,rs16000206,rs24000776,401476,banned,0
nffd228e81a75f155,rs16000206,rs24000776,401476,banned,0
n99c387e7efa9cb8a,rs16000206,rs24000776,401476,banned,0
n11f54971e0b51195,rs16000206,rs24000776,401476,banned,0
n1dbf896d18c74f4e,rs16000206,rs24000776,401476,banned,0
n8c58564a6983f1f4,rs16000206,rs24000776,401476,banned,0
n78b350096c897342,rs16000206,rs24000776,401476,banned,0
n5fb552833a471b8e,rs16000206,rs24000776,401476,banned,0
nb68575f8cbd103d3,rs16000206,rs24000776,401476,banned,0
nf0ec1d10a5b4bbcd,rs16000206,rs24000776,401476,banned,0
nb19e75ddd519ff53,rs16000206,rs24000776,401476,banned,0
n521338a115ec180d,rs16000206,rs24000776,401476,banned,0
nc724d1317abd7f37,rs16000206,rs24000776,401476,banned,0
n1904c44a586daa18,rs16000206,rs24000776,401476,banned,0
nf0ab58fb4ae8057b,rs16000206,rs24000776,401476,banned,0
n16653669ebf53779,rs16000206,rs24000776,401476,banned,0
n089a734cfecbe9e1,rs16000206,rs24000776,401476,banned,0
n29f8a73241751db1,rs16000206,rs24000776,401476,banned,0
n73d398f2273ab699,rs16000206,rs24000776,401476,banned,0
n52dfb0dd7a44f2f6,rs16000206,rs24000776,401476,banned,0
n7dd2972b15ff5aa7,rs16000206,rs24000776,401476,banned,0
n6085d312e170701b,rs16000206,rs24000776,401476,banned,0
n34bd2d9b1a21c4db,rs16000206,rs24000776,401476,banned,0
n6c521a2127bf0229,rs16000206,rs24000776,401476,banned,0
neb5b6b3c5fc0247d,rs16000206,rs24000776,401476,banned,0
na2609247d43f7d05,rs16000206,rs24000776,401476,banned,0
n8c5df0ddfada6280,rs16000206,rs24000776,401476,banned,0
n38e75a66e23b8029,rs16000206,rs24000776,401476,banned,0
n542ac60d116cc365,rs16000206,rs24000776,401476,banned,0
n4c89bbd2cd6a7c67,rs16000206,rs24000776,401476,banned,0
nfcc0be79d59b4b38,rs16000206,rs24000776,401476,banned,0
n112e74ffd7cea730,rs16000206,rs24000776,401476,banned,0
n3ab1da4a6e5ad444,rs16000206,rs24000776,401476,banned,0
n3bbafdbf378960ce,rs16000206,rs24000776,401476,banned,0
nfda14ac854a362ba,rs16000206,rs24000776,401476,banned,0
n0e8e7f539792d951,rs16000206,rs24000776,401476,banned,0
n47b6eb728928bb29,rs16000206,rs24000776,401476,banned,0
n27befcc9725f745a,rs16000206,rs24000776,401476,banned,0
n90428ff3d168a7ee,rs16000206,rs24000776,401476,banned,0
n9a2ac2eb142a0596,rs16000206,rs24000776,401476,banned,0
n44602c5a4ecd2df4,rs16000206,rs24000776,401476,banned,0
n0251d3f01bfdca29,rs16000206,rs24000776,401476,banned,0
nd6f125e07b6c22fd,rs16000206,rs24000776,401476,banned,0
ne4b6476ef5413330,rs16000206,rs24000776,401476,banned,0
n13e8b66875891d35,rs16000206,rs24000776,401476,banned,0
n7139777bd4a7598d,rs16000206,rs24000776,401476,banned,0
ne1e7b644bcb3f6d7,rs16000206,rs24000776,401476,banned,0
n85f47cad075aad08,rs16000206,rs24000776,401476,banned,0
nde010ea8e548d699,rs16000206,rs24000776,401476,banned,0
nea31ba73947b20c9,rs16000206,rs24000776,401476,banned,0
n55078ecaf0eb43ee,rs16000206,rs24000776,401476,banned,0
n937f525e9db33cc8,rs16000206,rs24000776,401476,banned,0
n04a2e50a5aed7442,rs16000206,rs24000776,401476,banned,0
nf16a57730eb26083,rs16000206,rs24000776,401476,banned,0
n8ac02ae12ba4063a,rs16000206,rs24000776,401476,banned,0
nc3d170e03e7149c4,rs16000211,rs24000793,14061,banned,0
na44080f43831432a,rs16000226,rs24000877,24940,banned,0
n1c0a0cff934fb6b6,rs16000236,rs24000960,14061,banned,0
nf4ab18c71cbb3e86,rs16000236,rs24000966,14061,banned,0
n88070a0b909dab55,rs16000238,rs24000997,14061,banned,0
nad3c0ff5c5e92122,rs16000238,rs24001012,14061,banned,0
nc597a5b915dd0316,rs16000268,rs24001216,14061,banned,0
n8e365fdf2fca5ac8,rs16000280,rs24001408,14061,banned,0
n2d4eeb76618ed3fe,rs16000433,rs24001777,14061,banned,0
n2216739c36804f41,rs16000478,rs24001872,401476,banned,0
nb16a02d80d1fb61f,rs16000478,rs24001872,401476,banned,0
nf79e534c054e2e20,rs16000478,rs24001872,401476,banned,0
ne6e323c3e88b07ee,rs16000478,rs24001872,401476,banned,0
n7e94340ed4221521,rs16000478,rs24001872,401476,banned,0
n16c1960d2917e3b1,rs16000478,rs24001872,401476,banned,0
n275a77c9e3083631,rs16000478,rs24001872,401476,banned,0
n2e479ae8ed9e657d,rs16000478,rs24001872,401476,banned,0
na01b28b7b1fe6889,rs16000478,rs24001872,401476,banned,0
nffbe333143a4fcac,rs16000478,rs24001872,401476,banned,0
ncb4204e601cb334a,rs16000478,rs24001872,401476,banned,0
n439ed6378fe162a0,rs16000478,rs24001872,401476,banned,0
nba17684fc5d222f5,rs16000478,rs24001872,401476,banned,0
n07237a1e75007f0c,rs16000478,rs24001872,401476,banned,0
n53b21f2974652f75,rs16000478,rs24001872,401476,banned,0
naac09e012a671882,rs16000478,rs24001872,401476,banned,0
n8bf871e735ea1846,rs16000478,rs24001872,401476,banned,0
ncdb7c431408bc645,rs16000478,rs24001872,401476,banned,0
n2baee237d8146937,rs16000478,rs24001872,401476,banned,0
n013d29a4a16feb64,rs16000478,rs24001872,401476,banned,0
n2e172c7a70b91343,rs16000478,rs24001872,401476,banned,0
n960803b3587aa6e0,rs16000478,rs24001872,401476,banned,0
nf2ce768f5a688b9a,rs16000478,rs24001872,401476,banned,0
n7085402562c268e4,rs16000478,rs24001872,401476,banned,0
n1008a104212d03fd,rs16000478,rs24001872,401476,banned,0
n1e4fa2dbd7d7c2c1,rs16000478,rs24001872,401476,banned,0
ncbad97e7b10cb309,rs16000478,rs24001872,401476,banned,0
n23cbdacff209f6bb,rs16000478,rs24001872,401476,banned,0
nf6ee7571d0de0a09,rs16000478,rs24001872,401476,banned,0
n49ef40c32ea0f480,rs16000478,rs24001872,401476,banned,0
nffd810532acba93d,rs16000478,rs24001872,401476,banned,0
n8942165fa9844561,rs16000478,rs24001872,401476,banned,0
nf6593e575bc743ef,rs16000478,rs24001872,401476,banned,0
n3d2d880009e6e474,rs16000478,rs24001872,401476,banned,0
n7de7edacf0b20099,rs16000478,rs24001872,401476,banned,0
nf1ca0557d5f56733,rs16000478,rs24001872,401476,banned,0
n457be1a360d53dbc,rs16000478,rs24001872,401476,banned,0
nc98a9bfc880888d8,rs16000478,rs24001872,401476,banned,0
n223b8637f1892869,rs16000478,rs24001872,401476,banned,0
n73123d1e656e7b84,rs16000478,rs24001872,401476,banned,0
n3015800ca1aeeb51,rs16000478,rs24001872,401476,banned,0
n07798fa6cb5bd545,rs16000478,rs24001872,401476,banned,0
n0332f0f676feda01,rs16000478,rs24001872,401476,banned,0
nbbe2a8d590e8e05a,rs16000478,rs24001872,401476,banned,0
nb14b53ff99b602ab,rs16000478,rs24001872,401476,banned,0
n3da9b7d70641c0cb,rs16000478,rs24001872,401476,banned,0
nc800c707d9a36807,rs16000478,rs24001872,401476,banned,0
n1be79353eada2536,rs16000478,rs24001872,401476,banned,0
n0d795e0d0fa1b49d,rs16000478,rs24001872,401476,banned,0
n6abd1737e0b7f210,rs16000478,rs24001872,401476,banned,0
n8954436d5c852aea,rs16000478,rs24001872,401476,banned,0
n7f88f7582f65ae6d,rs16000478,rs24001872,401476,banned,0
n25e5bf3d0b7e8bfe,rs16000478,rs24001872,401476,banned,0
nb3ec24bf0e0ce059,rs16000478,rs24001872,401476,banned,0
nb164d85e445a4577,rs16000478,rs24001872,401476,banned,0
n9ff6311f40b53874,rs16000478,rs24001872,401476,banned,0
n16bcfd2a5cc05a23,rs16000478,rs24001872,401476,banned,0
n1b657a350584c218,rs16000478,rs24001872,401476,banned,0
naea2caf20325d8bc,rs16000478,rs24001872,401476,banned,0
n8a39b8d57b8770da,rs16000478,rs24001872,401476,banned,0
n9783f7a505e49dfe,rs16000478,rs24001872,401476,banned,0
n8489d6ef2db31409,rs16000478,rs24001872,401476,banned,0
n4f54c68cb7a2d1e5,rs16000478,rs24001872,401476,banned,0
n47b61b7565b598ae,rs16000478,rs24001872,401476,banned,0
nebb295a2733015e4,rs16000478,rs24001872,401476,banned,0
ndee517b7c0b7a05d,rs16000478,rs24001872,401476,banned,0
n2ee978020966fb5f,rs16000478,rs24001872,401476,banned,0
n636bfb21a5857ef3,rs16000478,rs24001872,401476,banned,0
n2b489d7e82bdde0a,rs16000574,rs24002059,401476,banned,0
n77714008173cbf4b,rs16000574,rs24002059,401476,banned,0
n59ece663a7e50e25,rs16000574,rs24002059,401476,banned,0
ne7b566482d23712a,rs16000574,rs24002059,401476,banned,0
nad453cc8e2d2342a,rs16000574,rs24002059,401476,banned,0
nca4fe734d3e5cb5a,rs16000574,rs24002059,401476,banned,0
n1d0ec6bc6ae13085,rs16000574,rs24002059,401476,banned,0
nd61275bb0b3dc3a3,rs16000574,rs24002059,401476,banned,0
na012e51f0082973f,rs16000574,rs24002059,401476,banned,0
nbb732e8a77bfdcf3,rs16000574,rs24002059,401476,banned,0
ne3d0caa3d9d53483,rs16000574,rs24002059,401476,banned,0
n4185a098d916cf64,rs16000574,rs24002059,401476,banned,0
nf2b84328ca7c8462,rs16000574,rs24002059,401476,banned,0
n60c520bb6cf82027,rs16000574,rs24002059,401476,banned,0
nba7517caab08962b,rs16000574,rs24002059,401476,banned,0
nbb313556ce82f48f,rs16000574,rs24002059,401476,banned,0
na732eafd2be5183c,rs16000574,rs24002059,401476,banned,0
n3649cbb3da73023f,rs16000574,rs24002059,401476,banned,0
n627879113ca593a0,rs16000574,rs24002059,401476,banned,0
nb19a0b81df7ee775,rs16000574,rs24002059,401476,banned,0
n1c3d41609db60bb0,rs16000574,rs24002059,401476,banned,0
n6915c9137d73dbe8,rs16000574,rs24002059,401476,banned,0
n30f8a6f7c860fd3f,rs16000574,rs24002059,401476,banned,0
n2fd7bbf9f29de7c7,rs16000574,rs24002059,401476,banned,0
n58f1e90fe8602c3c,rs16000574,rs24002059,401476,banned,0
n5d838f7a9e9d664e,rs16000574,rs24002059,401476,banned,0
nadef32eb7916a12a,rs16000574,rs24002059,401476,banned,0
n532a110289c4cedf,rs16000574,rs24002059,401476,banned,0
n5678cef36ac50d2b,rs16000574,rs24002059,401476,banned,0
n4bbb40eedec3566d,rs16000574,rs24002059,401476,banned,0
n4dd89fc53b2614ea,rs16000574,rs24002059,401476,banned,0
n34ab8f1f1baddd09,rs16000574,rs24002059,401476,banned,0
n154afe1952c2a1d0,rs16000574,rs24002059,401476,banned,0
n8fc790478b98279a,rs16000574,rs24002059,401476,banned,0
n43ac6ee5e0263d10,rs16000574,rs24002059,401476,banned,0
nea835e540b8bde30,rs16000574,rs24002059,401476,banned,0
n19a04f62ae7a5879,rs16000574,rs24002059,401476,banned,0
nc0ff7ec041b8a812,rs16000574,rs24002059,401476,banned,0
nb20e9b2483a1ea8f,rs16000574,rs24002059,401476,banned,0
nec92523f1464dbec,rs16000574,rs24002059,401476,banned,0
n0617379b6ecc9beb,rs16000574,rs24002059,401476,banned,0
n382fb96b75c2e7ef,rs16000574,rs24002059,401476,banned,0
nb2bcdce578340026,rs16000574,rs24002059,401476,banned,0
naaa89be2f20aeb11,rs16000574,rs24002059,401476,banned,0
nc4f6599cdcd6bba1,rs16000574,rs24002059,401476,banned,0
nbf5cd4fde2cec5d4,rs16000574,rs24002059,401476,banned,0
n62b7232de6713d4a,rs16000574,rs24002059,401476,banned,0
n3b259343f0bd7f0e,rs16000574,rs24002059,401476,banned,0
nda7c430740cc7432,rs16000574,rs24002059,401476,banned,0
n35ca651b1223ced7,rs16000574,rs24002059,401476,banned,0
n7e108d40aa5f4659,rs16000574,rs24002059,401476,banned,0
n64c77300001c3e09,rs16000574,rs24002059,401476,banned,0
nb6a9b7811e1f8fcf,rs16000574,rs24002059,401476,banned,0
n1d153eacb869db6c,rs16000574,rs24002059,401476,banned,0
nda681e4df4ea94a2,rs16000574,rs24002059,401476,banned,0
n6475146ed10d677d,rs16000574,rs24002059,401476,banned,0
n701453dee0fcacc5,rs16000574,rs24002059,401476,banned,0
n93342b4aabcc4231,rs16000574,rs24002059,401476,banned,0
n45c033a1b00e15a9,rs16000731,rs24002275,401476,banned,0
nb00c02207ff32b9e,rs16000731,rs24002275,401476,banned,0
n490af587a472a950,rs16000731,rs24002275,401476,banned,0
n9234bedc7e17c7a7,rs16000731,rs24002275,401476,banned,0
n480917768eb84b54,rs16000731,rs24002275,401476,banned,0
n95b673001fbb84c7,rs16000731,rs24002275,401476,banned,0
n153b5be79c1a963d,rs16000731,rs24002275,401476,banned,0
nca5e26267d6fcc60,rs16000731,rs24002275,401476,banned,0
nc53bbbbe93dfd3cd,rs16000731,rs24002275,401476,banned,0
neb600ed9714c418a,rs16000731,rs24002275,401476,banned,0
na91fc270c723ba91,rs16000731,rs24002275,401476,banned,0
n26751c7f993e4e51,rs16000731,rs24002275,401476,banned,0
n5636f7ce7edcf077,rs16000731,rs24002275,401476,banned,0
n9474976c5d41a0d5,rs16000731,rs24002275,401476,banned,0
nab987d55ff0d9438,rs16000731,rs24002275,401476,banned,0
ne3048b90320510c5,rs16000731,rs24002275,401476,banned,0
ncb0b8a5cd816897e,rs16000731,rs24002275,401476,banned,0
n1e5571ece8d46165,rs16000731,rs24002275,401476,banned,0
ncccfe83942d07e8b,rs16000731,rs24002275,401476,banned,0
nabbdd1469dae3062,rs16000731,rs24002275,401476,banned,0
n9a53f2d14ba6729d,rs16000731,rs24002275,401476,banned,0
n675930bf8385f14e,rs16000731,rs24002275,401476,banned,0
n8d0227e72677d81b,rs16000731,rs24002275,401476,banned,0
ne395c0344868c7ed,rs16000731,rs24002275,401476,banned,0
n98b0a3478417cf48,rs16000731,rs24002275,401476,banned,0
n215d7aac386c15fa,rs16000731,rs24002275,401476,banned,0
ne4ea67971927484d,rs16000731,rs24002275,401476,banned,0
n90d2fa44abe6fa25,rs16000731,rs24002275,401476,banned,0
n1867befe9c865ce6,rs16000731,rs24002275,401476,banned,0
n8aa89cf159fb97fc,rs16000731,rs24002275,401476,banned,0
nccbc142f3d46467e,rs16000731,rs24002275,401476,banned,0
n1ff95cd8f1e2c36a,rs16000731,rs24002275,401476,banned,0
n06ee3977943117db,rs16000731,rs24002275,401476,banned,0
n247a3f03d61b07e8,rs16000731,rs24002275,401476,banned,0
n04999a19e580e506,rs16000731,rs24002275,401476,banned,0
nd2c5531e1a508e58,rs16000731,rs24002275,401476,banned,0
n4e1a8d69b4016537,rs16000731,rs24002275,401476,banned,0
n5628d3d7f7fdc4a5,rs16000731,rs24002275,401476,banned,0
n894fd22db7b7c00b,rs16000731,rs24002275,401476,banned,0
n407d68d3a4f95f71,rs16000731,rs24002275,401476,banned,0
nd66042ae3923f441,rs16000731,rs24002275,401476,banned,0
nafc2b891bfb5cb2c,rs16000731,rs24002275,401476,banned,0
nb697f1f57cf5fc82,rs16000731,rs24002275,401476,banned,0
n2f045771a565e056,rs16000731,rs24002275,401476,banned,0
n08bf3db27d66a698,rs16000731,rs24002275,401476,banned,0
nfde795967d586a8f,rs16000731,rs24002275,401476,banned,0
n9ec3974064cf9df6,rs16000731,rs24002275,401476,banned,0
n91a0fe4b2e565b05,rs16000731,rs24002275,401476,banned,0
ndcb5f46a49f77312,rs16000731,rs24002275,401476,banned,0
n68da2912844613d9,rs16000731,rs24002275,401476,banned,0
nd2c9d9c008e4f117,rs16000731,rs24002275,401476,banned,0
nc9863ded1f8bb77d,rs16000731,rs24002275,401476,banned,0
n59a67903f77fedcb,rs16000731,rs24002275,401476,banned,0
n158a2b192933c1d8,rs16000731,rs24002275,401476,banned,0
na13cb71f32225f35,rs16000731,rs24002275,401476,banned,0
naffee637c263ede4,rs16000731,rs24002275,401476,banned,0
n3794490c9e2dee54,rs16000731,rs24002275,401476,banned,0
na6c34614df2e2a6a,rs16000731,rs24002275,401476,banned,0
n5213a5fb83876027,rs16000731,rs24002275,401476,banned,0
n0388e05e8f651f42,rs16000731,rs24002275,401476,banned,0
n522251f2a56b12ff,rs16000731,rs24002275,401476,banned,0
n9a372d20a965dfad,rs16000731,rs24002275,401476,banned,0
ndbe57627f43459c7,rs16000731,rs24002275,401476,banned,0
ne297537b7c432859,rs16000731,rs24002275,401476,banned,0
n8d26c3530d373024,rs16000731,rs24002275,401476,banned,0
n356d249a7cdead9b,rs16000731,rs24002275,401476,banned,0
neb0c9b4b99586972,rs16000802,rs24002414,24940,banned,0
n98c118a419b79eb7,rs16001072,rs24002833,401476,banned,0
n4acce7c4202344bf,rs16001072,rs24002833,401476,banned,0
nbe8aa4fcb948c1f6,rs16001072,rs24002833,401476,banned,0
nf15f792e8b55904e,rs16001072,rs24002833,401476,banned,0
nce9f9cb67300cd76,rs16001072,rs24002833,401476,banned,0
n398181afda454986,rs16001072,rs24002833,401476,banned,0
nbb5a63ffdef90ae2,rs16001072,rs24002833,401476,banned,0
n8dc49ac8dca86f98,rs16001072,rs24002833,401476,banned,0
n9c947dc89e72c75b,rs16001072,rs24002833,401476,banned,0
n029da3e8291399e6,rs16001072,rs24002833,401476,banned,0
n5e5a451a1e0dc952,rs16001072,rs24002833,401476,banned,0
n419d13865301546e,rs16001072,rs24002833,401476,banned,0
n83f67f23f2230049,rs16001072,rs24002833,401476,banned,0
n8eea8742ce0e1fb9,rs16001072,rs24002833,401476,banned,0
n352664c6d1dee850,rs16001072,rs24002833,401476,banned,0
n4ce210da647dcdae,rs16001072,rs24002833,401476,banned,0
n08526229c5b48faf,rs16001072,rs24002833,401476,banned,0
n62f61c8101d02d35,rs16001072,rs24002833,401476,banned,0
na99c7155338b2dce,rs16001072,rs24002833,401476,banned,0
n92860f717fe48e40,rs16001072,rs24002833,401476,banned,0
n7b08519c23973299,rs16001072,rs24002833,401476,banned,0
n5560d61b3d2af178,rs16001072,rs24002833,401476,banned,0
n69c9b9c398082fe0,rs16001072,rs24002833,401476,banned,0
n5f8326361af0fc12,rs16001072,rs24002833,401476,banned,0
nf9420edf0db1752b,rs16001072,rs24002833,401476,banned,0
nc1f2e50e433eeadc,rs16001072,rs24002833,401476,banned,0
n7c48170e4a2e7baa,rs16001072,rs24002833,401476,banned,0
n299018c64c4e501b,rs16001072,rs24002833,401476,banned,0
nfac943c80095ddf5,rs16001072,rs24002833,401476,banned,0
n8340234f13de8a45,rs16001072,rs24002833,401476,banned,0
n8d4dee967e131713,rs16001072,rs24002833,401476,banned,0
ne04969eccece6d08,rs16001072,rs24002833,401476,banned,0
n219b9de2a5e04f10,rs16001072,rs24002833,401476,banned,0
n78862fed1cb7ed61,rs16001072,rs24002833,401476,banned,0
ne9d414dce6983dfd,rs16001072,rs24002833,401476,banned,0
nab28445501bb95e8,rs16001072,rs24002833,401476,banned,0
na176e8a2fe886a4b,rs16001072,rs24002833,401476,banned,0
nbd7ee8c060189222,rs16001072,rs24002833,401476,banned,0
ncb5487059911a79e,rs16001072,rs24002833,401476,banned,0
n82618e1ab1f20a20,rs16001072,rs24002833,401476,banned,0
nd3031e7fdf93e33b,rs16001072,rs24002833,401476,banned,0
n1b3573b34c2879f3,rs16001072,rs24002833,401476,banned,0
n8a0571637b512573,rs16001072,rs24002833,401476,banned,0
n77661154a774bb44,rs16001072,rs24002833,401476,banned,0
n9b26aa34c1e9ca36,rs16001072,rs24002833,401476,banned,0
naf09129307b816d9,rs16001072,rs24002833,401476,banned,0
n88bcc9646123ec20,rs16001072,rs24002833,401476,banned,0
n956cbd41f30b3f7d,rs16001072,rs24002833,401476,banned,0
n8bcf17d0b060a1fe,rs16001072,rs24002833,401476,banned,0
n7bf80b7d995171b6,rs16001072,rs24002833,401476,banned,0
ne71984fa3c5c0b05,rs16001072,rs24002833,401476,banned,0
n1be74304ac449aaf,rs16001072,rs24002833,401476,banned,0
n10774e3ecb40c59f,rs16001072,rs24002833,401476,banned,0
nef43e3c322f3c1e7,rs16001072,rs24002833,401476,banned,0
nba43a4861fb5e4e8,rs16001072,rs24002833,401476,banned,0
n788d4ca074c4ca08,rs16001072,rs24002833,401476,banned,0
nc7906a4f88d92295,rs16001072,rs24002833,401476,banned,0
nbae7c05d717bc159,rs16001072,rs24002833,401476,banned,0
n176ca5a37a167feb,rs16001072,rs24002833,401476,banned,0
n5a527ee0d77fcc81,rs16001072,rs24002833,401476,banned,0
nf24c768fbcce0fc3,rs16001072,rs24002833,401476,banned,0
n0fb7b216c25d82cf,rs16001072,rs24002833,401476,banned,0
nd275f7f2193d9260,rs16001072,rs24002833,401476,banned,0
n2adb17a75c2c8412,rs16001072,rs24002833,401476,banned,0
nd23c2432aa4367d1,rs16001072,rs24002833,401476,banned,0
nd4f85e5057c1d03e,rs16001205,rs24003002,24940,banned,0
nfe045ed9b3583743,rs16001231,rs24003032,401476,banned,0
nfdbf494daaf87482,rs16001231,rs24003032,401476,banned,0
n656bd995eb5b571b,rs16001231,rs24003032,401476,banned,0
n83895ee37b6c5dfd,rs16001231,rs24003032,401476,banned,0
nc6e62e2f90b5ed39,rs16001231,rs24003032,401476,banned,0
na99b3cfa7891ff3a,rs16001231,rs24003032,401476,banned,0
n62fbe56dfd103d78,rs16001231,rs24003032,401476,banned,0
n3409993da39b521f,rs16001231,rs24003032,401476,banned,0
nd674bff3a760b13e,rs16001231,rs24003032,401476,banned,0
n88d623a229666f2f,rs16001231,rs24003032,401476,banned,0
nc41484778025f8fa,rs16001231,rs24003032,401476,banned,0
ndd6d8f9d05f498b7,rs16001231,rs24003032,401476,banned,0
nab8c65fe0d316741,rs16001231,rs24003032,401476,banned,0
n212b8b78833c9740,rs16001231,rs24003032,401476,banned,0
n2603a2f398b6160d,rs16001231,rs24003032,401476,banned,0
na4d5c4f9d3c32429,rs16001231,rs24003032,401476,banned,0
n9e3912cff5fd4763,rs16001231,rs24003032,401476,banned,0
nf8c21ea0527830fb,rs16001231,rs24003032,401476,banned,0
n82f2d2ea236e87c4,rs16001231,rs24003032,401476,banned,0
nc0df5c6353201d0a,rs16001231,rs24003032,401476,banned,0
n47b0084efa9954b6,rs16001231,rs24003032,401476,banned,0
n314a8847e0a3818d,rs16001231,rs24003032,401476,banned,0
n867f595d292b2258,rs16001231,rs24003032,401476,banned,0
n7790d4b1e213b713,rs16001231,rs24003032,401476,banned,0
na62e5a78e216d701,rs16001231,rs24003032,401476,banned,0
n41cbee62a010f232,rs16001231,rs24003032,401476,banned,0
n4fb47183ff348ba3,rs16001231,rs24003032,401476,banned,0
ndd1c2e27b238b805,rs16001231,rs24003032,401476,banned,0
n703d17631196e756,rs16001231,rs24003032,401476,banned,0
n551c433dc0398da8,rs16001231,rs24003032,401476,banned,0
na8cd0dbbba534cd4,rs16001231,rs24003032,401476,banned,0
n736d65dcea45416f,rs16001231,rs24003032,401476,banned,0
n3d1a85a453c33f54,rs16001231,rs24003032,401476,banned,0
n0264178ebf6a949d,rs16001231,rs24003032,401476,banned,0
n5193ac94d52926ce,rs16001231,rs24003032,401476,banned,0
n2aa8a3d0a100a3d4,rs16001231,rs24003032,401476,banned,0
n1de452453292efb9,rs16001231,rs24003032,401476,banned,0
na725d4f37a3a6d9c,rs16001231,rs24003032,401476,banned,0
nd57dfbbc2851b00a,rs16001231,rs24003032,401476,banned,0
n8631b46c40b33d52,rs16001231,rs24003032,401476,banned,0
n66875767fbd17070,rs16001231,rs24003032,401476,banned,0
n7b2bb43d8502829b,rs16001231,rs24003032,401476,banned,0
n77e4e46a5ac5c275,rs16001231,rs24003032,401476,banned,0
ne296a67c239971c8,rs16001231,rs24003032,401476,banned,0
n660014cd80a51ec6,rs16001231,rs24003032,401476,banned,0
n8cd5786bea49bf2f,rs16001231,rs24003032,401476,banned,0
n2ff04c6888224410,rs16001231,rs24003032,401476,banned,0
n790e80da73ea80ba,rs16001231,rs24003032,401476,banned,0
n80f999d994bd071a,rs16001231,rs24003032,401476,banned,0
n21e315aa3b850ab7,rs16001231,rs24003032,401476,banned,0
n0ede661a7da5003e,rs16001231,rs24003032,401476,banned,0
ndc28f6ea399983c3,rs16001231,rs24003032,401476,banned,0
n878014aa8e1515a9,rs16001231,rs24003032,401476,banned,0
n2a87ccc862bb1511,rs16001231,rs24003032,401476,banned,0
n9cbce8cc664d73a6,rs16001231,rs24003032,401476,banned,0
n4155c563aca2ff34,rs16001231,rs24003032,401476,banned,0
n66f8ecb626be4cd6,rs16001231,rs24003032,401476,banned,0
n86232bc6bf0de4b6,rs16001231,rs24003032,401476,banned,0
n5fc1fd751024e7ce,rs16001231,rs24003032,401476,banned,0
nb4b21f3b571d0912,rs16001231,rs24003032,401476,banned,0
naf3b0171c1dd1c80,rs16001231,rs24003032,401476,banned,0
n8918c5f3869b6f97,rs16001231,rs24003032,401476,banned,0
ndc8386b78b649976,rs16001231,rs24003032,401476,banned,0
n2fbd5601ccd99088,rs16001231,rs24003032,401476,banned,0
n923827b77ab8bbbf,rs16001231,rs24003032,401476,banned,0
n4fbddb25fe5ba66a,rs16001255,rs24003060,401476,banned,0
nd35411ca36f68aa2,rs16001255,rs24003060,401476,banned,0
n53110ac60f78352d,rs16001255,rs24003060,401476,banned,0
n10fb08a27c7c8804,rs16001255,rs24003060,401476,banned,0
n3c7143c0b2dac87e,rs16001255,rs24003060,401476,banned,0
n3ee8992e34380269,rs16001255,rs24003060,401476,banned,0
n44a44f61b0db931e,rs16001255,rs24003060,401476,banned,0
n61165261121bf9a8,rs16001255,rs24003060,401476,banned,0
n183e4ebd2002b7ca,rs16001255,rs24003060,401476,banned,0
n003910197c0f7abf,rs16001255,rs24003060,401476,banned,0
n3ba4be5c4976f947,rs16001255,rs24003060,401476,banned,0
n49eaed360501d9ad,rs16001255,rs24003060,401476,banned,0
nb81a0ab8b42827b5,rs16001255,rs24003060,401476,banned,0
n02f4948d116e3609,rs16001255,rs24003060,401476,banned,0
ne4b0c2f679b7f7a1,rs16001255,rs24003060,401476,banned,0
nf75722c1e6d9d5a1,rs16001255,rs24003060,401476,banned,0
n27ce677ed74caabd,rs16001255,rs24003060,401476,banned,0
n99f8f57620303deb,rs16001255,rs24003060,401476,banned,0
ne3a5872c6c6c8f83,rs16001255,rs24003060,401476,banned,0
n211df50b0d286e88,rs16001255,rs24003060,401476,banned,0
nde425f4ae1653186,rs16001255,rs24003060,401476,banned,0
n1620861f5982ce5f,rs16001255,rs24003060,401476,banned,0
nb07704e1d1ec44c0,rs16001255,rs24003060,401476,banned,0
ne2becdc76e580ae6,rs16001255,rs24003060,401476,banned,0
nb8f37e581c4a2109,rs16001255,rs24003060,401476,banned,0
n713d3cd40c6a9cf4,rs16001255,rs24003060,401476,banned,0
n9f8c392510ca249e,rs16001255,rs24003060,401476,banned,0
n93d3268e0f180032,rs16001255,rs24003060,401476,banned,0
n5635ced5966735ef,rs16001255,rs24003060,401476,banned,0
n74d9d253dea0b619,rs16001255,rs24003060,401476,banned,0
nb838d22df3f4ff47,rs16001255,rs24003060,401476,banned,0
n55f0cf2d7b656ea6,rs16001255,rs24003060,401476,banned,0
n7a5427670c6199ba,rs16001255,rs24003060,401476,banned,0
nfcf19b7344a20fb9,rs16001255,rs24003060,401476,banned,0
n82449c835e25feaa,rs16001255,rs24003060,401476,banned,0
n3a9eb7765e15ab0b,rs16001255,rs24003060,401476,banned,0
nb1ce19ef86d1e0e4,rs16001255,rs24003060,401476,banned,0
n6effa1c98e61aa8f,rs16001255,rs24003060,401476,banned,0
n3a4b8bba3a3028b3,rs16001255,rs24003060,401476,banned,0
n26005737bb4bd39e,rs16001255,rs24003060,401476,banned,0
n4645fd64436aad94,rs16001255,rs24003060,401476,banned,0
nf2e94f2a43d74a4c,rs16001255,rs24003060,401476,banned,0
n0bfa2e46bfed5234,rs16001255,rs24003060,401476,banned,0
nce4e147c640e8b81,rs16001255,rs24003060,401476,banned,0
nd4eee7c6627a4148,rs16001255,rs24003060,401476,banned,0
n36e6eec829f5907a,rs16001255,rs24003060,401476,banned,0
nf201e1c08cbd5c8e,rs16001255,rs24003060,401476,banned,0
nc8873507f694fd56,rs16001255,rs24003060,401476,banned,0
n268f90958d9e49bc,rs16001255,rs24003060,401476,banned,0
ndc27b309dcd20316,rs16001255,rs24003060,401476,banned,0
nde9be61476313280,rs16001255,rs24003060,401476,banned,0
nda7070ed34603f1f,rs16001255,rs24003060,401476,banned,0
naa6b44d0a1fb6c81,rs16001255,rs24003060,401476,banned,0
n3a719adfe68493a6,rs16001255,rs24003060,401476,banned,0
n3b53e007141c14c5,rs16001255,rs24003060,401476,banned,0
nbdae44bad07d72a1,rs16001255,rs24003060,401476,banned,0
n420abf5240575cc8,rs16001255,rs24003060,401476,banned,0
n5565bbe577cca1d8,rs16001255,rs24003060,401476,banned,0
n76db1a66000b4ccb,rs16001255,rs24003060,401476,banned,0
na29ea237792efab5,rs16001255,rs24003060,401476,banned,0
na3ce6233cd3e2307,rs16001255,rs24003060,401476,banned,0
nfca636b3e9e5f56a,rs16001255,rs24003060,401476,banned,0
n837b497eb0ea368b,rs16000087,rs24000163,24940,banned,0
ncaf54ae2b44db048,rs16000169,rs24000560,14061,banned,0
nd97bb4938d48014d,rs16000186,rs24000668,401476,banned,0
nd1b26f393b87f4e9,rs16000186,rs24000668,401476,banned,0
n2fd22585e1cdaca1,rs16000186,rs24000668,401476,banned,0
n9555f0885585c314,rs16000186,rs24000668,401476,banned,0
nbc23e6bf6a345e30,rs16000186,rs24000668,401476,banned,0
nc4ddcc4456a2d553,rs16000186,rs24000668,401476,banned,0
n307478d480c1cb62,rs16000186,rs24000668,401476,banned,0
nb6c22edd2e9e2d8d,rs16000186,rs24000668,401476,banned,0
n708d6a0951ffccc8,rs16000186,rs24000668,401476,banned,0
nb5884efe0c40e60a,rs16000186,rs24000668,401476,banned,0
n57792f83dadb824b,rs16000186,rs24000668,401476,banned,0
n095c1d506620c924,rs16000186,rs24000668,401476,banned,0
n4457d93d65a03e6e,rs16000186,rs24000668,401476,banned,0
nd1931472914bd50c,rs16000186,rs24000668,401476,banned,0
n7cda63db0cf89500,rs16000186,rs24000668,401476,banned,0
ncb74df819d866731,rs16000186,rs24000668,401476,banned,0
nf52d1c34145c7ca3,rs16000186,rs24000668,401476,banned,0
n29743af8d20e886e,rs16000186,rs24000668,401476,banned,0
ncd50636a5834a754,rs16000186,rs24000668,401476,banned,0
n027b847bf45955f7,rs16000186,rs24000668,401476,banned,0
n4359f12a75170422,rs16000186,rs24000668,401476,banned,0
n1fbbea75edddbe4d,rs16000186,rs24000668,401476,banned,0
n3f9e3173fa04c299,rs16000186,rs24000668,401476,banned,0
na5586e18fd63e145,rs16000186,rs24000668,401476,banned,0
n063b220c250660f7,rs16000186,rs24000668,401476,banned,0
nc431c0000fe0490f,rs16000186,rs24000668,401476,banned,0
n28f1e85e6377ffad,rs16000186,rs24000668,401476,banned,0
nafd476a5c6b5fac9,rs16000186,rs24000668,401476,banned,0
ne3ba1e844507a2a2,rs16000186,rs24000668,401476,banned,0
n6f207bfab4c685f2,rs16000186,rs24000668,401476,banned,0
nbe4575b7a52aad16,rs16000186,rs24000668,401476,banned,0
n5f17aa02d95df4d9,rs16000186,rs24000668,401476,banned,0
n39028abe2cbb2524,rs16000186,rs24000668,401476,banned,0
n8c7b6ec0029c6b90,rs16000186,rs24000668,401476,banned,0
n4b179c352b6f85e8,rs16000186,rs24000668,401476,banned,0
nb36b0cb391b2718b,rs16000186,rs24000668,401476,banned,0
nfa4ff22ea133c621,rs16000186,rs24000668,401476,banned,0
n97117d1296dc27fc,rs16000186,rs24000668,401476,banned,0
n24bb92c3a69b4826,rs16000186,rs24000668,401476,banned,0
n608e8550f4c6af11,rs16000186,rs24000668,401476,banned,0
ne9d25edd0b270892,rs16000186,rs24000668,401476,banned,0
n788d31cc923e3a77,rs16000186,rs24000668,401476,banned,0
nf1e293d4f81990a9,rs16000186,rs24000668,401476,banned,0
nc721bb4a3d29011a,rs16000186,rs24000668,401476,banned,0
nc16ab7669ba8bae7,rs16000186,rs24000668,401476,banned,0
ndce3d045d656ca96,rs16000186,rs24000668,401476,banned,0
n955b223a584f9617,rs16000186,rs24000668,401476,banned,0
n3ff8cc7c43272eb9,rs16000186,rs24000668,401476,banned,0
n7dd668b3721d0844,rs16000186,rs24000668,401476,banned,0
nb0c84cd610e95466,rs16000186,rs24000668,401476,banned,0
n918d803368bafa1a,rs16000186,rs24000668,401476,banned,0
n4c062a463e11f441,rs16000186,rs24000668,401476,banned,0
n737d143764f6ff29,rs16000186,rs24000668,401476,banned,0
nc0f3f8c71807bbed,rs16000186,rs24000668,401476,banned,0
n58cecdb2d85f9457,rs16000186,rs24000668,401476,banned,0
n147e3073457ebfc8,rs16000186,rs24000668,401476,banned,0
n1787af311c55e094,rs16000186,rs24000668,401476,banned,0
nbd1c66556ab7ba8a,rs16000186,rs24000668,401476,banned,0
n523bbcb6fb9e09ae,rs16000186,rs24000668,401476,banned,0
na04a4045a52bba50,rs16000186,rs24000668,401476,banned,0
n9bfffd397bd9d414,rs16000186,rs24000668,401476,banned,0
ne03b3d52453bc3a8,rs16000186,rs24000668,401476,banned,0
n4f8ba3b7b4218c80,rs16000186,rs24000668,401476,banned,0
neabe7de37ae0b0ae,rs16000186,rs24000668,401476,banned,0
n980fb8d05c387b0a,rs16000186,rs24000668,401476,banned,0
n39ba3ed8ef050ecd,rs16000186,rs24000668,401476,banned,0
n9f2665fa6e8c0f88,rs16000186,rs24000668,401476,banned,0
nbbb87103e9fd468a,rs16000186,rs24000668,401476,banned,0
n797c88f930626dd5,rs16000186,rs24000668,401476,banned,0
n922ca8509df0690d,rs16000186,rs24000668,401476,banned,0
na898eb4d01279c27,rs16000186,rs24000668,401476,banned,0
ne8255eec85cda0dc,rs16000186,rs24000668,401476,banned,0
nc10fd6be7e478d34,rs16000186,rs24000668,401476,banned,0
n5c9c099d83241b79,rs16000186,rs24000668,401476,banned,0
n7e80816303393a5e,rs16000206,rs24000776,401476,banned,0
n3e84eee88b2437cd,rs16000206,rs24000776,401476,banned,0
ncd0522b83daf6cb4,rs16000206,rs24000776,401476,banned,0
nc1ab571f3339b74a,rs16000206,rs24000776,401476,banned,0
n44ef38c914526370,rs16000206,rs24000776,401476,banned,0
n80c4444559233d8c,rs16000206,rs24000776,401476,banned,0
nc431ba73466f1d8b,rs16000206,rs24000776,401476,banned,0
n07cdb3f963a44f85,rs16000206,rs24000776,401476,banned,0
nf64f51efc5c159bb,rs16000206,rs24000776,401476,banned,0
n891200dec10309f2,rs16000206,rs24000776,401476,banned,0
n83ab017e4c62f598,rs16000206,rs24000776,401476,banned,0
nea38dfbe5df2f7d1,rs16000206,rs24000776,401476,banned,0
n4bde6baf1e388bc3,rs16000206,rs24000776,401476,banned,0
n1d81cad88bdd48dd,rs16000206,rs24000776,401476,banned,0
n5096258170026374,rs16000206,rs24000776,401476,banned,0
nbb41759bfc28a91b,rs16000206,rs24000776,401476,banned,0
nab51c1c7e567c06b,rs16000206,rs24000776,401476,banned,0
n98cab0226ba52eb0,rs16000206,rs24000776,401476,banned,0
nbdb3e3a37fb9ac32,rs16000206,rs24000776,401476,banned,0
n81b108c7cee18265,rs16000206,rs24000776,401476,banned,0
n59c162808b7c1c8e,rs16000206,rs24000776,401476,banned,0
n0ffc840a258b0707,rs16000206,rs24000776,401476,banned,0
n6eb71946e4c8c4d9,rs16000206,rs24000776,401476,banned,0
nd1a92d4ebef4c6c4,rs16000206,rs24000776,401476,banned,0
n1a7f6c3fa0625103,rs16000206,rs24000776,401476,banned,0
n344cb1e5f5ddb589,rs16000206,rs24000776,401476,banned,0
n3a55decc05a19758,rs16000206,rs24000776,401476,banned,0
n3f5d4c0b2ab7e2f8,rs16000206,rs24000776,401476,banned,0
n44296d4e6b9edf9c,rs16000206,rs24000776,401476,banned,0
n73b5a6e16c085f0a,rs16000206,rs24000776,401476,banned,0
n8daddb6b7ddedfd6,rs16000206,rs24000776,401476,banned,0
n7b185939984188f7,rs16000206,rs24000776,401476,banned,0
n0b6485f03eef1ae9,rs16000206,rs24000776,401476,banned,0
n2847721b57c1c4b6,rs16000206,rs24000776,401476,banned,0
nf3ec711dae7bc43b,rs16000206,rs24000776,401476,banned,0
n3e4e6577acd1f833,rs16000206,rs24000776,401476,banned,0
ne3ee01efa5fc264d,rs16000206,rs24000776,401476,banned,0
nf83bf754f5e602f9,rs16000206,rs24000776,401476,banned,0
nae702fabfff32849,rs16000206,rs24000776,401476,banned,0
n3cc27fc09edb4e5a,rs16000206,rs24000776,401476,banned,0
ne46eeb43f246a972,rs16000206,rs24000776,401476,banned,0
n6959a28fcd7a3e76,rs16000206,rs24000776,401476,banned,0
nb2f48c2ae40bd942,rs16000206,rs24000776,401476,banned,0
n2ab3f3480fc48a05,rs16000206,rs24000776,401476,banned,0
n80f74ea64ffbb48d,rs16000206,rs24000776,401476,banned,0
n7b84d094daee2721,rs16000206,rs24000776,401476,banned,0
n305a683b254e05e3,rs16000206,rs24000776,401476,banned,0
n640fbf1b72d8141c,rs16000206,rs24000776,401476,banned,0
n85abcaf2e3d16586,rs16000206,rs24000776,401476,banned,0
nac173d04b8dbd80a,rs16000206,rs24000776,401476,banned,0
nb35192b1f4ef8f1a,rs16000206,rs24000776,401476,banned,0
nef8e7729a15c6f18,rs16000206,rs24000776,401476,banned,0
n6320f271415d42d6,rs16000206,rs24000776,401476,banned,0
n1431ca2430e48671,rs16000206,rs24000776,401476,banned,0
n610f952c49b21049,rs16000206,rs24000776,401476,banned,0
ne7af55bad471146e,rs16000206,rs24000776,401476,banned,0
naf6cd79e6fcc8477,rs16000206,rs24000776,401476,banned,0
n6bbac08c8e500cfd,rs16000225,rs24000871,14061,banned,0
n559afea138641086,rs16000226,rs24000878,24940,banned,0
n6a077b17dbc493c6,rs16000233,rs24000900,14061,banned,0
ndaa2185c6009c1ee,rs16000237,rs24000988,24940,banned,0
n0b7eeed015d41e8b,rs16000273,rs24001329,14061,banned,0
n9c81ad3a8e2b66a1,rs16000277,rs24001362,14061,banned,0
nb94de187aab20756,rs16000277,rs24001373,14061,banned,0
n359c6f0f798d032f,rs16000340,rs24001600,14061,banned,0
n195a10d723027852,rs16000340,rs24001609,14061,banned,0
nc03ca7d4672dd3fb,rs16000433,rs24001775,14061,banned,0
n3fb5261e3e4de518,rs16000438,rs24001813,24940,banned,0
nb36eb45844cf8db7,rs16000438,rs24001815,24940,banned,0
n505df4c1606044dc,rs16000438,rs24001818,24940,banned,0
na6107cd9b79a8b9f,rs16000478,rs24001872,401476,banned,0
n7d188e309cb65807,rs16000478,rs24001872,401476,banned,0
n47f5703236333414,rs16000478,rs24001872,401476,banned,0
ncc12209e05f0f408,rs16000478,rs24001872,401476,banned,0
n3c967c9eb51b3fd7,rs16000478,rs24001872,401476,banned,0
n1ee14eba17bab630,rs16000478,rs24001872,401476,banned,0
nd962fad892b20ef9,rs16000478,rs24001872,401476,banned,0
n4b6c8ef375fac145,rs16000478,rs24001872,401476,banned,0
n673e8cd1687848e9,rs16000478,rs24001872,401476,banned,0
n33a3b39762bcfc1c,rs16000478,rs24001872,401476,banned,0
n45c6c2a2246962ac,rs16000478,rs24001872,401476,banned,0
nadd3608d650e8a95,rs16000478,rs24001872,401476,banned,0
n0d81d364bcf3cb8a,rs16000478,rs24001872,401476,banned,0
nf36d9f04152915a0,rs16000478,rs24001872,401476,banned,0
n7cc1c8aa2f0d5f86,rs16000478,rs24001872,401476,banned,0
n6be960c6b60c519e,rs16000478,rs24001872,401476,banned,0
n8c3f29050bfaee5d,rs16000478,rs24001872,401476,banned,0
n753f6549ff9028ac,rs16000478,rs24001872,401476,banned,0
n2301497e7813419c,rs16000478,rs24001872,401476,banned,0
n2f5e0620fc9351f8,rs16000478,rs24001872,401476,banned,0
naa40f0b7e440159b,rs16000478,rs24001872,401476,banned,0
n4548115161508700,rs16000478,rs24001872,401476,banned,0
nceae2d81fc366d2d,rs16000478,rs24001872,401476,banned,0
ne2d2aa9f3403f7e5,rs16000478,rs24001872,401476,banned,0
nfd5e6e4cd4d2ea4e,rs16000478,rs24001872,401476,banned,0
nb4c0090f03d199b1,rs16000478,rs24001872,401476,banned,0
n813b1a03ade96136,rs16000478,rs24001872,401476,banned,0
nd4c59cc1df97883a,rs16000478,rs24001872,401476,banned,0
n56d4dcfc7307bf30,rs16000478,rs24001872,401476,banned,0
n10091cbc2c0bf630,rs16000478,rs24001872,401476,banned,0
n2e3b864e3b99113d,rs16000478,rs24001872,401476,banned,0
n86015e03269c9da7,rs16000478,rs24001872,401476,banned,0
necfba681749dc798,rs16000478,rs24001872,401476,banned,0
n8b92d6828e4bdf58,rs16000478,rs24001872,401476,banned,0
n80d3f8062dcd9a33,rs16000478,rs24001872,401476,banned,0
n488a74e877ed5076,rs16000478,rs24001872,401476,banned,0
n19b7e38fa85e9b0f,rs16000478,rs24001872,401476,banned,0
n4898a8bb464f0704,rs16000478,rs24001872,401476,banned,0
n3bbbb9f5813a7477,rs16000478,rs24001872,401476,banned,0
na1deceb8baf7522c,rs16000478,rs24001872,401476,banned,0
nba6e9a60bbd086b4,rs16000478,rs24001872,401476,banned,0
n359ef060a6222817,rs16000478,rs24001872,401476,banned,0
nd408365733b2a9e7,rs16000478,rs24001872,401476,banned,0
nfdf593c4fed98b88,rs16000478,rs24001872,401476,banned,0
n443c7200100de29f,rs16000478,rs24001872,401476,banned,0
na0fd0d74166af9ed,rs16000478,rs24001872,401476,banned,0
n2a5fe8ce84d9e27f,rs16000478,rs24001872,401476,banned,0
nc8b2b82c20414413,rs16000478,rs24001872,401476,banned,0
naf71332b99081277,rs16000478,rs24001872,401476,banned,0
nacbb2f0eed22b861,rs16000478,rs24001872,401476,banned,0
nff14f6e821b527a3,rs16000478,rs24001872,401476,banned,0
neb3eae628e3f3c89,rs16000478,rs24001872,401476,banned,0
nf6bf2e66051fd132,rs16000478,rs24001872,401476,banned,0
nea41d13da12d1793,rs16000478,rs24001872,401476,banned,0
n10430ca7403ea345,rs16000478,rs24001872,401476,banned,0
nccecc0a374883b38,rs16000478,rs24001872,401476,banned,0
nffcb42a9368107b2,rs16000478,rs24001872,401476,banned,0
ne82f45e4dd2106a2,rs16000567,rs24002010,14061,banned,0
nfc1abe4ab592439d,rs16000574,rs24002059,401476,banned,0
n1d32af827fe6260d,rs16000574,rs24002059,401476,banned,0
nb39a77a84bbe6964,rs16000574,rs24002059,401476,banned,0
n0e0a2a058bc15ff4,rs16000574,rs24002059,401476,banned,0
nfb9c94d8a00143c1,rs16000574,rs24002059,401476,banned,0
na5a70c5a5b1d3790,rs16000574,rs24002059,401476,banned,0
n147e773e9612d402,rs16000574,rs24002059,401476,banned,0
n5a35d58380c4e7a3,rs16000574,rs24002059,401476,banned,0
n7186cf69d155ad08,rs16000574,rs24002059,401476,banned,0
n0155be1567e56050,rs16000574,rs24002059,401476,banned,0
n953e3126b05c4534,rs16000574,rs24002059,401476,banned,0
n2844efbd4b281a38,rs16000574,rs24002059,401476,banned,0
n1599f86129973aae,rs16000574,rs24002059,401476,banned,0
n18122cc4d7d776ee,rs16000574,rs24002059,401476,banned,0
ndc4551c7ce967e5b,rs16000574,rs24002059,401476,banned,0
nc478a43051e99c67,rs16000574,rs24002059,401476,banned,0
n36d6182b2a3d5513,rs16000574,rs24002059,401476,banned,0
n08bd61e8cc78cbca,rs16000574,rs24002059,401476,banned,0
n0604f1604d271e36,rs16000574,rs24002059,401476,banned,0
n0602318328ca531f,rs16000574,rs24002059,401476,banned,0
n898a3bbdd6dd051d,rs16000574,rs24002059,401476,banned,0
nc49c37acf1a11e48,rs16000574,rs24002059,401476,banned,0
nc2669f031a66dea5,rs16000574,rs24002059,401476,banned,0
n512d512abde0166a,rs16000574,rs24002059,401476,banned,0
n1f8163ead1583b67,rs16000574,rs24002059,401476,banned,0
nc4674eca6ff70066,rs16000574,rs24002059,401476,banned,0
n53e6b36566af35b5,rs16000574,rs24002059,401476,banned,0
n5e3e79d959941e2f,rs16000574,rs24002059,401476,banned,0
n6f9db67ac10989bc,rs16000574,rs24002059,401476,banned,0
n7515d9eb8d038288,rs16000574,rs24002059,401476,banned,0
ne2e9111d9c360327,rs16000574,rs24002059,401476,banned,0
nedba2eeb5c795a2c,rs16000574,rs24002059,401476,banned,0
n53eb4b6f74088cd3,rs16000574,rs24002059,401476,banned,0
n6472ca542290e613,rs16000574,rs24002059,401476,banned,0
n34970dd76ba25856,rs16000574,rs24002059,401476,banned,0
nd50faa1ca23d1a7c,rs16000574,rs24002059,401476,banned,0
n63c9ad45d546d24f,rs16000574,rs24002059,401476,banned,0
n9fb7fa3b9f49dea1,rs16000574,rs24002059,401476,banned,0
n7983e55dd432896f,rs16000574,rs24002059,401476,banned,0
n2cd19cd490a8b161,rs16000574,rs24002059,401476,banned,0
nd5d4a94f03724011,rs16000574,rs24002059,401476,banned,0
n082ad58012da3263,rs16000574,rs24002059,401476,banned,0
n323184fe68f55067,rs16000574,rs24002059,401476,banned,0
n30c2889c691ce362,rs16000574,rs24002059,401476,banned,0
nf6e3278414211a0d,rs16000574,rs24002059,401476,banned,0
nf5dfb7e5fbcf3b0b,rs16000574,rs24002059,401476,banned,0
n87da22fe0905d3ca,rs16000574,rs24002059,401476,banned,0
nd39a6d22674d82d6,rs16000574,rs24002059,401476,banned,0
nddb69d53bdceb082,rs16000574,rs24002059,401476,banned,0
ncdc17fb07765a085,rs16000574,rs24002059,401476,banned,0
n0439661b17b689cc,rs16000574,rs24002059,401476,banned,0
n3f172331b95747f9,rs16000574,rs24002059,401476,banned,0
n0716a465f6ca9be8,rs16000574,rs24002059,401476,banned,0
n3f972e3011ac9008,rs16000574,rs24002059,401476,banned,0
n7573f2127041e1d3,rs16000574,rs24002059,401476,banned,0
n125170b1e3bf80d7,rs16000574,rs24002059,401476,banned,0
nc746588fa1af134c,rs16000574,rs24002059,401476,banned,0
na7e74b1b0316f49a,rs16000574,rs24002059,401476,banned,0
n26edde4fea786574,rs16000574,rs24002059,401476,banned,0
nec68f26e694f8ef0,rs16000574,rs24002059,401476,banned,0
nb73d21d33e9029ce,rs16000574,rs24002059,401476,banned,0
ndd920c6cbe53e02c,rs16000574,rs24002059,401476,banned,0
n0cc145ca84b7ebf6,rs16000574,rs24002059,401476,banned,0
n37a87a16b8c5ce74,rs16000574,rs24002059,401476,banned,0
n45db0ca9b50e6f01,rs16000639,rs24002135,24940,banned,0
n1d342d0631237f47,rs16000731,rs24002275,401476,banned,0
nebd086543ded3321,rs16000731,rs24002275,401476,banned,0
nc73a0979936babca,rs16000731,rs24002275,401476,banned,0
nd449f33ee926c9c8,rs16000731,rs24002275,401476,banned,0
n2f3f1a59b12abab6,rs16000731,rs24002275,401476,banned,0
na0bec31bd986e1b7,rs16000731,rs24002275,401476,banned,0
nc5f8099f877c720b,rs16000731,rs24002275,401476,banned,0
n321cedb5e6ed5dad,rs16000731,rs24002275,401476,banned,0
nfe00a6f9cb24d2a6,rs16000731,rs24002275,401476,banned,0
neb6e4643ee6a916b,rs16000731,rs24002275,401476,banned,0
n2c44eec3161e8488,rs16000731,rs24002275,401476,banned,0
nc94549952c615d1d,rs16000731,rs24002275,401476,banned,0
n8ef37c46e8b97377,rs16000731,rs24002275,401476,banned,0
n5408828981527a9c,rs16000731,rs24002275,401476,banned,0
nc3badd637d5912df,rs16000731,rs24002275,401476,banned,0
n719aa9df632b98ee,rs16000731,rs24002275,401476,banned,0
nba05af683eb83c8b,rs16000731,rs24002275,401476,banned,0
n4e45b81af9ccce8f,rs16000731,rs24002275,401476,banned,0
nca74151ef8c941fb,rs16000731,rs24002275,401476,banned,0
n8be0f9022a83cde0,rs16000731,rs24002275,401476,banned,0
n9fa71f3b5831a470,rs16000731,rs24002275,401476,banned,0
n2ba71c3df8c1fa05,rs16000731,rs24002275,401476,banned,0
n3fc3720ca99febc5,rs16000731,rs24002275,401476,banned,0
na106b1e76228cff9,rs16000731,rs24002275,401476,banned,0
n065c95aab213497e,rs16000731,rs24002275,401476,banned,0
n060fbb0da72acf0b,rs16000731,rs24002275,401476,banned,0
n72911fdd0d208809,rs16000731,rs24002275,401476,banned,0
n3add0f63a61d4d9f,rs16000731,rs24002275,401476,banned,0
n14cde7467021e611,rs16000731,rs24002275,401476,banned,0
ne3652c7a79da531f,rs16000731,rs24002275,401476,banned,0
nabbdd2ef380f69bb,rs16000731,rs24002275,401476,banned,0
ne441994ab24aca1e,rs16000731,rs24002275,401476,banned,0
n91756ed6c662eeb3,rs16000731,rs24002275,401476,banned,0
nd1d03a2c3c35546e,rs16000731,rs24002275,401476,banned,0
nf6e99b54bc924452,rs16000731,rs24002275,401476,banned,0
n9952b73729f3e713,rs16000731,rs24002275,401476,banned,0
n6ef8b2ae327c1d91,rs16000731,rs24002275,401476,banned,0
n43ea67ceba6bdb39,rs16000731,rs24002275,401476,banned,0
nbbe77e286807f9ac,rs16000731,rs24002275,401476,banned,0
nfad633baa2c6809f,rs16000731,rs24002275,401476,banned,0
n7443848061eecbdb,rs16000731,rs24002275,401476,banned,0
na0054029ea9b3d61,rs16000731,rs24002275,401476,banned,0
n7bc62827f5c75ca6,rs16000731,rs24002275,401476,banned,0
na213971a3487a27d,rs16000731,rs24002275,401476,banned,0
n3de82efdf4748f72,rs16000731,rs24002275,401476,banned,0
n37c88194286615ef,rs16000731,rs24002275,401476,banned,0
n1852df2532216d48,rs16000731,rs24002275,401476,banned,0
n88df97b808c6edc7,rs16000731,rs24002275,401476,banned,0
nd5a3994ee9586888,rs16000731,rs24002275,401476,banned,0
n3d336feb4fac3a99,rs16000731,rs24002275,401476,banned,0
n8c4f534d9a937714,rs16000731,rs24002275,401476,banned,0
n3a6e2449129909d6,rs16000731,rs24002275,401476,banned,0
n82723834c04a2bd3,rs16000731,rs24002275,401476,banned,0
nec757a2393bd615d,rs16000731,rs24002275,401476,banned,0
n7dfdcd3f0154452e,rs16000731,rs24002275,401476,banned,0
n26c6b945b98b92fa,rs16000731,rs24002275,401476,banned,0
n99c8b6fe42d79455,rs16000731,rs24002275,401476,banned,0
nefd1f5c53e74f256,rs16000731,rs24002275,401476,banned,0
n3e98af8d0f91a7eb,rs16000731,rs24002275,401476,banned,0
n2c490422b5fcf050,rs16000731,rs24002275,401476,banned,0
n3bbc0f12ad1a71c8,rs16000731,rs24002275,401476,banned,0
nf337779afb9e3bc3,rs16000731,rs24002275,401476,banned,0
n281f43c5af411b7d,rs16000731,rs24002275,401476,banned,0
n8c5c9fbecd932fc2,rs16000731,rs24002275,401476,banned,0
n8048cb6b3f4d31eb,rs16000731,rs24002275,401476,banned,0
n38d4ddda1919a930,rs16000731,rs24002275,401476,banned,0
nda4672b450f67f00,rs16000731,rs24002275,401476,banned,0
n1a0ebd4cb705a94d,rs16000783,rs24002380,24940,banned,0
nc6178f1141e08d3d,rs16000783,rs24002381,24940,banned,0
nb619c9675054a805,rs16000802,rs24002413,24940,banned,0
nc3e4f018b2bc2852,rs16000862,rs24002496,14061,banned,0
nb180ddf6189dc6cd,rs16001072,rs24002833,401476,banned,0
nc6e6196cd9969bf6,rs16001072,rs24002833,401476,banned,0
n3d6f661e4a209a48,rs16001072,rs24002833,401476,banned,0
nbd26ad2a7a510c89,rs16001072,rs24002833,401476,banned,0
ne1ac91cb6d0b48ea,rs16001072,rs24002833,401476,banned,0
n3a5d38f1866efcc5,rs16001072,rs24002833,401476,banned,0
n4acf962248977133,rs16001072,rs24002833,401476,banned,0
n311016a9a9aca3b4,rs16001072,rs24002833,401476,banned,0
nf33c9c1fe94753cc,rs16001072,rs24002833,401476,banned,0
ne9eb36d079c6cf39,rs16001072,rs24002833,401476,banned,0
n068c1778172ab156,rs16001072,rs24002833,401476,banned,0
n54e5aaf121ade3f4,rs16001072,rs24002833,401476,banned,0
n089b1156a9d4492d,rs16001072,rs24002833,401476,banned,0
nd535b74051c39783,rs16001072,rs24002833,401476,banned,0
n6c2aa3182aa7f37a,rs16001072,rs24002833,401476,banned,0
n8cd063cc8d97effe,rs16001072,rs24002833,401476,banned,0
n47c380c592c18cf4,rs16001072,rs24002833,401476,banned,0
ndae3bddbf90a265c,rs16001072,rs24002833,401476,banned,0
n13f0e104502d259e,rs16001072,rs24002833,401476,banned,0
n1ce42bfb5e3c1371,rs16001072,rs24002833,401476,banned,0
n69718f5b3b68cb61,rs16001072,rs24002833,401476,banned,0
naa942b66981471d2,rs16001072,rs24002833,401476,banned,0
n0378db23071be7a6,rs16001072,rs24002833,401476,banned,0
n708b04b97faafdf9,rs16001072,rs24002833,401476,banned,0
n5bbed5d11daa5c62,rs16001072,rs24002833,401476,banned,0
n998126735cecebc3,rs16001072,rs24002833,401476,banned,0
n68d592cb9d9c5436,rs16001072,rs24002833,401476,banned,0
n986a2cca2e69ba02,rs16001072,rs24002833,401476,banned,0
n1b5d263cb633b5f0,rs16001072,rs24002833,401476,banned,0
n62cdd5bf7a360f21,rs16001072,rs24002833,401476,banned,0
n94a7b72b8b2c9666,rs16001072,rs24002833,401476,banned,0
n2eace9b284c6bd56,rs16001072,rs24002833,401476,banned,0
ne2dacfc466f0b2f3,rs16001072,rs24002833,401476,banned,0
n890a82166f84cdcc,rs16001072,rs24002833,401476,banned,0
n910aad259619193f,rs16001072,rs24002833,401476,banned,0
ncbdbc916ff9af744,rs16001072,rs24002833,401476,banned,0
n4192d79a36cdff41,rs16001072,rs24002833,401476,banned,0
nf6e9d557d4b775af,rs16001072,rs24002833,401476,banned,0
nbda0edd2831332eb,rs16001072,rs24002833,401476,banned,0
n81d28eed495139b2,rs16001072,rs24002833,401476,banned,0
n7429f039ec56d31f,rs16001072,rs24002833,401476,banned,0
ne2e8b9d7b663cf8e,rs16001072,rs24002833,401476,banned,0
n9290f1c66db3daaf,rs16001072,rs24002833,401476,banned,0
n532c106d89faec8e,rs16001072,rs24002833,401476,banned,0
na671213443d9ac0d,rs16001072,rs24002833,401476,banned,0
n8406627291ab2068,rs16001072,rs24002833,401476,banned,0
ncb8b21ae00b3be96,rs16001072,rs24002833,401476,banned,0
n7367d7df2db3460c,rs16001072,rs24002833,401476,banned,0
n741ff1eaeeaea09f,rs16001072,rs24002833,401476,banned,0
n329e0aeac214097d,rs16001072,rs24002833,401476,banned,0
n5f56d0a711e9fda5,rs16001072,rs24002833,401476,banned,0
naaadd1d30a1c78d4,rs16001072,rs24002833,401476,banned,0
nf2b4f52958efb0d1,rs16001072,rs24002833,401476,banned,0
n522865a2407f9e0a,rs16001072,rs24002833,401476,banned,0
n9134a249052de286,rs16001072,rs24002833,401476,banned,0
n4220877bc5d6d23e,rs16001072,rs24002833,401476,banned,0
nb022c819528dfc96,rs16001072,rs24002833,401476,banned,0
n760968440092f0db,rs16001072,rs24002833,401476,banned,0
ne97007f38ac8fc84,rs16001072,rs24002833,401476,banned,0
nfb8914c4ba456ed6,rs16001072,rs24002833,401476,banned,0
nf47d70563506290f,rs16001072,rs24002833,401476,banned,0
n9970cce94636d030,rs16001231,rs24003032,401476,banned,0
nc433cefb5bdc3fd8,rs16001231,rs24003032,401476,banned,0
n7efc28f419643dff,rs16001231,rs24003032,401476,banned,0
n7c9d893140cc3d11,rs16001231,rs24003032,401476,banned,0
n852c91e80c6fcc03,rs16001231,rs24003032,401476,banned,0
n2e67639fd12998cc,rs16001231,rs24003032,401476,banned,0
n9c0f307f5b3a077f,rs16001231,rs24003032,401476,banned,0
n5db76515d3e16432,rs16001231,rs24003032,401476,banned,0
n920372d8cb711781,rs16001231,rs24003032,401476,banned,0
n15850f76e9ef76d3,rs16001231,rs24003032,401476,banned,0
n272d211961f6a8a1,rs16001231,rs24003032,401476,banned,0
n1d3507e3c8e6b643,rs16001231,rs24003032,401476,banned,0
nd8d2ad3eae00dcce,rs16001231,rs24003032,401476,banned,0
nd1375185bbd7b8cb,rs16001231,rs24003032,401476,banned,0
nee68ecb9c82df7df,rs16001231,rs24003032,401476,banned,0
n4eb62d5a51f7c14e,rs16001231,rs24003032,401476,banned,0
n4c213cba06abc27a,rs16001231,rs24003032,401476,banned,0
n7f39287e9394a919,rs16001231,rs24003032,401476,banned,0
n773b56631ed1527e,rs16001231,rs24003032,401476,banned,0
necf859afe8b1ca53,rs16001231,rs24003032,401476,banned,0
nb190b8d0da792c51,rs16001231,rs24003032,401476,banned,0
n7914963f0192fe6a,rs16001231,rs24003032,401476,banned,0
nf3fdcf6659399ec8,rs16001231,rs24003032,401476,banned,0
n3ce1faff3ec5fe89,rs16001231,rs24003032,401476,banned,0
nf4ea0ecd47da1a8d,rs16001231,rs24003032,401476,banned,0
n4674f5fe22bdee0a,rs16001231,rs24003032,401476,banned,0
nd6eaaa7953173f58,rs16001231,rs24003032,401476,banned,0
n0e8e0e5a3e12de34,rs16001231,rs24003032,401476,banned,0
n047bbe0437af9ffc,rs16001231,rs24003032,401476,banned,0
nf2ae0805c2316b37,rs16001231,rs24003032,401476,banned,0
nad8141cb94b0bcb8,rs16001231,rs24003032,401476,banned,0
n50e807daac50b928,rs16001231,rs24003032,401476,banned,0
n7e9dbbe0a3a17bfc,rs16001231,rs24003032,401476,banned,0
nfc63d4e7aa11520b,rs16001231,rs24003032,401476,banned,0
n8593b09b6bc28635,rs16001231,rs24003032,401476,banned,0
n529334244e3eb279,rs16001231,rs24003032,401476,banned,0
n661eb35fac8fd0a5,rs16001231,rs24003032,401476,banned,0
n60ae99be10bd0eab,rs16001231,rs24003032,401476,banned,0
n81028770afde770c,rs16001231,rs24003032,401476,banned,0
n93e044153ee4efb7,rs16001231,rs24003032,401476,banned,0
ndc790b2387fa48af,rs16001231,rs24003032,401476,banned,0
n2bee83f3c904dc97,rs16001231,rs24003032,401476,banned,0
nc13a56186922dfb4,rs16001231,rs24003032,401476,banned,0
n1b9396d29aef96dc,rs16001231,rs24003032,401476,banned,0
n3d24c75fd9ee0717,rs16001231,rs24003032,401476,banned,0
ned4a8fd10c761fa3,rs16001231,rs24003032,401476,banned,0
n9e274edcaef26d9a,rs16001231,rs24003032,401476,banned,0
nf55d4d801db7ee35,rs16001231,rs24003032,401476,banned,0
n8c2ed1ccc1fd9108,rs16001231,rs24003032,401476,banned,0
n5c7388986ffe4f37,rs16001231,rs24003032,401476,banned,0
n19b03be005fb282a,rs16001231,rs24003032,401476,banned,0
n1c121ffe66e849ba,rs16001231,rs24003032,401476,banned,0
n819db2c212206e3b,rs16001231,rs24003032,401476,banned,0
n8642563434f4a703,rs16001231,rs24003032,401476,banned,0
n78944b0455dae8b3,rs16001231,rs24003032,401476,banned,0
n6a33801937c6b87d,rs16001231,rs24003032,401476,banned,0
n4d1364993c9b8444,rs16001231,rs24003032,401476,banned,0
ndd7563bd979da069,rs16001231,rs24003032,401476,banned,0
nc837ff4aa8af1ed9,rs16001231,rs24003032,401476,banned,0
na50b3bcb8e693bc4,rs16001231,rs24003032,401476,banned,0
n5e4fb2e355344e56,rs16001231,rs24003032,401476,banned,0
n8d1ff38237622d2e,rs16001231,rs24003032,401476,banned,0
neb51bfdfcf160c8b,rs16001231,rs24003032,401476,banned,0
ne2b847b17d746979,rs16001231,rs24003032,401476,banned,0
n9c836c5696d7d297,rs16001231,rs24003032,401476,banned,0
n8c989093489169af,rs16001231,rs24003032,401476,banned,0
nda94da9a686ebeba,rs16001231,rs24003032,401476,banned,0
n5bd96104d5242538,rs16001231,rs24003032,401476,banned,0
n0519189378890ef7,rs16001231,rs24003032,401476,banned,0
ndacf301bdecf13ce,rs16001231,rs24003032,401476,banned,0
na000dbc2e5242fbd,rs16001231,rs24003032,401476,banned,0
n15d76aeb1846a86a,rs16001231,rs24003032,401476,banned,0
n4ddfed4ea34d3796,rs16001255,rs24003060,401476,banned,0
n4f9c43a5ac06f253,rs16001255,rs24003060,401476,banned,0
n44c35efc3231c562,rs16001255,rs24003060,401476,banned,0
nf853713a92413bd6,rs16001255,rs24003060,401476,banned,0
n1e6238b44d9fa7b8,rs16001255,rs24003060,401476,banned,0
n3b53137aada07843,rs16001255,rs24003060,401476,banned,0
nb68fb2e4f45a63d3,rs16001255,rs24003060,401476,banned,0
ne17e707e059de23d,rs16001255,rs24003060,401476,banned,0
n49e23e4b4f17de72,rs16001255,rs24003060,401476,banned,0
n20702ac94b8d19fe,rs16001255,rs24003060,401476,banned,0
nd5f6054d2973e903,rs16001255,rs24003060,401476,banned,0
n8199f86864998183,rs16001255,rs24003060,401476,banned,0
nec5b341e4630f212,rs16001255,rs24003060,401476,banned,0
n688a215a916c66b2,rs16001255,rs24003060,401476,banned,0
nf24b46688e0589cd,rs16001255,rs24003060,401476,banned,0
nf406499c16b63121,rs16001255,rs24003060,401476,banned,0
n759209cb048bd5af,rs16001255,rs24003060,401476,banned,0
nad7c994f5267b449,rs16001255,rs24003060,401476,banned,0
nf12bbfc60d1a11d0,rs16001255,rs24003060,401476,banned,0
n9a0498474a099519,rs16001255,rs24003060,401476,banned,0
nedd261695f631a18,rs16001255,rs24003060,401476,banned,0
n18e18347833277c0,rs16001255,rs24003060,401476,banned,0
n940c5ef08442869c,rs16001255,rs24003060,401476,banned,0
n25d82e854b5e29c7,rs16001255,rs24003060,401476,banned,0
nad0f09c3d892a8c6,rs16001255,rs24003060,401476,banned,0
ncc2c98f96a7268e8,rs16001255,rs24003060,401476,banned,0
n2fddaaec0b6d36b4,rs16001255,rs24003060,401476,banned,0
n71d5f1c4a429b6b3,rs16001255,rs24003060,401476,banned,0
n7c10fb088018661c,rs16001255,rs24003060,401476,banned,0
nf3d2ddf907beccd1,rs16001255,rs24003060,401476,banned,0
n7ec66b86607721b8,rs16001255,rs24003060,401476,banned,0
nc9a4dfa6997e35c6,rs16001255,rs24003060,401476,banned,0
n65cab0c7ff8c179f,rs16001255,rs24003060,401476,banned,0
n846b856790ec384f,rs16001255,rs24003060,401476,banned,0
na2dc40cd47f32d34,rs16001255,rs24003060,401476,banned,0
nd2cad58794a62ff9,rs16001255,rs24003060,401476,banned,0
n0ac0e56257f30ffb,rs16001255,rs24003060,401476,banned,0
n93933d12624fb0e1,rs16001255,rs24003060,401476,banned,0
n8df5db7cbe5d8786,rs16001255,rs24003060,401476,banned,0
n7f9721d452c9e6b7,rs16001255,rs24003060,401476,banned,0
n751a313f9c42e3be,rs16001255,rs24003060,401476,banned,0
n1b0a54964284feae,rs16001255,rs24003060,401476,banned,0
n6704350b22069dee,rs16001255,rs24003060,401476,banned,0
n56417e161fa688bd,rs16001255,rs24003060,401476,banned,0
n5f06fa501b742911,rs16001255,rs24003060,401476,banned,0
ncf01134502f264ee,rs16001255,rs24003060,401476,banned,0
nc6aa88c48c5d7ce8,rs16001255,rs24003060,401476,banned,0
n02167499984249cb,rs16001255,rs24003060,401476,banned,0
ncfa0fcc9377987f8,rs16001255,rs24003060,401476,banned,0
n901880b82f2e79d6,rs16001255,rs24003060,401476,banned,0
ncc4a52a7ce8ec815,rs16001255,rs24003060,401476,banned,0
ne5766d4ac9855fff,rs16001255,rs24003060,401476,banned,0
n6f42fece1bb7c098,rs16001255,rs24003060,401476,banned,0
n1dfb42a2810c48c2,rs16001255,rs24003060,401476,banned,0
ne93cdf7a0cafa1f7,rs16001255,rs24003060,401476,banned,0
n1843cb0a48238c2d,rs16001255,rs24003060,401476,banned,0
n2a27d7d49d7981dd,rs16001255,rs24003060,401476,banned,0
ncde1a34bfe7e8d88,rs16001255,rs24003060,401476,banned,0
nc72b87abfb076c3c,rs16001255,rs24003060,401476,banned,0
nb503e388a18ef3bb,rs16001255,rs24003060,401476,banned,0
n6076fa3491950dd6,rs16001255,rs24003060,401476,banned,0
nb0b9b7527895ed6e,rs16001255,rs24003060,401476,banned,0
n68fc12202b5171f3,rs16000186,rs24000668,401476,banned,0
n6b11d6bb1cf66296,rs16000186,rs24000668,401476,banned,0
n875788fa2c23ee8b,rs16000186,rs24000668,401476,banned,0
n217e4f327ac20d3e,rs16000186,rs24000668,401476,banned,0
n8e96e8f6fd521513,rs16000186,rs24000668,401476,banned,0
ndb8f4b7092e2380c,rs16000186,rs24000668,401476,banned,0
nbddcec71ace38e30,rs16000186,rs24000668,401476,banned,0
n45c0acd269dfdc57,rs16000186,rs24000668,401476,banned,0
n206f533efc997b01,rs16000186,rs24000668,401476,banned,0
n6ec092ef4c5fe666,rs16000186,rs24000668,401476,banned,0
n36871edf58bf3be4,rs16000186,rs24000668,401476,banned,0
n45d9740ef622cd7d,rs16000186,rs24000668,401476,banned,0
ne6e22b29ed79b99d,rs16000186,rs24000668,401476,banned,0
nd71ac9f7faac571f,rs16000186,rs24000668,401476,banned,0
na1300b4489725d0d,rs16000186,rs24000668,401476,banned,0
n57bf3a68555b90cd,rs16000186,rs24000668,401476,banned,0
ne63ef049252b7009,rs16000186,rs24000668,401476,banned,0
nc8a12f46f5b0c9ae,rs16000186,rs24000668,401476,banned,0
n6c1b5281c563c3db,rs16000186,rs24000668,401476,banned,0
n19b50bcc3fa2e715,rs16000186,rs24000668,401476,banned,0
n78ea179def7289d9,rs16000186,rs24000668,401476,banned,0
nf99f58258b193c66,rs16000186,rs24000668,401476,banned,0
ne0d75702a36879f3,rs16000186,rs24000668,401476,banned,0
ncf245aef146ac9f3,rs16000186,rs24000668,401476,banned,0
n480bc952d00c2c79,rs16000186,rs24000668,401476,banned,0
n68f39ececdf877b5,rs16000186,rs24000668,401476,banned,0
na02dae5a0a2edf46,rs16000186,rs24000668,401476,banned,0
n63fe0dbf10465ed9,rs16000186,rs24000668,401476,banned,0
n595620533bd4f9dd,rs16000186,rs24000668,401476,banned,0
nfc9dafc4f294fdd4,rs16000186,rs24000668,401476,banned,0
n1d4039749721e527,rs16000186,rs24000668,401476,banned,0
ne22a1670ee35ca5a,rs16000186,rs24000668,401476,banned,0
nffbf96765c68361f,rs16000186,rs24000668,401476,banned,0
nb72554c37eea2c3a,rs16000186,rs24000668,401476,banned,0
na6acce65ce58ae11,rs16000186,rs24000668,401476,banned,0
nf72623341ffef966,rs16000186,rs24000668,401476,banned,0
n9b50a2572553a2c9,rs16000186,rs24000668,401476,banned,0
n90dc72b295a6413d,rs16000186,rs24000668,401476,banned,0
ncd9b7f6f51465453,rs16000186,rs24000668,401476,banned,0
naec7232098b9c3b6,rs16000186,rs24000668,401476,banned,0
nbfabcaa73e81abfa,rs16000186,rs24000668,401476,banned,0
n3afa9580f16265a6,rs16000186,rs24000668,401476,banned,0
n2d4ae2b5e8958c13,rs16000186,rs24000668,401476,banned,0
n9f9a65e8c29e938c,rs16000186,rs24000668,401476,banned,0
n1af5636055c9ff83,rs16000186,rs24000668,401476,banned,0
nd28e2e7eab2341b5,rs16000186,rs24000668,401476,banned,0
n76640dcaf551664a,rs16000186,rs24000668,401476,banned,0
ne6be40fd6ecb8658,rs16000186,rs24000668,401476,banned,0
nc64701f42e6e80e9,rs16000186,rs24000668,401476,banned,0
nb6be895896bcbf19,rs16000186,rs24000668,401476,banned,0
n2137fb2931da2f08,rs16000186,rs24000668,401476,banned,0
n874c46c418be596a,rs16000186,rs24000668,401476,banned,0
nd33a9a20d5b3c2fb,rs16000186,rs24000668,401476,banned,0
naf9eec09cbad59f9,rs16000186,rs24000668,401476,banned,0
nffdc21a8cd296408,rs16000186,rs24000668,401476,banned,0
n344f688b66093c99,rs16000186,rs24000668,401476,banned,0
n04b216a61ce9010d,rs16000186,rs24000668,401476,banned,0
nb6c8c8e9a750e5dd,rs16000186,rs24000668,401476,banned,0
n0f9f455b50d836b5,rs16000186,rs24000668,401476,banned,0
n7c61960d3210d10d,rs16000186,rs24000668,401476,banned,0
n26ad4e9f48102bd5,rs16000187,rs24000689,14061,banned,0
n72dd55b151b0306f,rs16000206,rs24000776,401476,banned,0
n9795c717eea89e61,rs16000206,rs24000776,401476,banned,0
n87baa49ed55809be,rs16000206,rs24000776,401476,banned,0
nd31265c2a9eeb85b,rs16000206,rs24000776,401476,banned,0
n0c663ef87a57b468,rs16000206,rs24000776,401476,banned,0
na694ac2b7e0644d1,rs16000206,rs24000776,401476,banned,0
n6cbd8a307cbdffd0,rs16000206,rs24000776,401476,banned,0
n483e9d379668fe02,rs16000206,rs24000776,401476,banned,0
n12ac25b72e9f3ea0,rs16000206,rs24000776,401476,banned,0
n2c5104a8f2ade6d0,rs16000206,rs24000776,401476,banned,0
nc6ec318aac0d8b5e,rs16000206,rs24000776,401476,banned,0
nd132c3f4b947d47f,rs16000206,rs24000776,401476,banned,0
nb46a63d6778bcca2,rs16000206,rs24000776,401476,banned,0
n5aa86ed7e4667d7e,rs16000206,rs24000776,401476,banned,0
n6b62a5c55ea79aba,rs16000206,rs24000776,401476,banned,0
ned1e3f446585171c,rs16000206,rs24000776,401476,banned,0
ndd140b04c64e0f5a,rs16000206,rs24000776,401476,banned,0
n752ff8ecab648603,rs16000206,rs24000776,401476,banned,0
n1c3a20475d6793a2,rs16000206,rs24000776,401476,banned,0
nc2b5762d41560d96,rs16000206,rs24000776,401476,banned,0
ndb27083588bebff1,rs16000206,rs24000776,401476,banned,0
n5e580ba7db74990e,rs16000206,rs24000776,401476,banned,0
n8d94045d570135a4,rs16000206,rs24000776,401476,banned,0
na62a8a2e025f4a66,rs16000206,rs24000776,401476,banned,0
n4de829be5630e6f2,rs16000206,rs24000776,401476,banned,0
n8686000f390ea320,rs16000206,rs24000776,401476,banned,0
nb3642fa2c2f82018,rs16000206,rs24000776,401476,banned,0
n8f427e1a9148ad99,rs16000206,rs24000776,401476,banned,0
n106304a36a3f341f,rs16000206,rs24000776,401476,banned,0
na444f3a854404900,rs16000206,rs24000776,401476,banned,0
nb2ca6436fb6192e4,rs16000206,rs24000776,401476,banned,0
n2b12dcd9131a5b65,rs16000206,rs24000776,401476,banned,0
n63330a877d11de83,rs16000206,rs24000776,401476,banned,0
n1a57453cdd6cc5d9,rs16000206,rs24000776,401476,banned,0
n96f14a4f43545a0c,rs16000206,rs24000776,401476,banned,0
ncfb6af0832628f5e,rs16000206,rs24000776,401476,banned,0
n33b76ff38ca579ae,rs16000206,rs24000776,401476,banned,0
n129041006a4334d3,rs16000206,rs24000776,401476,banned,0
n7785fc6efdd34b93,rs16000206,rs24000776,401476,banned,0
n34eca45d69464f67,rs16000206,rs24000776,401476,banned,0
n24343cf8f0fbba80,rs16000206,rs24000776,401476,banned,0
n6107919f6fdee95c,rs16000206,rs24000776,401476,banned,0
n6940d22b4b8ee0bf,rs16000206,rs24000776,401476,banned,0
n5223365bcf6f9324,rs16000206,rs24000776,401476,banned,0
n1c42a10072c3e4fa,rs16000206,rs24000776,401476,banned,0
n3b5d409c32c2447f,rs16000206,rs24000776,401476,banned,0
naf244ec9b34f2004,rs16000206,rs24000776,401476,banned,0
n8860e5a781c851ca,rs16000206,rs24000776,401476,banned,0
nec3b3d54ead5e2cc,rs16000206,rs24000776,401476,banned,0
n1ecc16140fa5dfe5,rs16000206,rs24000776,401476,banned,0
n15a70ac61394aa63,rs16000206,rs24000776,401476,banned,0
n25d6922794ae3981,rs16000206,rs24000776,401476,banned,0
n26265205e8b514be,rs16000206,rs24000776,401476,banned,0
n227416f696f08b1c,rs16000206,rs24000776,401476,banned,0
n64318326dba96b10,rs16000206,rs24000776,401476,banned,0
n73893a743b4ce951,rs16000206,rs24000776,401476,banned,0
n35e9fe053e700c6c,rs16000206,rs24000776,401476,banned,0
n02f532ae85521c0b,rs16000206,rs24000776,401476,banned,0
n2f219f921a4267bc,rs16000206,rs24000776,401476,banned,0
n8896540af59d23ee,rs16000206,rs24000776,401476,banned,0
n9b6a38bca3383fd6,rs16000206,rs24000776,401476,banned,0
n8db65f768a41f662,rs16000206,rs24000776,401476,banned,0
n63a3ea2849642b7e,rs16000206,rs24000776,401476,banned,0
ne30503f045c236d1,rs16000206,rs24000776,401476,banned,0
n0c550c093c05e8d8,rs16000206,rs24000776,401476,banned,0
ne951df5c32e24024,rs16000206,rs24000776,401476,banned,0
nd4416a3704fd0a1c,rs16000206,rs24000776,401476,banned,0
n57dbf60e4b46e95f,rs16000206,rs24000776,401476,banned,0
n1d908c3dd11cafe5,rs16000206,rs24000776,401476,banned,0
n327431f982649296,rs16000206,rs24000776,401476,banned,0
n721889982c07baac,rs16000206,rs24000776,401476,banned,0
n0688df27c4a851e6,rs16000206,rs24000776,401476,banned,0
n5338924288db7ebf,rs16000236,rs24000981,14061,banned,0
n08e55c979967add6,rs16000242,rs24001029,14061,banned,0
nfd6a1e97ee345726,rs16000273,rs24001340,14061,banned,0
n4acc03147a4c5818,rs16000274,rs24001343,24940,banned,0
n4f5d2523e52eeda2,rs16000280,rs24001420,14061,banned,0
nb09c11661361294d,rs16000478,rs24001872,401476,banned,0
ncf86f02f8190c36b,rs16000478,rs24001872,401476,banned,0
n096e9b43e721faee,rs16000478,rs24001872,401476,banned,0
n31b786622c47a48e,rs16000478,rs24001872,401476,banned,0
n3ee52bfc03fc3059,rs16000478,rs24001872,401476,banned,0
n361cc8b982677989,rs16000478,rs24001872,401476,banned,0
n1be14fcf3f3db43f,rs16000478,rs24001872,401476,banned,0
nc2e40e40f6de232e,rs16000478,rs24001872,401476,banned,0
ne775bf9724d7a470,rs16000478,rs24001872,401476,banned,0
n2de7bfb575e51693,rs16000478,rs24001872,401476,banned,0
n27e5531f89f8d29f,rs16000478,rs24001872,401476,banned,0
nea0ee34eebd78508,rs16000478,rs24001872,401476,banned,0
n452101a130edf5f8,rs16000478,rs24001872,401476,banned,0
n7a80fe5b13e13ef7,rs16000478,rs24001872,401476,banned,0
ncda99622f5e21147,rs16000478,rs24001872,401476,banned,0
ndef4bb3de1a906ec,rs16000478,rs24001872,401476,banned,0
n19a62f35c523cfc8,rs16000478,rs24001872,401476,banned,0
n96b65fcb9ed99174,rs16000478,rs24001872,401476,banned,0
n19c747fd6b5223f2,rs16000478,rs24001872,401476,banned,0
nff9405870e026e45,rs16000478,rs24001872,401476,banned,0
nd0eebd2981ff66da,rs16000478,rs24001872,401476,banned,0
n66e0fed99d9ccd81,rs16000478,rs24001872,401476,banned,0
n8a58c77d57a317d0,rs16000478,rs24001872,401476,banned,0
n6c35fdfc51991483,rs16000478,rs24001872,401476,banned,0
n0a5bebd22a28b575,rs16000478,rs24001872,401476,banned,0
n6711d38beac637b6,rs16000478,rs24001872,401476,banned,0
ndcdd8f39e18303b3,rs16000478,rs24001872,401476,banned,0
n0cef360a53883aa6,rs16000478,rs24001872,401476,banned,0
n6731a32957d2c746,rs16000478,rs24001872,401476,banned,0
ne41664a474f0aac3,rs16000478,rs24001872,401476,banned,0
n74ee2d410daf2c72,rs16000478,rs24001872,401476,banned,0
n6d5b027aefdde522,rs16000478,rs24001872,401476,banned,0
n6809a4fd2ff7753e,rs16000478,rs24001872,401476,banned,0
n0eed44c1448410ae,rs16000478,rs24001872,401476,banned,0
n03875f4e5e9a9060,rs16000478,rs24001872,401476,banned,0
ne1cccc0d1ac94c0b,rs16000478,rs24001872,401476,banned,0
na7fd661b21e0d420,rs16000478,rs24001872,401476,banned,0
n2aba2056639c2c4a,rs16000478,rs24001872,401476,banned,0
n5bbeb63d0d48dfaf,rs16000478,rs24001872,401476,banned,0
nb37cbd8c5afc6d97,rs16000478,rs24001872,401476,banned,0
n58a76cb3585132ff,rs16000478,rs24001872,401476,banned,0
nc8449d3992cf218d,rs16000478,rs24001872,401476,banned,0
n320565d53c5345e5,rs16000478,rs24001872,401476,banned,0
nd9ffe2a043e7b65c,rs16000478,rs24001872,401476,banned,0
n18e268ff51d9961b,rs16000478,rs24001872,401476,banned,0
n3b42cc19c2574725,rs16000478,rs24001872,401476,banned,0
ndab66a0cc6279a1d,rs16000478,rs24001872,401476,banned,0
nf4b0c3dc797c4fc6,rs16000478,rs24001872,401476,banned,0
nd9fcb5bc42ea6d01,rs16000478,rs24001872,401476,banned,0
ncca7400b36d44871,rs16000478,rs24001872,401476,banned,0
n4566ee198ce4c0e4,rs16000478,rs24001872,401476,banned,0
n27b13c135e03094a,rs16000478,rs24001872,401476,banned,0
n33fe821aff2e9840,rs16000478,rs24001872,401476,banned,0
ndf30a5ce2aeb0c2a,rs16000478,rs24001872,401476,banned,0
nd5ed353c1a85e0d5,rs16000478,rs24001872,401476,banned,0
n9962cdf332d6fd2b,rs16000478,rs24001872,401476,banned,0
na61766bb3ac74b33,rs16000478,rs24001872,401476,banned,0
n21e71b05a7c20b48,rs16000574,rs24002059,401476,banned,0
n7bcecf1867fac5e3,rs16000574,rs24002059,401476,banned,0
n06edbfbf9cdaeb5e,rs16000574,rs24002059,401476,banned,0
na4fae058701366ca,rs16000574,rs24002059,401476,banned,0
nc39c5e4bbefd33d6,rs16000574,rs24002059,401476,banned,0
n13847e9fc9ec9a34,rs16000574,rs24002059,401476,banned,0
n199be525530dcdac,rs16000574,rs24002059,401476,banned,0
nd1df6c90d76a43de,rs16000574,rs24002059,401476,banned,0
n2cffc65126f1d85e,rs16000574,rs24002059,401476,banned,0
n5bffdc9043035626,rs16000574,rs24002059,401476,banned,0
n706ecadffbb51506,rs16000574,rs24002059,401476,banned,0
n5edc727306ea20e5,rs16000574,rs24002059,401476,banned,0
n9071dd38a954bdcd,rs16000574,rs24002059,401476,banned,0
n1ebecb77308ef3d1,rs16000574,rs24002059,401476,banned,0
n7c9aa804d7919c18,rs16000574,rs24002059,401476,banned,0
n3ca8857a9ac6c1fd,rs16000574,rs24002059,401476,banned,0
n3710586cbfa8f0f8,rs16000574,rs24002059,401476,banned,0
n2e12e555559f54be,rs16000574,rs24002059,401476,banned,0
n91facd92e2679ac6,rs16000574,rs24002059,401476,banned,0
n4b3613686a0d0dac,rs16000574,rs24002059,401476,banned,0
na60c3f6c7c228c07,rs16000574,rs24002059,401476,banned,0
nc6a5259203b5c67e,rs16000574,rs24002059,401476,banned,0
nb312fb61a647ae05,rs16000574,rs24002059,401476,banned,0
n75522fbc1e5cd77e,rs16000574,rs24002059,401476,banned,0
n502e25fe71906aa0,rs16000574,rs24002059,401476,banned,0
n05b3d66a416130f3,rs16000574,rs24002059,401476,banned,0
n7de1a7d6490621d7,rs16000574,rs24002059,401476,banned,0
nca06a2cafe6f3041,rs16000574,rs24002059,401476,banned,0
n9e44a41f6bf2a60d,rs16000574,rs24002059,401476,banned,0
n8ba3608dce783e14,rs16000574,rs24002059,401476,banned,0
n5aebcadb1e8bc28e,rs16000574,rs24002059,401476,banned,0
n90c71abc0e19bcf5,rs16000574,rs24002059,401476,banned,0
n8bd698261ce251e2,rs16000574,rs24002059,401476,banned,0
n1a98357e17a42ee0,rs16000574,rs24002059,401476,banned,0
n181c71ea4207f10a,rs16000574,rs24002059,401476,banned,0
nfd0eb25f31d624b0,rs16000574,rs24002059,401476,banned,0
n4c006c544b1ca01e,rs16000574,rs24002059,401476,banned,0
n4fcf4a7dba32e97a,rs16000574,rs24002059,401476,banned,0
n3b558cd46e924889,rs16000574,rs24002059,401476,banned,0
n92394a8338ec352f,rs16000574,rs24002059,401476,banned,0
n260dcb989ea718f8,rs16000574,rs24002059,401476,banned,0
n97761e7ddb204cc3,rs16000574,rs24002059,401476,banned,0
ncdbbde767cd6321c,rs16000574,rs24002059,401476,banned,0
nab47090e579105f0,rs16000574,rs24002059,401476,banned,0
n91636fd40b9a44ef,rs16000574,rs24002059,401476,banned,0
nc25a6a0b41201e67,rs16000574,rs24002059,401476,banned,0
nec51c96c75082253,rs16000574,rs24002059,401476,banned,0
n8ed6dc9711c9e842,rs16000574,rs24002059,401476,banned,0
n6a3a79367ca38f38,rs16000731,rs24002275,401476,banned,0
na92891ce06a92a0b,rs16000731,rs24002275,401476,banned,0
n734cc3d1cf257bfd,rs16000731,rs24002275,401476,banned,0
n17f3c09d8e735faf,rs16000731,rs24002275,401476,banned,0
ncd0bc1aee2d90082,rs16000731,rs24002275,401476,banned,0
n438a81afc9f4bc9d,rs16000731,rs24002275,401476,banned,0
nb0f714984ad5be71,rs16000731,rs24002275,401476,banned,0
nb72db939a184542b,rs16000731,rs24002275,401476,banned,0
nfaace465e2e8b92e,rs16000731,rs24002275,401476,banned,0
ncc1fe1b701833390,rs16000731,rs24002275,401476,banned,0
n6016da274609aa06,rs16000731,rs24002275,401476,banned,0
n19b1ecbd824741c2,rs16000731,rs24002275,401476,banned,0
n5621266c4bb87470,rs16000731,rs24002275,401476,banned,0
ncd571b932cad2c1b,rs16000731,rs24002275,401476,banned,0
nb9d4b549ed01df0a,rs16000731,rs24002275,401476,banned,0
nb2c5824a8693823c,rs16000731,rs24002275,401476,banned,0
n95630a273c548d1c,rs16000731,rs24002275,401476,banned,0
n7b3deee093199575,rs16000731,rs24002275,401476,banned,0
n1eb677a455a45f5d,rs16000731,rs24002275,401476,banned,0
n215989d8e93357ae,rs16000731,rs24002275,401476,banned,0
ne9e3b4664240a02c,rs16000731,rs24002275,401476,banned,0
n60660d806f1ee3a4,rs16000731,rs24002275,401476,banned,0
n2b8d54377f6e130b,rs16000731,rs24002275,401476,banned,0
na1056e4cada10655,rs16000731,rs24002275,401476,banned,0
n60c0a7d21f04d31f,rs16000731,rs24002275,401476,banned,0
n812fa99b64c446f4,rs16000731,rs24002275,401476,banned,0
n6178aa2d40ab2dca,rs16000731,rs24002275,401476,banned,0
nd4a1fc2633d6d1c2,rs16000731,rs24002275,401476,banned,0
n110ddf3f35172e00,rs16000731,rs24002275,401476,banned,0
n21ef5446c64f327c,rs16000731,rs24002275,401476,banned,0
ndf7703fe3f9d0eac,rs16000731,rs24002275,401476,banned,0
n7aec937d8530b6af,rs16000731,rs24002275,401476,banned,0
n4ce8e58416950630,rs16000731,rs24002275,401476,banned,0
nbfb43cb7f40876d2,rs16000731,rs24002275,401476,banned,0
n862203a825bbbc96,rs16000731,rs24002275,401476,banned,0
n701abafec5e1e559,rs16000731,rs24002275,401476,banned,0
n4c7eedf02c3aa9e4,rs16000731,rs24002275,401476,banned,0
ne338e11475896d9b,rs16000731,rs24002275,401476,banned,0
n65834c05049f856c,rs16000731,rs24002275,401476,banned,0
nc4b9a14eab5a7463,rs16000731,rs24002275,401476,banned,0
nd0c6f0abb460a8f2,rs16000731,rs24002275,401476,banned,0
n32d86b2318553962,rs16000731,rs24002275,401476,banned,0
n250d5521008a055e,rs16000731,rs24002275,401476,banned,0
n6d6fb5e89c773560,rs16000731,rs24002275,401476,banned,0
n286902afb21788a7,rs16000731,rs24002275,401476,banned,0
n5b1fdd5af91a9630,rs16000731,rs24002275,401476,banned,0
nd1b34e6628ab9d79,rs16000731,rs24002275,401476,banned,0
n7fc90905ca509c63,rs16000731,rs24002275,401476,banned,0
nf3efd1e4d99a578e,rs16000731,rs24002275,401476,banned,0
n47474636560e9f3f,rs16000731,rs24002275,401476,banned,0
n30f528911635ef61,rs16000731,rs24002275,401476,banned,0
nf135fc6a64e9bea4,rs16000731,rs24002275,401476,banned,0
n7c594f5e3dd9f524,rs16000731,rs24002275,401476,banned,0
n22da08f986f2490f,rs16000731,rs24002275,401476,banned,0
n07dd8d37a7aed459,rs16000731,rs24002275,401476,banned,0
ndd322d441c7c1e42,rs16000731,rs24002275,401476,banned,0
n3b03a6c253634c00,rs16000731,rs24002275,401476,banned,0
nc0fbd5109e258c65,rs16000731,rs24002275,401476,banned,0
n4882dbdea3a704e6,rs16000783,rs24002376,24940,banned,0
nfda472faf0fad02e,rs16000783,rs24002377,24940,banned,0
ne322f02b0cda8150,rs16000783,rs24002382,24940,banned,0
n23717401a1b12bc7,rs16001072,rs24002833,401476,banned,0
n11ff099aadbce8a9,rs16001072,rs24002833,401476,banned,0
nf64e41ffe31dbed1,rs16001072,rs24002833,401476,banned,0
n33a464b53d2516a4,rs16001072,rs24002833,401476,banned,0
nb6acc406bb1c2d04,rs16001072,rs24002833,401476,banned,0
n1d6ba931ce2054d6,rs16001072,rs24002833,401476,banned,0
n16c5ca70cca6d58c,rs16001072,rs24002833,401476,banned,0
n2df001ac32729047,rs16001072,rs24002833,401476,banned,0
n37460d7db0e23639,rs16001072,rs24002833,401476,banned,0
nb1d746b1b5f8c8e5,rs16001072,rs24002833,401476,banned,0
n251af4d2a1a309bd,rs16001072,rs24002833,401476,banned,0
n3229e7d0114824ed,rs16001072,rs24002833,401476,banned,0
n4b24a74327649798,rs16001072,rs24002833,401476,banned,0
n876ea0d1e2b2c0d1,rs16001072,rs24002833,401476,banned,0
nebcb838e0e3aaa1f,rs16001072,rs24002833,401476,banned,0
n841d6f504227485e,rs16001072,rs24002833,401476,banned,0
n16cbdf37e1c404ab,rs16001072,rs24002833,401476,banned,0
n1994efc66ec09c40,rs16001072,rs24002833,401476,banned,0
nc3fafe128c2c38b0,rs16001072,rs24002833,401476,banned,0
n43ad54ee67d39024,rs16001072,rs24002833,401476,banned,0
nbfce757800babffb,rs16001072,rs24002833,401476,banned,0
ncf7fdcd0501be045,rs16001072,rs24002833,401476,banned,0
nc72c1803d65ab58a,rs16001072,rs24002833,401476,banned,0
ne734761c58ca83e0,rs16001072,rs24002833,401476,banned,0
n9f6be35f7598966f,rs16001072,rs24002833,401476,banned,0
n044c0c26cd9827a5,rs16001072,rs24002833,401476,banned,0
nf515b5a97f5bc15f,rs16001072,rs24002833,401476,banned,0
n812fb01620cc7fe3,rs16001072,rs24002833,401476,banned,0
n376dff1358d4afbf,rs16001072,rs24002833,401476,banned,0
nf0e06a001b099f72,rs16001072,rs24002833,401476,banned,0
n22483de84505f6bd,rs16001072,rs24002833,401476,banned,0
n3f4584ba13d6ed06,rs16001072,rs24002833,401476,banned,0
n93736a7add07cff0,rs16001072,rs24002833,401476,banned,0
n72fa5e75fbf2d15a,rs16001072,rs24002833,401476,banned,0
n675147c2050a2cee,rs16001072,rs24002833,401476,banned,0
ncc88256de4765f82,rs16001072,rs24002833,401476,banned,0
n4d87f04721ddfd47,rs16001072,rs24002833,401476,banned,0
neafe31265815c1ea,rs16001072,rs24002833,401476,banned,0
nd3e68de06493b94e,rs16001072,rs24002833,401476,banned,0
n1052860b1f73748a,rs16001072,rs24002833,401476,banned,0
n9c65d40bb6a754ae,rs16001072,rs24002833,401476,banned,0
n3c9574e276962890,rs16001072,rs24002833,401476,banned,0
n760b368d43cd67dc,rs16001072,rs24002833,401476,banned,0
n3af4fced4a71a1c1,rs16001072,rs24002833,401476,banned,0
ndff56d76fcacf8c7,rs16001072,rs24002833,401476,banned,0
n514087cf4e487c15,rs16001072,rs24002833,401476,banned,0
na2b74c8f94fd8bf6,rs16001072,rs24002833,401476,banned,0
n9760c480ede5a273,rs16001072,rs24002833,401476,banned,0
nebb602db1d72feb1,rs16001231,rs24003032,401476,banned,0
n14d4d3445cbc6b0d,rs16001231,rs24003032,401476,banned,0
n42c21f24f7fb606a,rs16001231,rs24003032,401476,banned,0
n486ea45ea2c70067,rs16001231,rs24003032,401476,banned,0
nb7bad6f809eb8d03,rs16001231,rs24003032,401476,banned,0
n888b27e585738b54,rs16001231,rs24003032,401476,banned,0
n0896f46d5a0b2dec,rs16001231,rs24003032,401476,banned,0
nebdb6e71df6445de,rs16001231,rs24003032,401476,banned,0
n9bdcb09a8f92e54a,rs16001231,rs24003032,401476,banned,0
nacc40bd86473646f,rs16001231,rs24003032,401476,banned,0
n50486ca33f3abcb9,rs16001231,rs24003032,401476,banned,0
n81b3c7cb2fb72d69,rs16001231,rs24003032,401476,banned,0
n610675641e18781b,rs16001231,rs24003032,401476,banned,0
n04d988963021058b,rs16001231,rs24003032,401476,banned,0
n6127f53bf6bd5f8d,rs16001231,rs24003032,401476,banned,0
nfca23bd0b73d2076,rs16001231,rs24003032,401476,banned,0
n1ff814b40c64f401,rs16001231,rs24003032,401476,banned,0
nf6bb069571e6cfa7,rs16001231,rs24003032,401476,banned,0
nd7ee374a414e5545,rs16001231,rs24003032,401476,banned,0
n2d8531824a1a6d96,rs16001231,rs24003032,401476,banned,0
neeb0927da42acb46,rs16001231,rs24003032,401476,banned,0
n82aa2e834c11acd8,rs16001231,rs24003032,401476,banned,0
nb4a964d6b95eb8d7,rs16001231,rs24003032,401476,banned,0
n772138f61c92c16e,rs16001231,rs24003032,401476,banned,0
n6c28879ce39afa3f,rs16001231,rs24003032,401476,banned,0
n570da55148d5da0b,rs16001231,rs24003032,401476,banned,0
n82add0adc0e9d12d,rs16001231,rs24003032,401476,banned,0
ne99b855fffeebd2a,rs16001231,rs24003032,401476,banned,0
n45cbc05947f85b6f,rs16001231,rs24003032,401476,banned,0
n160d5e80a0ba0f5e,rs16001231,rs24003032,401476,banned,0
naff81837e7349a3f,rs16001231,rs24003032,401476,banned,0
n54711c711a9a114f,rs16001231,rs24003032,401476,banned,0
n1d63bf983cff5504,rs16001231,rs24003032,401476,banned,0
n3fe71cedea10beb7,rs16001231,rs24003032,401476,banned,0
n606a2dac38af337c,rs16001231,rs24003032,401476,banned,0
n7544581ab189a329,rs16001231,rs24003032,401476,banned,0
n9793ecdcb2b7757d,rs16001231,rs24003032,401476,banned,0
naeac09f0b084b5ac,rs16001231,rs24003032,401476,banned,0
n496e507cfef37c81,rs16001231,rs24003032,401476,banned,0
nfcaa2ac17bc3d245,rs16001231,rs24003032,401476,banned,0
nad20cf37f3fa7c53,rs16001231,rs24003032,401476,banned,0
naef3c673d5acb395,rs16001231,rs24003032,401476,banned,0
n1794a55c536d0c6a,rs16001231,rs24003032,401476,banned,0
n2c836007a8baab4c,rs16001231,rs24003032,401476,banned,0
n79efe5aed6499f0c,rs16001231,rs24003032,401476,banned,0
n4c31458e9c4ca913,rs16001231,rs24003032,401476,banned,0
n5c4465129529c5ca,rs16001231,rs24003032,401476,banned,0
n32100cadec0cc2f1,rs16001245,rs24003049,24940,banned,0
ne951f196bf1b6ab3,rs16001255,rs24003060,401476,banned,0
n555cd3fef61e0980,rs16001255,rs24003060,401476,banned,0
ne401f45cc8f9e3c2,rs16001255,rs24003060,401476,banned,0
nae3e21362dccabca,rs16001255,rs24003060,401476,banned,0
n2682222329336284,rs16001255,rs24003060,401476,banned,0
n3ec19c062b5b98b1,rs16001255,rs24003060,401476,banned,0
n28013a800d39176b,rs16001255,rs24003060,401476,banned,0
n40eefc224698e973,rs16001255,rs24003060,401476,banned,0
n3427a36622c3e82f,rs16001255,rs24003060,401476,banned,0
n77827f7a64305e76,rs16001255,rs24003060,401476,banned,0
n90b98cde3203aabe,rs16001255,rs24003060,401476,banned,0
n104473817ddaef83,rs16001255,rs24003060,401476,banned,0
n30fb8167d75ee875,rs16001255,rs24003060,401476,banned,0
ne8924ff01ee19641,rs16001255,rs24003060,401476,banned,0
n3c6455dc7c6c3054,rs16001255,rs24003060,401476,banned,0
nca75c4ddb808b70d,rs16001255,rs24003060,401476,banned,0
nb50f36c8296d9a3c,rs16001255,rs24003060,401476,banned,0
nd439f6b1787d1700,rs16001255,rs24003060,401476,banned,0
ndd9035b598b24f9b,rs16001255,rs24003060,401476,banned,0
n1d5176751f036053,rs16001255,rs24003060,401476,banned,0
n937b477dbdfb2280,rs16001255,rs24003060,401476,banned,0
n05f2430ad65d7550,rs16001255,rs24003060,401476,banned,0
n872c3aebdd672049,rs16001255,rs24003060,401476,banned,0
n4d74e438ee24276b,rs16001255,rs24003060,401476,banned,0
nb8ea12caf7b6b362,rs16001255,rs24003060,401476,banned,0
n0731f94ac3ddeb64,rs16001255,rs24003060,401476,banned,0
n9c1c0714150e1017,rs16001255,rs24003060,401476,banned,0
ne28606d1d4b2f043,rs16001255,rs24003060,401476,banned,0
nea8cb0bbc15a5897,rs16001255,rs24003060,401476,banned,0
n622636fe9de942b9,rs16001255,rs24003060,401476,banned,0
nd0f60cae6a31526d,rs16001255,rs24003060,401476,banned,0
n69940f12c2a22bb0,rs16001255,rs24003060,401476,banned,0
n813637faf9470ead,rs16001255,rs24003060,401476,banned,0
n400f2450de107765,rs16001255,rs24003060,401476,banned,0
n270f3dadc7c13c2e,rs16001255,rs24003060,401476,banned,0
n0657e76131627cbd,rs16001255,rs24003060,401476,banned,0
nf5a100797a8093ba,rs16001255,rs24003060,401476,banned,0
n8098d9a12b07811e,rs16001255,rs24003060,401476,banned,0
n6ba6e660a95f8a69,rs16001255,rs24003060,401476,banned,0
n848bf6815c093593,rs16001255,rs24003060,401476,banned,0
nded78e377192dee0,rs16001255,rs24003060,401476,banned,0
nd92084acead1cbd3,rs16001255,rs24003060,401476,banned,0
nf10811daa5b0a435,rs16001255,rs24003060,401476,banned,0
na2937022d6c4bfbe,rs16001255,rs24003060,401476,banned,0
nb7e39f53d34469ea,rs16001255,rs24003060,401476,banned,0
n09960e45c58c4ab6,rs16001255,rs24003060,401476,banned,0
n5b2a396da9b21d9d,rs16001255,rs24003060,401476,banned,0
n198d2ca67b3b5533,rs16001255,rs24003060,401476,banned,0
n3027a2f715c06975,rs16001255,rs24003060,401476,banned,0
n1ff836bb2047049a,rs16001255,rs24003060,401476,banned,0
n0f38dd72b1b05819,rs16001255,rs24003060,401476,banned,0
na2e55b18b195dfd4,rs16001255,rs24003060,401476,banned,0
nd0abc43344dcf1eb,rs16001255,rs24003060,401476,banned,0
n47f954148254b5fc,rs16001255,rs24003060,401476,banned,0
na99e5ccf82a03fc8,rs16001255,rs24003060,401476,banned,0
n68036a01ae41b175,rs16001255,rs24003060,401476,banned,0
n390fffa07604cda4,rs16001255,rs24003060,401476,banned,0
nd4a9984bd8109f76,rs16001255,rs24003060,401476,banned,0
n11046f9fdbabc244,rs16001255,rs24003060,401476,banned,0
n5d258a66aaa1e127,rs16001255,rs24003060,401476,banned,0
nac75df8d9647117a,rs16001255,rs24003060,401476,banned,0
nda3f51ee07b7a064,rs16001255,rs24003060,401476,banned,0
n9cb3199b000dfa59,rs16001255,rs24003060,401476,banned,0
n8237556b1bd5e5d6,rs16001255,rs24003060,401476,banned,0
n2158276f21e8bdee,rs16001255,rs24003060,401476,banned,0
na7d57caedae387e9,rs16001255,rs24003060,401476,banned,0
n559a42b831e825ad,rs16001255,rs24003060,401476,banned,0
n2a27d6d6ccbe6352,rs16001255,rs24003060,401476,banned,0
nac79970e152c80ff,rs16001255,rs24003060,401476,banned,0
nd330047407825148,rs16001255,rs24003060,401476,banned,0
n491260742d4d76de,rs16001255,rs24003060,401476,banned,0
n9724da5ef91a2f8f,rs16001255,rs24003060,401476,banned,0
nd3beb39df1e0f490,rs16001255,rs24003060,401476,banned,0
n9a6252ddfd5c31d3,rs16001255,rs24003060,401476,banned,0
n6591efb24421e1d4,rs16001255,rs24003060,401476,banned,0
n9e38ec41a61abc91,rs16001255,rs24003060,401476,banned,0
na823ab64c1557698,rs16001255,rs24003060,401476,banned,0
n135dd4afe0e7e97a,rs16001255,rs24003060,401476,banned,0
ncf9f971e011757c2,rs16001255,rs24003060,401476,banned,0
n6e38ac70f2644584,rs16000026,rs24000043,14061,banned,0
n57917a83a0808095,rs16000087,rs24000164,24940,banned,0
n3a3ab5a85036e4db,rs16000141,rs24000428,14061,banned,0
n05682de4c97e398b,rs16000165,rs24000535,24940,banned,0
na097494512620259,rs16000169,rs24000572,14061,banned,0
n74d54f27b57d6105,rs16000186,rs24000668,401476,banned,0
n2d1eed4bdbf0f6de,rs16000186,rs24000668,401476,banned,0
n9776d7361b950ff0,rs16000186,rs24000668,401476,banned,0
nf159bd7cd8054085,rs16000186,rs24000668,401476,banned,0
ne31d3fad6146a131,rs16000186,rs24000668,401476,banned,0
ncbdb9ca1735fef88,rs16000186,rs24000668,401476,banned,0
n15df66b0dd590ed7,rs16000186,rs24000668,401476,banned,0
nc91f015ae4d7fbf3,rs16000186,rs24000668,401476,banned,0
n202a3f15f97de60e,rs16000186,rs24000668,401476,banned,0
nae92c870bf857b8b,rs16000186,rs24000668,401476,banned,0
n81e022fdfb06a22a,rs16000186,rs24000668,401476,banned,0
nf5f7309472ac4143,rs16000186,rs24000668,401476,banned,0
n937c6dafdb2d9517,rs16000186,rs24000668,401476,banned,0
n4622cb0e8d98a74f,rs16000186,rs24000668,401476,banned,0
n8d19527b83cecb49,rs16000186,rs24000668,401476,banned,0
n12e34f7e089035d5,rs16000186,rs24000668,401476,banned,0
nbdef2c100d16ab3f,rs16000186,rs24000668,401476,banned,0
n537afbcf441f4c23,rs16000186,rs24000668,401476,banned,0
n111c6eba11178de0,rs16000186,rs24000668,401476,banned,0
nf16e92c6259cef52,rs16000186,rs24000668,401476,banned,0
n5f993a61e889117f,rs16000186,rs24000668,401476,banned,0
nf9ee042f56df4c85,rs16000186,rs24000668,401476,banned,0
ndc576fa4dfcc9049,rs16000186,rs24000668,401476,banned,0
n7d9153f774086b00,rs16000186,rs24000668,401476,banned,0
nb8071be19c30fa68,rs16000186,rs24000668,401476,banned,0
n149799fa52bb33e8,rs16000186,rs24000668,401476,banned,0
nb704ffe0c724e994,rs16000186,rs24000668,401476,banned,0
n6433289a97f47aaa,rs16000186,rs24000668,401476,banned,0
ncf4c1774db98e3a6,rs16000186,rs24000668,401476,banned,0
nd6baa78219aae960,rs16000186,rs24000668,401476,banned,0
n510c5a2d32cbf590,rs16000186,rs24000668,401476,banned,0
nb05cbc524be41034,rs16000186,rs24000668,401476,banned,0
ne7c64ffe1e3fa7cf,rs16000186,rs24000668,401476,banned,0
n667944bf388e57e7,rs16000186,rs24000668,401476,banned,0
n9517ec31dfbe2e9f,rs16000186,rs24000668,401476,banned,0
n154064f130f861d6,rs16000186,rs24000668,401476,banned,0
n936af1b1120e757c,rs16000186,rs24000668,401476,banned,0
n43f767b993f99600,rs16000186,rs24000668,401476,banned,0
n93f29d0c71aaa811,rs16000186,rs24000668,401476,banned,0
n5b3075c09c1985a2,rs16000186,rs24000668,401476,banned,0
nbd5c24722ffdafec,rs16000186,rs24000668,401476,banned,0
n4d614a064fee0527,rs16000186,rs24000668,401476,banned,0
nd61c2ee49d0ddfad,rs16000186,rs24000668,401476,banned,0
n9213d789dd1f6f05,rs16000186,rs24000668,401476,banned,0
nca8fb069b8e29603,rs16000186,rs24000668,401476,banned,0
nd5d8fc5eb1dff9f2,rs16000186,rs24000668,401476,banned,0
n74755db6da1ebd27,rs16000186,rs24000668,401476,banned,0
nad8258b1ab39e1aa,rs16000186,rs24000668,401476,banned,0
n5ed3736a1abfb9cb,rs16000186,rs24000668,401476,banned,0
n01dcfb18743d3cb8,rs16000186,rs24000668,401476,banned,0
n9a00503649a7acc2,rs16000186,rs24000668,401476,banned,0
nafb697ab27f748c8,rs16000186,rs24000668,401476,banned,0
n3ac78e169483e78c,rs16000186,rs24000668,401476,banned,0
nfa059704895d9666,rs16000186,rs24000668,401476,banned,0
n2376f36323f9a166,rs16000186,rs24000668,401476,banned,0
n82abf6631fddff7c,rs16000186,rs24000668,401476,banned,0
n78880c74ba540e41,rs16000186,rs24000668,401476,banned,0
n7a980b15f1bcf3d6,rs16000186,rs24000668,401476,banned,0
n3c90b7a488da2df1,rs16000186,rs24000668,401476,banned,0
n4a5061074fa50f23,rs16000186,rs24000668,401476,banned,0
n20f8052810bdd184,rs16000186,rs24000668,401476,banned,0
n742707379039bfce,rs16000206,rs24000776,401476,banned,0
n6ce666217c3e89be,rs16000206,rs24000776,401476,banned,0
nefcf91885b9a78c0,rs16000206,rs24000776,401476,banned,0
nb72c24162f3bff9c,rs16000206,rs24000776,401476,banned,0
n115c9274abebab5d,rs16000206,rs24000776,401476,banned,0
n09987796059c0960,rs16000206,rs24000776,401476,banned,0
nf8eb7b1e56f0fdf3,rs16000206,rs24000776,401476,banned,0
na15f43d116ac58af,rs16000206,rs24000776,401476,banned,0
n6fbbe944add1f9c2,rs16000206,rs24000776,401476,banned,0
n76af5ba14b2971f3,rs16000206,rs24000776,401476,banned,0
n9d98030798f74d23,rs16000206,rs24000776,401476,banned,0
ne796b5a62faa5d88,rs16000206,rs24000776,401476,banned,0
n831d2e8b599b4de8,rs16000206,rs24000776,401476,banned,0
na355cb59e7581ee7,rs16000206,rs24000776,401476,banned,0
n812e042acf8f63c5,rs16000206,rs24000776,401476,banned,0
n6eb2dd6e7ee4fe7f,rs16000206,rs24000776,401476,banned,0
n118b243ba2535953,rs16000206,rs24000776,401476,banned,0
necb445517026d0af,rs16000206,rs24000776,401476,banned,0
nacfe637220f4778e,rs16000206,rs24000776,401476,banned,0
n7717ecb79f3f113b,rs16000206,rs24000776,401476,banned,0
n9c88f66b10b7ca29,rs16000206,rs24000776,401476,banned,0
n15693e8672d36f0a,rs16000206,rs24000776,401476,banned,0
ne6ce5c3b0318ce01,rs16000206,rs24000776,401476,banned,0
nd8f8ca0b139a4147,rs16000206,rs24000776,401476,banned,0
ne52dd049648b7dbd,rs16000206,rs24000776,401476,banned,0
nc5185a7802672464,rs16000206,rs24000776,401476,banned,0
n306c88fd6ab49b2e,rs16000206,rs24000776,401476,banned,0
nd934b408aeb1ba99,rs16000206,rs24000776,401476,banned,0
n08bbbe81902eab0e,rs16000206,rs24000776,401476,banned,0
ncb44bbad44a83ddf,rs16000206,rs24000776,401476,banned,0
n3f201a803f034f32,rs16000206,rs24000776,401476,banned,0
naa8e76258817aaba,rs16000206,rs24000776,401476,banned,0
nb06ce3e8a977146e,rs16000206,rs24000776,401476,banned,0
n9eaef7bc7ee26ba0,rs16000206,rs24000776,401476,banned,0
n0524337029f47bee,rs16000206,rs24000776,401476,banned,0
n01f6193a0cde2f7f,rs16000206,rs24000776,401476,banned,0
n4816a774f81cd16e,rs16000206,rs24000776,401476,banned,0
n78f0e7537c06b550,rs16000206,rs24000776,401476,banned,0
nd1c2d7f572cdfa14,rs16000206,rs24000776,401476,banned,0
nb072a3645ea9de04,rs16000206,rs24000776,401476,banned,0
n54820731c060d6cf,rs16000206,rs24000776,401476,banned,0
nf3d7312047a778e5,rs16000206,rs24000776,401476,banned,0
n0ae80e6b8eba44cd,rs16000206,rs24000776,401476,banned,0
na7579e6b67e49b6b,rs16000206,rs24000776,401476,banned,0
na0b155bda56ed0c5,rs16000206,rs24000776,401476,banned,0
nbe22215331c4b18d,rs16000206,rs24000776,401476,banned,0
nfcbe8fc9ca14af3e,rs16000206,rs24000776,401476,banned,0
ncad3a627aab4b793,rs16000206,rs24000776,401476,banned,0
n01b63022d7a39d01,rs16000206,rs24000776,401476,banned,0
n5250ee488da1bb84,rs16000206,rs24000776,401476,banned,0
n68d713cf4373f446,rs16000206,rs24000776,401476,banned,0
nff8040e1ecdb7c5a,rs16000206,rs24000776,401476,banned,0
n20adb3771fd680f7,rs16000206,rs24000776,401476,banned,0
n231a41cde14384b6,rs16000206,rs24000776,401476,banned,0
n95d150d958fcd6d9,rs16000206,rs24000776,401476,banned,0
ndc04e76a2c447887,rs16000206,rs24000776,401476,banned,0
nb5fc19cc649f1a4a,rs16000206,rs24000776,401476,banned,0
na5d667caa784c140,rs16000206,rs24000776,401476,banned,0
nbbf061f09f68060e,rs16000206,rs24000776,401476,banned,0
nc34f8c090d9877d5,rs16000225,rs24000848,14061,banned,0
nadf470dade9e835e,rs16000225,rs24000849,14061,banned,0
n2400c5e944b92d91,rs16000237,rs24000989,24940,banned,0
na61849f1ae4af973,rs16000478,rs24001872,401476,banned,0
n7ff584ae14a4341f,rs16000478,rs24001872,401476,banned,0
n17c5d8725bec47ee,rs16000478,rs24001872,401476,banned,0
n30df8d38d20a9c4f,rs16000478,rs24001872,401476,banned,0
nff1158a053993a13,rs16000478,rs24001872,401476,banned,0
n427d5917b89bdc21,rs16000478,rs24001872,401476,banned,0
n1c11ca69f4993e6f,rs16000478,rs24001872,401476,banned,0
n3808c4a194c9fa98,rs16000478,rs24001872,401476,banned,0
n0d2de2c55ebe08dc,rs16000478,rs24001872,401476,banned,0
nafbaa6a8143d1d4d,rs16000478,rs24001872,401476,banned,0
n2a73683624551304,rs16000478,rs24001872,401476,banned,0
n2002f2dabf6e464d,rs16000478,rs24001872,401476,banned,0
n4c1844ee1d706346,rs16000478,rs24001872,401476,banned,0
na95cb46fa81ebe69,rs16000478,rs24001872,401476,banned,0
n681380d852012311,rs16000478,rs24001872,401476,banned,0
na8808b3aab261dcd,rs16000478,rs24001872,401476,banned,0
ncabbddea8311dcee,rs16000478,rs24001872,401476,banned,0
n78900f926c580f46,rs16000478,rs24001872,401476,banned,0
n1a2de7e69736eefd,rs16000478,rs24001872,401476,banned,0
nbd53f9540401907d,rs16000478,rs24001872,401476,banned,0
n4d3852ce0958352a,rs16000478,rs24001872,401476,banned,0
n637d91f807b930d7,rs16000478,rs24001872,401476,banned,0
nde0ebf3453c74222,rs16000478,rs24001872,401476,banned,0
n39331245c7dcb06b,rs16000478,rs24001872,401476,banned,0
n65e16528243127e7,rs16000478,rs24001872,401476,banned,0
n40588c1b43b24d43,rs16000478,rs24001872,401476,banned,0
nbd79c77eb8c2a343,rs16000478,rs24001872,401476,banned,0
nb8fd7506811c2c51,rs16000478,rs24001872,401476,banned,0
n812ef98a4663c90b,rs16000478,rs24001872,401476,banned,0
n502493ac37cd5fe4,rs16000478,rs24001872,401476,banned,0
n3500307d5e54118f,rs16000478,rs24001872,401476,banned,0
n1ad3f12e3cbc717f,rs16000478,rs24001872,401476,banned,0
n65a1d6a469bc2c1c,rs16000478,rs24001872,401476,banned,0
nc6fe6a8bf53ea54d,rs16000478,rs24001872,401476,banned,0
n16644df22b4de727,rs16000478,rs24001872,401476,banned,0
nf3a188bf78a759c0,rs16000478,rs24001872,401476,banned,0
n46ad2e3c44353098,rs16000478,rs24001872,401476,banned,0
nf90b0d5a4cd8152f,rs16000478,rs24001872,401476,banned,0
n4308246b55f0a89a,rs16000478,rs24001872,401476,banned,0
n752b4ea1c2469d4e,rs16000478,rs24001872,401476,banned,0
n5864727af8875085,rs16000478,rs24001872,401476,banned,0
nf38c3c7cb52a1f06,rs16000478,rs24001872,401476,banned,0
n0519b4788455bf12,rs16000478,rs24001872,401476,banned,0
nbfbefdbf1ea76726,rs16000478,rs24001872,401476,banned,0
n4673119ffced86ce,rs16000478,rs24001872,401476,banned,0
n69f415136abf1da8,rs16000478,rs24001872,401476,banned,0
nd72cfca998c64e1e,rs16000478,rs24001872,401476,banned,0
n92da6e0c4cb7cc71,rs16000478,rs24001872,401476,banned,0
n138b7eb78758a4b7,rs16000478,rs24001872,401476,banned,0
n2e3a05c71100f790,rs16000478,rs24001872,401476,banned,0
n8a5188654d6746eb,rs16000478,rs24001872,401476,banned,0
nfca7dee902e64b7f,rs16000478,rs24001872,401476,banned,0
n6cd57fd052842cfb,rs16000478,rs24001872,401476,banned,0
n5c47ccaa80bb0b55,rs16000478,rs24001872,401476,banned,0
n30c7250bb24c603a,rs16000478,rs24001872,401476,banned,0
n973953f7696263ed,rs16000478,rs24001872,401476,banned,0
na2731fa495bd3e8d,rs16000498,rs24001895,24940,banned,0
n37ce1d91010289a1,rs16000498,rs24001896,24940,banned,0
nc8f4e7c44ff3e657,rs16000498,rs24001898,24940,banned,0
n024fcc3c2fd0828b,rs16000574,rs24002059,401476,banned,0
nc849510547a795ae,rs16000574,rs24002059,401476,banned,0
n2ae275c9fc9f4b67,rs16000574,rs24002059,401476,banned,0
nb4a012ceba0e149d,rs16000574,rs24002059,401476,banned,0
nb854d42b60fb4f3a,rs16000574,rs24002059,401476,banned,0
n3a3f4aa131c8aa43,rs16000574,rs24002059,401476,banned,0
nde958fcb2a5cd0d3,rs16000574,rs24002059,401476,banned,0
n012ec00bb3d4b68b,rs16000574,rs24002059,401476,banned,0
nd2a8cf48ebc822fe,rs16000574,rs24002059,401476,banned,0
n62f08e0bf5cd191a,rs16000574,rs24002059,401476,banned,0
n8ba20d69bc96d894,rs16000574,rs24002059,401476,banned,0
n6f8287ac28623beb,rs16000574,rs24002059,401476,banned,0
n49b282ca694b7ce7,rs16000574,rs24002059,401476,banned,0
n502cf3c856ffc2c5,rs16000574,rs24002059,401476,banned,0
n1afd2c1fe9b4a625,rs16000574,rs24002059,401476,banned,0
nd4b0054a6d8081e9,rs16000574,rs24002059,401476,banned,0
n0848734f06e24d21,rs16000574,rs24002059,401476,banned,0
ne30900dd3f67b577,rs16000574,rs24002059,401476,banned,0
n4fe7a1fd14e9fbbc,rs16000574,rs24002059,401476,banned,0
ndee9ebd193d7dcf0,rs16000574,rs24002059,401476,banned,0
n5fca1499cfe5f794,rs16000574,rs24002059,401476,banned,0
n7dfef97da51042e3,rs16000574,rs24002059,401476,banned,0
n7b85d45be08f6f0a,rs16000574,rs24002059,401476,banned,0
n617e1f90ab0d408a,rs16000574,rs24002059,401476,banned,0
nfdcba6297cd6246a,rs16000574,rs24002059,401476,banned,0
n9054e7d0d1192ebf,rs16000574,rs24002059,401476,banned,0
n7cf990b868b16f4c,rs16000574,rs24002059,401476,banned,0
n28b83a3080897c30,rs16000574,rs24002059,401476,banned,0
n453ef452e579beeb,rs16000574,rs24002059,401476,banned,0
n1b19f7d4fa7c96e1,rs16000574,rs24002059,401476,banned,0
n0bf19d8d5299dd58,rs16000574,rs24002059,401476,banned,0
ncd885e01e07995cf,rs16000574,rs24002059,401476,banned,0
nd6de518d1c82cf92,rs16000574,rs24002059,401476,banned,0
n5cd5a22881555380,rs16000574,rs24002059,401476,banned,0
n00ee2f00a1bf5809,rs16000574,rs24002059,401476,banned,0
n7c7f37b88b7fed1d,rs16000574,rs24002059,401476,banned,0
n95cc17c8e9e56b02,rs16000574,rs24002059,401476,banned,0
nd5e6fd48cb8212b2,rs16000574,rs24002059,401476,banned,0
nbdace3cf3b86af4d,rs16000574,rs24002059,401476,banned,0
n83abe1119db9833c,rs16000574,rs24002059,401476,banned,0
n232ec2186ec0a159,rs16000574,rs24002059,401476,banned,0
nf2f52309eb73d8ef,rs16000574,rs24002059,401476,banned,0
n4a24a6de9dd6f51c,rs16000574,rs24002059,401476,banned,0
nc4fd6d8b25856a8c,rs16000574,rs24002059,401476,banned,0
na339801b2d95e164,rs16000574,rs24002059,401476,banned,0
n59edb51c8a53cad7,rs16000574,rs24002059,401476,banned,0
ne1e93b42b43294c5,rs16000574,rs24002059,401476,banned,0
n527c8a3383b9547b,rs16000574,rs24002059,401476,banned,0
nfeff45e4b1e835b3,rs16000574,rs24002059,401476,banned,0
n6696a83635ce8ebd,rs16000574,rs24002059,401476,banned,0
nf40e0c5a916542d3,rs16000574,rs24002059,401476,banned,0
ne92c4cf0db446c6d,rs16000639,rs24002134,24940,banned,0
n6aaa431c0d8d924d,rs16000639,rs24002136,24940,banned,0
n9dee68021ba877b9,rs16000731,rs24002275,401476,banned,0
n3c7cfdd2f20e2e71,rs16000731,rs24002275,401476,banned,0
n1a3a10346edf84a6,rs16000731,rs24002275,401476,banned,0
neb079fb76478f757,rs16000731,rs24002275,401476,banned,0
nbd1049ef5f8b431f,rs16000731,rs24002275,401476,banned,0
n5f89495b21d12f2d,rs16000731,rs24002275,401476,banned,0
ne6c63877a4b45558,rs16000731,rs24002275,401476,banned,0
n5c59c4306b8709c0,rs16000731,rs24002275,401476,banned,0
n5d1e4c5e9680a4c7,rs16000731,rs24002275,401476,banned,0
nef25b678ae7887c2,rs16000731,rs24002275,401476,banned,0
n2c39c5b502cab90b,rs16000731,rs24002275,401476,banned,0
n78847a056e92358f,rs16000731,rs24002275,401476,banned,0
n8b1faaa4e3beb89b,rs16000731,rs24002275,401476,banned,0
n11ff5f7cd5c52d27,rs16000731,rs24002275,401476,banned,0
n4d2f2088a152f96d,rs16000731,rs24002275,401476,banned,0
n357b3dc07130289d,rs16000731,rs24002275,401476,banned,0
n15b43a519400dd62,rs16000731,rs24002275,401476,banned,0
n742f741ebe152155,rs16000731,rs24002275,401476,banned,0
n702d96605ac4b038,rs16000731,rs24002275,401476,banned,0
n77b0c717f9aae8c1,rs16000731,rs24002275,401476,banned,0
nc766df72e1c441b3,rs16000731,rs24002275,401476,banned,0
na83a37dc2ff73759,rs16000731,rs24002275,401476,banned,0
n87eb5fb846915db7,rs16000731,rs24002275,401476,banned,0
n95384cf3b5a6201f,rs16000731,rs24002275,401476,banned,0
nbcbfb9e5848595a1,rs16000731,rs24002275,401476,banned,0
n7a157ea3d030e9dc,rs16000731,rs24002275,401476,banned,0
na69feea8455c5c4c,rs16000731,rs24002275,401476,banned,0
n069094f04943b3d9,rs16000731,rs24002275,401476,banned,0
n7f470f5bc8084c1b,rs16000731,rs24002275,401476,banned,0
n4a4d27fff5bd4f89,rs16000731,rs24002275,401476,banned,0
n941d49b9bec40666,rs16000731,rs24002275,401476,banned,0
nfd1bf33d0f18fe1d,rs16000731,rs24002275,401476,banned,0
n06a314388f1e8696,rs16000731,rs24002275,401476,banned,0
n46b82940850ca6d2,rs16000731,rs24002275,401476,banned,0
n2847ee0b02b1a0ea,rs16000731,rs24002275,401476,banned,0
n69441af995db5871,rs16000731,rs24002275,401476,banned,0
n79451dd002d06e2f,rs16000731,rs24002275,401476,banned,0
n9b70b17ee039c70c,rs16000731,rs24002275,401476,banned,0
n12ecbf3c76814e26,rs16000731,rs24002275,401476,banned,0
n0ecb8085c3a961b8,rs16000731,rs24002275,401476,banned,0
neb515e79cece17b3,rs16000731,rs24002275,401476,banned,0
n0aa0639c8da3f4eb,rs16000731,rs24002275,401476,banned,0
nc215324543e4d788,rs16000731,rs24002275,401476,banned,0
n990528843e03df29,rs16000731,rs24002275,401476,banned,0
ncd193d38abbb86bb,rs16000731,rs24002275,401476,banned,0
n87c5570442055a88,rs16000731,rs24002275,401476,banned,0
nd385cbf0a58876a9,rs16000731,rs24002275,401476,banned,0
n22c23bfb1ef8be3d,rs16000731,rs24002275,401476,banned,0
nfdc714318309b0c3,rs16000731,rs24002275,401476,banned,0
n04ccdc0f24514b28,rs16000731,rs24002275,401476,banned,0
n36d6fab383fe2391,rs16000731,rs24002275,401476,banned,0
nb521110fc7d099bc,rs16000731,rs24002275,401476,banned,0
nc16e8e8557db90d3,rs16000731,rs24002275,401476,banned,0
n36672d9b3739e8f3,rs16000731,rs24002275,401476,banned,0
n59dc6f54023b368b,rs16000731,rs24002275,401476,banned,0
na86d5ee33fa3eeff,rs16000731,rs24002275,401476,banned,0
n37f586909d78d30f,rs16000731,rs24002275,401476,banned,0
n7d1d2bc44c97f483,rs16000731,rs24002275,401476,banned,0
ncf26661e08199e19,rs16001072,rs24002833,401476,banned,0
n6847711df30549e6,rs16001072,rs24002833,401476,banned,0
ne5fbccc36c7930a1,rs16001072,rs24002833,401476,banned,0
nae20c5e2061b9b35,rs16001072,rs24002833,401476,banned,0
n40e6acc0abfda6d6,rs16001072,rs24002833,401476,banned,0
n17c2a984669ccf01,rs16001072,rs24002833,401476,banned,0
n46bbee755a0d6264,rs16001072,rs24002833,401476,banned,0
nd491b4a9695cb3a9,rs16001072,rs24002833,401476,banned,0
nf41ef2bc88faa211,rs16001072,rs24002833,401476,banned,0
n4e1e70ef0c092da8,rs16001072,rs24002833,401476,banned,0
n727fb1cafa67bc7e,rs16001072,rs24002833,401476,banned,0
na6d68395bc35277e,rs16001072,rs24002833,401476,banned,0
nf5e3ed1fccb70bbd,rs16001072,rs24002833,401476,banned,0
n4aac6a52af0959ef,rs16001072,rs24002833,401476,banned,0
ndddc5ed8a4186077,rs16001072,rs24002833,401476,banned,0
n8753d460b1679062,rs16001072,rs24002833,401476,banned,0
n1b71d871cf5bd4b0,rs16001072,rs24002833,401476,banned,0
n515a31c552c97382,rs16001072,rs24002833,401476,banned,0
n08e021f0b64b8ac8,rs16001072,rs24002833,401476,banned,0
n99126e4e78b85105,rs16001072,rs24002833,401476,banned,0
nf2b2e66aa9ce90ee,rs16001072,rs24002833,401476,banned,0
ne9b8e013aef36f3e,rs16001072,rs24002833,401476,banned,0
n1043d67f4ba37d0d,rs16001072,rs24002833,401476,banned,0
na4699873d3758eff,rs16001072,rs24002833,401476,banned,0
na0073a9635bd8d3f,rs16001072,rs24002833,401476,banned,0
nfebf0aac73a00763,rs16001072,rs24002833,401476,banned,0
n9cfe1a243bdee00e,rs16001072,rs24002833,401476,banned,0
nef3177244defdffb,rs16001072,rs24002833,401476,banned,0
ncc130aec807f9c55,rs16001072,rs24002833,401476,banned,0
n1d015f3c70d10c2b,rs16001072,rs24002833,401476,banned,0
nf7a0d6c5a60e706a,rs16001072,rs24002833,401476,banned,0
n2e8a101aac95be05,rs16001072,rs24002833,401476,banned,0
n653666649ae09e1d,rs16001072,rs24002833,401476,banned,0
n21c1672700f620d6,rs16001072,rs24002833,401476,banned,0
n2e52178a3a067abb,rs16001072,rs24002833,401476,banned,0
n50deda6f93112d0c,rs16001072,rs24002833,401476,banned,0
nba0858c3d8d3ed88,rs16001072,rs24002833,401476,banned,0
nc06a6494548e0e1c,rs16001072,rs24002833,401476,banned,0
n76e13fd0cf9824ad,rs16001072,rs24002833,401476,banned,0
nb6e6a2e9006958df,rs16001072,rs24002833,401476,banned,0
n47543f8ee739ed6b,rs16001072,rs24002833,401476,banned,0
n73deb55684fafe81,rs16001072,rs24002833,401476,banned,0
n2576b8016cf311b9,rs16001072,rs24002833,401476,banned,0
ncf6c751e3b7693e2,rs16001072,rs24002833,401476,banned,0
n3f64edd581af4e0a,rs16001072,rs24002833,401476,banned,0
n12707550aa1721cb,rs16001072,rs24002833,401476,banned,0
n10ac52394e12dae7,rs16001072,rs24002833,401476,banned,0
n54729f78bb5ee610,rs16001072,rs24002833,401476,banned,0
nc99e17d7d48bf30a,rs16001072,rs24002833,401476,banned,0
n91e8c0025f74f9fd,rs16001072,rs24002833,401476,banned,0
n0ed04b8804bdd644,rs16001072,rs24002833,401476,banned,0
nb4fd07ab56725caf,rs16001072,rs24002833,401476,banned,0
n9833663e4e47142d,rs16001072,rs24002833,401476,banned,0
n4bca6676328b7b99,rs16001072,rs24002833,401476,banned,0
ncfeb4bf66a19d321,rs16001072,rs24002833,401476,banned,0
n16397343776bbaca,rs16001072,rs24002833,401476,banned,0
n18cb4266c28a7821,rs16001072,rs24002833,401476,banned,0
ne8cd317360ead9e5,rs16001072,rs24002833,401476,banned,0
n97ebe1abc4786162,rs16001072,rs24002833,401476,banned,0
n93d414d947b5ee06,rs16001072,rs24002833,401476,banned,0
nf8d2c8a48a973f9b,rs16001072,rs24002833,401476,banned,0
n915869e7793d3cde,rs16001072,rs24002833,401476,banned,0
n62140bc0ebdbda04,rs16001072,rs24002833,401476,banned,0
nc2bbe109da64c404,rs16001072,rs24002833,401476,banned,0
ncb6e2643251a3b16,rs16001072,rs24002833,401476,banned,0
nc142a7fe52105e57,rs16001072,rs24002833,401476,banned,0
nb5ae42f95f024cf2,rs16001072,rs24002833,401476,banned,0
ne3ddb5aa03b9f782,rs16001072,rs24002833,401476,banned,0
n5fb75af0b481cc96,rs16001072,rs24002833,401476,banned,0
n913eb63c7d9f6a96,rs16001072,rs24002833,401476,banned,0
nc606788c50b4c993,rs16001072,rs24002833,401476,banned,0
n89b48a3d6397f619,rs16001072,rs24002833,401476,banned,0
n0f04f2947cfbdbda,rs16001072,rs24002833,401476,banned,0
n810f43d057ac05db,rs16001072,rs24002833,401476,banned,0
n772d3f319bcba7fe,rs16001072,rs24002833,401476,banned,0
n090f58b6c357dd4b,rs16001072,rs24002833,401476,banned,0
ncfaf1d563cda1794,rs16001072,rs24002833,401476,banned,0
n087832f14a51655b,rs16001072,rs24002833,401476,banned,0
n47bbe01da7871920,rs16001231,rs24003032,401476,banned,0
n8626612ab451c00b,rs16001231,rs24003032,401476,banned,0
naad40be8f2c9206f,rs16001231,rs24003032,401476,banned,0
n1e35a69e245eed1d,rs16001231,rs24003032,401476,banned,0
n176b5035d211715e,rs16001231,rs24003032,401476,banned,0
nf5a7d27df4f152d5,rs16001231,rs24003032,401476,banned,0
ncab10cd2dc1eb626,rs16001231,rs24003032,401476,banned,0
n166fec102d33ad1b,rs16001231,rs24003032,401476,banned,0
n837cc41e4e6cb779,rs16001231,rs24003032,401476,banned,0
n2c09178daf2c56f5,rs16001231,rs24003032,401476,banned,0
n9ce3164c1fbcbcd3,rs16001231,rs24003032,401476,banned,0
n3bacc3bf45b7bf24,rs16001231,rs24003032,401476,banned,0
n9ef160ef830439b3,rs16001231,rs24003032,401476,banned,0
n16d251137390fc25,rs16001231,rs24003032,401476,banned,0
na4dffd3870a77d4a,rs16001231,rs24003032,401476,banned,0
n7c823798f2352c24,rs16001231,rs24003032,401476,banned,0
n95f5475b3ea01c69,rs16001231,rs24003032,401476,banned,0
nde206f46c1eb2f66,rs16001231,rs24003032,401476,banned,0
n1fa45452e900675b,rs16001231,rs24003032,401476,banned,0
n85ba796d4e4176e5,rs16001231,rs24003032,401476,banned,0
nc02a189bac1f03a9,rs16001231,rs24003032,401476,banned,0
ne6b545f234534dac,rs16001231,rs24003032,401476,banned,0
n236429c78720dec8,rs16001231,rs24003032,401476,banned,0
n6d76e02c9ef07276,rs16001231,rs24003032,401476,banned,0
ne7e10b87256d3c8f,rs16001231,rs24003032,401476,banned,0
n5c072fd1b948d3b9,rs16001231,rs24003032,401476,banned,0
n29b47cde25dddc28,rs16001231,rs24003032,401476,banned,0
n4fdc4c5ac91e3996,rs16001231,rs24003032,401476,banned,0
nd7052ae35a257c0b,rs16001231,rs24003032,401476,banned,0
nb7278b598547dedf,rs16001231,rs24003032,401476,banned,0
n7be0ca0c33dfbed5,rs16001231,rs24003032,401476,banned,0
n1dddd7c7731893ae,rs16001231,rs24003032,401476,banned,0
nbf89a09592320c6d,rs16001231,rs24003032,401476,banned,0
ne10aaf2c2edf1924,rs16001231,rs24003032,401476,banned,0
nb6572bb62b0c080e,rs16001231,rs24003032,401476,banned,0
n3f84210c2234159f,rs16001231,rs24003032,401476,banned,0
nf83ec6e981a6987a,rs16001231,rs24003032,401476,banned,0
n7909fc13aa746ff3,rs16001231,rs24003032,401476,banned,0
na3b2088006a78166,rs16001231,rs24003032,401476,banned,0
nfea76784e2c4ea0a,rs16001231,rs24003032,401476,banned,0
n59aad6ba33c0affb,rs16001231,rs24003032,401476,banned,0
n56a21ef00ef647cb,rs16001231,rs24003032,401476,banned,0
ndbeccf9db42ec2f9,rs16001231,rs24003032,401476,banned,0
n2fe47a993987dc57,rs16001231,rs24003032,401476,banned,0
ne0a633fbb85758d5,rs16001231,rs24003032,401476,banned,0
n9161d661984b656b,rs16001231,rs24003032,401476,banned,0
n408b50435b0b8d84,rs16001231,rs24003032,401476,banned,0
n82add5eec402afa4,rs16001231,rs24003032,401476,banned,0
n43c9faa156fa9d1a,rs16001231,rs24003032,401476,banned,0
n9debf804e942076f,rs16001231,rs24003032,401476,banned,0
nc5b9a1d05ea4dc2a,rs16001231,rs24003032,401476,banned,0
n73897f4c2ea10d07,rs16001231,rs24003032,401476,banned,0
ne066e220b282e93c,rs16001231,rs24003032,401476,banned,0
ne9950049c04ae513,rs16001231,rs24003032,401476,banned,0
nf88bd20d6fdfb1ea,rs16001231,rs24003032,401476,banned,0
n046089a15f845546,rs16001231,rs24003032,401476,banned,0
n07fe4854bf9d1be4,rs16001231,rs24003032,401476,banned,0
ne76c1e02b56c6ba5,rs16001231,rs24003032,401476,banned,0
n167801ed8b8d9c87,rs16001231,rs24003032,401476,banned,0
na527993a278e197e,rs16001231,rs24003032,401476,banned,0
n1057efc208678460,rs16001231,rs24003032,401476,banned,0
nb76d274f6478e8aa,rs16001231,rs24003032,401476,banned,0
n45051766ad091427,rs16001231,rs24003032,401476,banned,0
n38a93caf3171be14,rs16001231,rs24003032,401476,banned,0
n044bc3736d69ba1c,rs16001231,rs24003032,401476,banned,0
n98cbc545443d5992,rs16001245,rs24003048,24940,banned,0
n57b1263e34899cd0,rs16001255,rs24003060,401476,banned,0
naa441b2ba4510b55,rs16001255,rs24003060,401476,banned,0
n61fc28ddc521b5e3,rs16001255,rs24003060,401476,banned,0
n77f70a77b1941071,rs16001255,rs24003060,401476,banned,0
nfe90539328458750,rs16001255,rs24003060,401476,banned,0
n5c5b07e7ae95e8ad,rs16001255,rs24003060,401476,banned,0
nf220209d706bad56,rs16001255,rs24003060,401476,banned,0
n7d6742c9e9e929d6,rs16001255,rs24003060,401476,banned,0
n8e5d91fa249f0774,rs16001255,rs24003060,401476,banned,0
n7ac26a641949f007,rs16001255,rs24003060,401476,banned,0
n40b6e4f9b50dfd62,rs16001255,rs24003060,401476,banned,0
n9ac7222c1bd48c83,rs16001255,rs24003060,401476,banned,0
n9ed798c60981d8ab,rs16001255,rs24003060,401476,banned,0
nf96b6ea4ce410b3c,rs16001255,rs24003060,401476,banned,0
n6bfe8ba1d29643c3,rs16001255,rs24003060,401476,banned,0
n84aa10fcb661806e,rs16001255,rs24003060,401476,banned,0
ne9bf1cd670af96d9,rs16001255,rs24003060,401476,banned,0
n9af3c0705972cc85,rs16001255,rs24003060,401476,banned,0
n4d3b31428aeef219,rs16001255,rs24003060,401476,banned,0
n6d1545b6b8015006,rs16001255,rs24003060,401476,banned,0
n7e7119f996bbc5d3,rs16001255,rs24003060,401476,banned,0
n971d15acd56ef28a,rs16001255,rs24003060,401476,banned,0
ndc7851d247d27467,rs16001255,rs24003060,401476,banned,0
n6c557a60aee7fc29,rs16001255,rs24003060,401476,banned,0
n43a33ec0bb417900,rs16001255,rs24003060,401476,banned,0
n92421a77c607c2b8,rs16001255,rs24003060,401476,banned,0
n6eb663ae53b2ed77,rs16001255,rs24003060,401476,banned,0
n468fad5a06c76e1c,rs16001255,rs24003060,401476,banned,0
n646687bc023d218e,rs16001255,rs24003060,401476,banned,0
nc2c8c3778525d954,rs16001255,rs24003060,401476,banned,0
n83ef36d09f7d98e8,rs16001255,rs24003060,401476,banned,0
n9a1dde463a652b56,rs16001255,rs24003060,401476,banned,0
n038332d2a7414ac2,rs16001255,rs24003060,401476,banned,0
n660b2f9b648f0f30,rs16001255,rs24003060,401476,banned,0
n84465f4196c401b5,rs16001255,rs24003060,401476,banned,0
n35c6c6848b34b59b,rs16001255,rs24003060,401476,banned,0
n9d158b8ff9f5751a,rs16001255,rs24003060,401476,banned,0
naa1408b7311454ff,rs16001255,rs24003060,401476,banned,0
n73c52bfddfcfeb07,rs16001255,rs24003060,401476,banned,0
n06cd1b294a32fe51,rs16001255,rs24003060,401476,banned,0
na4dabf885d57c5e4,rs16001255,rs24003060,401476,banned,0
n590c86344b1a2ad7,rs16001255,rs24003060,401476,banned,0
n50e2e25f7de8f6c5,rs16001255,rs24003060,401476,banned,0
n8beef7ab6e3c20f4,rs16001255,rs24003060,401476,banned,0
nc3a46563706c78a3,rs16001255,rs24003060,401476,banned,0
n5d94cf570c6f4ed5,rs16001255,rs24003060,401476,banned,0
n4a5ab9c967235379,rs16001255,rs24003060,401476,banned,0
nefdf8535179678d2,rs16001255,rs24003060,401476,banned,0
n893eddb445995d57,rs16001255,rs24003060,401476,banned,0
n93ae42dc916d5863,rs16001255,rs24003060,401476,banned,0
