ip,s16,s24,asn,label,own
n3113f2bddf1441b1,rs16000236,rs24000974,14061,flagged,0
nb79d1aa9fe705624,rs16000949,rs24002695,30041,honest,0
n9d4ae6a43437dddd,rs16000721,rs24002259,16276,honest,0
nc00049f92fa9e94c,rs16000618,rs24002109,9318,honest,0
nb8911029a4f7394a,rs16001079,rs24002851,12322,honest,0
n8add7bc54a52e0ba,rs16000277,rs24001361,14061,flagged,0
nb228eda73865fc06,rs16000236,rs24000980,14061,flagged,0
nc86e8e1a45c06d3c,rs16000251,rs24001113,14061,flagged,0
n760edf6a531a3129,rs16000892,rs24002596,20473,honest,0
n593a6d75fa9b85da,rs16000796,rs24002398,16125,honest,0
nb8188b1beb7bb56f,rs16001227,rs24003026,3209,honest,0
nfc7adee4c585052c,rs16001258,rs24003063,200736,honest,0
nb851c0b2972b157e,rs16000078,rs24000152,45839,honest,0
nffc0dcea22b00291,rs16000086,rs24000162,24940,honest,0
n2fa30c6a17d924af,rs16000718,rs24002247,26832,honest,0
n3bad312441cbb76c,rs16000340,rs24001630,14061,flagged,0
n9f395aa2ef19ee2a,rs16000156,rs24000521,207676,honest,0
n8de02bd47b15e7b2,rs16000993,rs24002740,46475,honest,0
n74b22d3574e276c0,rs16000123,rs24000333,24940,honest,0
n837133c0f035f21a,rs16000176,rs24000653,1221,honest,0
nf25d04feb13d6718,rs16001112,rs24002891,48282,honest,0
nc955652286c75991,rs16000662,rs24002172,6730,honest,0
n17cbd533758ebc81,rs16000410,rs24001747,43180,honest,0
nf6766f8d49c7b5eb,rs16000605,rs24002094,200019,honest,0
n2161a86740d90e8f,rs16000141,rs24000418,14061,honest,0
n7e49b3b8f7505bb3,rs16000540,rs24001948,30513,honest,0
n3a0095b6aa786440,rs16000073,rs24000147,6206,honest,0
n5fda63b196da6de3,rs16001006,rs24002759,212171,honest,0
nd8822bac93e52c0d,rs16000236,rs24000956,14061,flagged,0
n097117a7abcde063,rs16000069,rs24000143,58181,honest,0
n359177a4e39c7cd5,rs16000507,rs24001910,43641,honest,0
n751d110ebe2e4c63,rs16000475,rs24001869,51167,honest,0
n626ece590acd8a62,rs16000257,rs24001130,24940,honest,0
n00cacd2d0bbb1f75,rs16000012,rs24000014,38001,honest,0
nfe3177e9b85129bd,rs16000271,rs24001303,150818,honest,0
n6e3b8386afca14d5,rs16001284,rs24003099,33662,honest,0
n81fa21f3dfe16c1a,rs16000876,rs24002565,24940,honest,0
ne6bcd15a9373c95f,rs16001147,rs24002928,3269,honest,0
n30e1a154b80b40c5,rs16000314,rs24001554,14061,honest,0
n4c7b5c14d8a2b8e9,rs16000592,rs24002080,8412,honest,0
nc12d38d10f388914,rs16000173,rs24000635,14061,honest,0
n6e54c7947798abb5,rs16000793,rs24002395,49505,honest,0
n401b80fce521adec,rs16001240,rs24003042,25211,honest,0
neca3c00d36b8571d,rs16000486,rs24001880,57043,honest,0
n8e3b7049f34b3cc3,rs16000201,rs24000763,16276,honest,0
n26afc1dcf318fa84,rs16001229,rs24003028,24940,honest,0
n6789764813ec33f0,rs16000487,rs24001881,216093,honest,0
n2ac5e50f740ce101,rs16000273,rs24001320,14061,flagged,0
n3b795d0aba7239fb,rs16001104,rs24002882,46475,honest,0
necda870ae2dd2624,rs16000456,rs24001849,16276,honest,0
n9b7c983603ec86e4,rs16000119,rs24000251,14061,honest,0
n216c1afd98b37894,rs16000258,rs24001136,33566,honest,0
nf0fbde72f878e43c,rs16000236,rs24000968,14061,honest,0
n9bf7016fe2067223,rs16000864,rs24002531,14061,flagged,0
n8ea7315c0992d9e7,rs16000827,rs24002458,16276,honest,0
n0ac706f13844fd86,rs16000238,rs24001001,14061,flagged,0
n4b9134af25d4dd0a,rs16000178,rs24000656,14956,honest,0
naaac9970c602bd35,rs16000686,rs24002203,396982,honest,0
n363984cddbbc8984,rs16000039,rs24000086,7018,honest,0
nfcca79e720da01fd,rs16001078,rs24002846,12322,honest,0
nfbce55d9462d8ab4,rs16000437,rs24001808,63473,honest,0
n13029804f73b9525,rs16000696,rs24002218,24940,honest,0
n8bcd35688b0b5680,rs16000496,rs24001893,57393,honest,0
n06be9ebee4d7af61,rs16000586,rs24002072,49453,honest,0
ndd7d5fa4c9563dfb,rs16000570,rs24002049,14061,flagged,0
nbe40fa90c0875cde,rs16000269,rs24001240,14061,honest,0
n537c3add792b9cc4,rs16000590,rs24002078,51167,honest,0
n3b4e2da80f1682e1,rs16000632,rs24002125,401332,honest,0
n6141ff6c1b5181cd,rs16000278,rs24001378,51167,honest,0
nd492cbc7ba16a689,rs16000473,rs24001866,3249,honest,0
n6293e80b4c0b4801,rs16000031,rs24000077,152900,honest,0
n7046731096f9af7e,rs16000146,rs24000468,63949,honest,0
n2b851c1952b19822,rs16001267,rs24003082,3269,honest,0
n79b120a1130110e5,rs16000145,rs24000437,14061,honest,0
nb93c412d7aac5fb5,rs16000724,rs24002265,132203,honest,0
n91ee5d3454d306d9,rs16000643,rs24002142,14061,honest,0
n9462dd74b28e8e19,rs16001236,rs24003038,8434,honest,0
n5e0ba35db676538e,rs16000242,rs24001051,14061,flagged,0
n915c218508cf620e,rs16000501,rs24001904,204797,honest,0
n91f29099a7f89260,rs16000755,rs24002325,14061,honest,0
neb9a27c487551674,rs16000930,rs24002676,7018,honest,0
n5d387b6c6d37b3f4,rs16000336,rs24001594,24940,honest,0
n62d6e5f69e510467,rs16000201,rs24000766,16276,honest,0
n0284df96dc156127,rs16000242,rs24001027,14061,flagged,0
nc51617da0b1c0d9f,rs16000298,rs24001534,36352,honest,0
nf306a660fdedc33f,rs16000433,rs24001782,14061,flagged,0
nede0a050d1a012b7,rs16000288,rs24001514,14061,honest,0
n464c40d0533bdee5,rs16000953,rs24002699,33490,honest,0
n59fa5e0ed732265f,rs16000825,rs24002455,16276,honest,0
n2f6b16cb29d5522a,rs16000277,rs24001358,14061,honest,0
ne3cbff05ace72373,rs16000048,rs24000122,7018,honest,0
n6c65313a87bf79b7,rs16000438,rs24001810,24940,honest,0
n6122f476271cf5d1,rs16001039,rs24002798,1759,honest,0
n121406dded82ca99,rs16000876,rs24002561,24940,honest,0
n496a5fa70e2fca81,rs16000983,rs24002730,7029,honest,0
n56539dd165833ae4,rs16000495,rs24001890,43641,honest,0
nd9b6af8b698d2ebf,rs16000807,rs24002430,63949,honest,0
ne6b91fb6c7b2a8c6,rs16001288,rs24003103,6167,honest,0
nf25dc23e7a8414d7,rs16000302,rs24001539,5769,honest,0
n9962e6fb458cca54,rs16000340,rs24001609,14061,flagged,0
nbfb9d6838fab072a,rs16000128,rs24000347,20473,honest,0
n2407b55aa744b5b8,rs16001032,rs24002791,5089,honest,0
n37a66c96e40f0693,rs16000349,rs24001654,50266,honest,0
nb7a2050239648357,rs16001026,rs24002785,5617,honest,0
n76f04a8f366dd8b7,rs16000276,rs24001347,8888,honest,0
nb7cc814e80199b65,rs16000622,rs24002113,7018,honest,0
ne34d1c7c51b7ae54,rs16000149,rs24000481,14061,flagged,0
n727cfbe6f045ddbe,rs16001174,rs24002956,3209,honest,0
n99b32f24601c3dea,rs16000233,rs24000899,14061,honest,0
n61deb455ad1cdfc7,rs16000541,rs24001949,208172,honest,0
n5504a9239554c306,rs16000098,rs24000176,9808,honest,0
n955feb5c104fc237,rs16001261,rs24003066,3209,honest,0
n52a5548402438ac6,rs16000030,rs24000076,214961,honest,0
n31ac072b19789663,rs16000877,rs24002571,24940,honest,0
nb82276c07869568a,rs16000412,rs24001749,201265,honest,0
ndee85d65ab42e483,rs16000235,rs24000947,41421,honest,0
n49b08bf1764cc832,rs16000161,rs24000526,16276,honest,0
ne587ce7b00f9313f,rs16000328,rs24001584,200019,honest,0
n6708ce01c6f881ee,rs16000268,rs24001221,14061,honest,0
n4a4172850712d385,rs16000372,rs24001695,49981,honest,0
nce0d92ee8af95df0,rs16000307,rs24001545,19318,honest,0
n5b9e545974f5bd86,rs16000046,rs24000120,53667,honest,0
n73dbbd6f1dc39e3e,rs16000268,rs24001227,14061,honest,0
n18659fca4ac7355f,rs16000670,rs24002180,396982,honest,0
n24d7bcdedf25be52,rs16000272,rs24001305,16276,honest,0
n42cdae08404331fd,rs16000231,rs24000886,197540,honest,0
n1a33af49fcc56c50,rs16001265,rs24003071,24940,honest,0
n911709677540569c,rs16000993,rs24002740,46475,honest,0
n121c273e012c3b43,rs16000316,rs24001571,33660,honest,0
n9d87abc053754593,rs16000149,rs24000482,14061,honest,0
nc1fffb497efb56a5,rs16000251,rs24001088,14061,flagged,0
n02e9c941ed1237d2,rs16000225,rs24000861,14061,honest,0
nd3e61a0e10eeb430,rs16000270,rs24001271,14061,honest,0
n1cf3f325f89ebbd5,rs16000861,rs24002493,20473,honest,0
n7f97e0ec9aa0df4c,rs16000333,rs24001590,5410,honest,0
nedf82e2e62c05fcf,rs16000177,rs24000655,11403,honest,0
n3314c84fdbfb2f09,rs16000640,rs24002138,1299,honest,0
n46ff2884b9660c6c,rs16000433,rs24001795,14061,flagged,0
n530fa2587ac2664e,rs16001119,rs24002899,12479,honest,0
nf1fa6466a702e4e7,rs16000567,rs24002015,14061,flagged,0
nff811494dc2375d9,rs16001180,rs24002971,46475,honest,0
nc3053fb17a2a6c4a,rs16000799,rs24002406,29182,honest,0
n699af318d10b7a76,rs16000141,rs24000388,14061,flagged,0
na272ddd19ed9b52b,rs16000149,rs24000477,14061,flagged,0
nd7bef56a0b92909b,rs16000277,rs24001354,14061,honest,0
n8e3830b82c9d9c6e,rs16000643,rs24002146,14061,flagged,0
n8bd3f73c5107796b,rs16000187,rs24000678,14061,honest,0
n5d10129b105e0ff3,rs16000912,rs24002656,17235,honest,0
nce96049b9c1b19e5,rs16000993,rs24002741,46475,honest,0
n80303291636d2bc3,rs16000224,rs24000824,14061,flagged,0
n76933c4d425752c9,rs16000721,rs24002259,16276,honest,0
ndc5e91356b11d97c,rs16000172,rs24000625,14061,flagged,0
n1b99e43739ee2c9b,rs16000271,rs24001303,150818,honest,0
neb0ee12c902ed9cc,rs16000234,rs24000925,14061,flagged,0
necf388c980160cb6,rs16000288,rs24001497,14061,flagged,0
nc8e1e42e4697d8f2,rs16000236,rs24000965,14061,flagged,0
n791811d3334e4132,rs16001196,rs24002991,207790,honest,0
n2b61ebb2b1c226e0,rs16000876,rs24002567,24940,honest,0
n9fd6ee40fc46b291,rs16000282,rs24001455,14061,flagged,0
ne39db44feaa2f63e,rs16000474,rs24001867,214366,honest,0
n993ec6cd06843309,rs16000389,rs24001722,51167,honest,0
n3b3b90292ade8416,rs16001075,rs24002836,57043,honest,0
nc8ed70f421b85a20,rs16000086,rs24000160,24940,honest,0
nee6cb237c61b7d48,rs16000271,rs24001303,150818,honest,0
n728ad475e83b1d7c,rs16000460,rs24001853,39622,honest,0
n43c2a9e203aeafc0,rs16000172,rs24000612,14061,flagged,0
nae513a86666ad35f,rs16000268,rs24001229,14061,honest,0
n5ab4f5c393175aac,rs16000201,rs24000761,16276,honest,0
n3202c2c66d5ce0bb,rs16000641,rs24002139,207043,honest,0
ne85c162a525f06b5,rs16000119,rs24000284,14061,honest,0
nd798b3b268809c52,rs16000498,rs24001900,24940,honest,0
nb9897e89dad45464,rs16000251,rs24001087,14061,flagged,0
n43d249acb9cf47bb,rs16000169,rs24000562,14061,flagged,0
n1d27e04803f4d906,rs16000270,rs24001274,14061,honest,0
n5ebfc3b73839c220,rs16000277,rs24001366,14061,flagged,0
ne5972a1c7bf6c40e,rs16000282,rs24001433,14061,flagged,0
na702aedd38527cfc,rs16000513,rs24001918,16276,honest,0
n7e7387a130625b8b,rs16000064,rs24000138,2856,honest,0
nce4a053f24f3c5eb,rs16000830,rs24002461,16509,honest,0
n2170214056e3949e,rs16000272,rs24001306,16276,honest,0
n39d48900185f056f,rs16001083,rs24002859,5617,honest,0
nfb1c45eb4533c7aa,rs16001108,rs24002886,215428,honest,0
n6527ce0d4dff5bf9,rs16001220,rs24003019,209605,honest,0
nd8229fa6cf155a59,rs16000117,rs24000229,14061,flagged,0
ndaab5621ce2ba66c,rs16000112,rs24000197,14061,honest,0
n68f1d6426dbba73c,rs16000270,rs24001274,14061,honest,0
nbfe38d4a15a5b3c1,rs16001179,rs24002965,24940,honest,0
ndd145fbab7ab1859,rs16000238,rs24000999,14061,honest,0
nf82e8d38d2f4b8e8,rs16000915,rs24002659,33653,honest,0
nfd3d0a889cde3feb,rs16000193,rs24000724,14061,flagged,0
nc56be7b6830d1b9b,rs16000173,rs24000634,14061,flagged,0
n3069a1f4bd0e57b5,rs16000270,rs24001263,14061,flagged,0
n13294bdb22acfd20,rs16000402,rs24001736,41297,honest,0
nc35a68e296e652e8,rs16000999,rs24002748,46475,honest,0
nc94acd416b7f3760,rs16000029,rs24000058,14061,honest,0
n7dddd3c6b1cde8d6,rs16000867,rs24002549,26277,honest,0
nc54ebc1631804713,rs16000201,rs24000761,16276,honest,0
nf94ad0e74ec750da,rs16000504,rs24001907,12389,honest,0
n460b17ed295888a6,rs16000862,rs24002503,14061,honest,0
n991d6f113835e708,rs16001201,rs24002998,5378,honest,0
n4bab4d3d73de6b0d,rs16000840,rs24002472,17676,honest,0
nabbd95a8b63c174d,rs16000721,rs24002261,16276,honest,0
nda4f0a98c32eee15,rs16000119,rs24000258,14061,flagged,0
n939a25142e6b331f,rs16000149,rs24000498,14061,honest,0
n7837c6a3166c8ec6,rs16000201,rs24000768,16276,honest,0
nf5f281af085443f6,rs16001104,rs24002882,46475,honest,0
nfd2f07d0d56e91f0,rs16001197,rs24002992,197540,honest,0
n94467cd6bef86a8a,rs16000149,rs24000473,14061,flagged,0
nbfbf22a016c75d85,rs16001175,rs24002958,33837,honest,0
nb964849d4327f656,rs16000233,rs24000911,14061,flagged,0
n7a8ae833dd7fe255,rs16000745,rs24002309,14956,honest,0
nfce10bd04742aa7a,rs16000353,rs24001663,14061,flagged,0
n4a24ffd77d6b48fa,rs16000432,rs24001771,16276,honest,0
nff44a0c8f81b56d5,rs16000650,rs24002154,20115,honest,0
nc1713d6e5103a96f,rs16000902,rs24002607,14061,flagged,0
na86fb063e96550be,rs16000270,rs24001273,14061,honest,0
n531e6556ed01175b,rs16001163,rs24002944,8764,honest,0
n5c02f99b8d2557be,rs16000453,rs24001835,11492,honest,0
n0e60fd6e06e3ce09,rs16000170,rs24000595,14061,honest,0
n4630c3ab540758ab,rs16000044,rs24000118,36352,honest,0
n76acd22e7c6cf6cb,rs16000225,rs24000874,14061,flagged,0
n7be902ae67364f37,rs16000782,rs24002374,24940,honest,0
n6395542860bc241f,rs16000270,rs24001273,14061,honest,0
n23bcc9ef0ae30f46,rs16000270,rs24001275,14061,honest,0
ne44e866e8efb3190,rs16001189,rs24002984,24961,honest,0
n537db434bceda664,rs16000145,rs24000452,14061,flagged,0
n3430d5c60b38ccbb,rs16000225,rs24000863,14061,flagged,0
nd3b87cda63630594,rs16000908,rs24002634,14061,honest,0
na404fa5d532dca16,rs16000187,rs24000692,14061,flagged,0
n24fc15ea36c89664,rs16000201,rs24000766,16276,honest,0
n014909a6ba8a7048,rs16000755,rs24002340,14061,flagged,0
nf62cd538fc312f2a,rs16000267,rs24001183,14061,flagged,0
n0bf8ef87476ed31e,rs16000203,rs24000772,16276,honest,0
n03c3caf563d76319,rs16000267,rs24001203,14061,flagged,0
ne13f30ae319d4c3e,rs16000143,rs24000434,24940,honest,0
n2dd8adf288a774a6,rs16000074,rs24000148,8226,honest,0
n32f74bab587eaaef,rs16000567,rs24002018,14061,flagged,0
ncec01be0543b952f,rs16000743,rs24002302,14061,flagged,0
ne42584353a92e384,rs16001234,rs24003036,29066,honest,0
n6ca0070085b9975a,rs16000251,rs24001123,14061,flagged,0
n61921767b791b5a0,rs16000755,rs24002330,14061,honest,0
n37e601ffd55056b3,rs16000282,rs24001428,14061,honest,0
n3b926d49d3a91bf0,rs16000201,rs24000768,16276,honest,0
n783b7f6a421c200d,rs16000236,rs24000984,14061,flagged,0
n220f126e67b21127,rs16001104,rs24002882,46475,honest,0
n89d191bcb1218269,rs16000165,rs24000536,24940,honest,0
nac59dfe97aa38dfe,rs16000170,rs24000594,14061,flagged,0
n7bbac5ef34863a04,rs16000162,rs24000532,16276,honest,0
n0987100b6d9d18af,rs16000141,rs24000400,14061,honest,0
neb8a81370bc95fb3,rs16000211,rs24000784,14061,honest,0
nba0ccf94151bbb1d,rs16000233,rs24000921,14061,flagged,0
n7f5c47a45ab77943,rs16001259,rs24003064,20473,honest,0
nc0cc7e7df0c559ad,rs16000819,rs24002446,16276,honest,0
nd183c36e5641a543,rs16001274,rs24003089,11232,honest,0
naa1893e0b7c0afab,rs16000042,rs24000098,14061,flagged,0
n4f9ba1f116c2bf0b,rs16000169,rs24000543,14061,flagged,0
ne6cba92d14a501dd,rs16000201,rs24000768,16276,honest,0
n55761b22834fd6c8,rs16000198,rs24000751,20135,honest,0
n0cbad1b65d8ab4f9,rs16000187,rs24000675,14061,flagged,0
nb84c98d5264a5e6f,rs16000172,rs24000609,14061,flagged,0
n53d2e4f2899a8859,rs16000031,rs24000078,152900,honest,0
nd67439053cd7da09,rs16000268,rs24001212,14061,flagged,0
n25e294733f36f258,rs16000353,rs24001662,14061,flagged,0
n50bb23404e4d1075,rs16000340,rs24001616,14061,flagged,0
nd4cc376010fa1a89,rs16000490,rs24001884,140224,honest,0
nd9a1248930a0e3ab,rs16000112,rs24000194,14061,honest,0
n57d01904f5737e1d,rs16000251,rs24001111,14061,flagged,0
n627bf5999b342dc1,rs16000251,rs24001068,14061,flagged,0
na60828e05f212d2d,rs16001285,rs24003100,63949,honest,0
nf42d4cf6e03d1d75,rs16000270,rs24001274,14061,honest,0
n0e4b1bddc1911c89,rs16000864,rs24002525,14061,flagged,0
n2ba6ea5750f54ba5,rs16000565,rs24001995,10489,honest,0
n495a0be18a4312d7,rs16000024,rs24000036,23470,honest,0
n833ec4666d69db1c,rs16000141,rs24000393,14061,honest,0
n1bffb1a3745e19f2,rs16000225,rs24000862,14061,flagged,0
n430fa7ff8238d2e2,rs16000445,rs24001827,27665,honest,0
n3c798c57d78801be,rs16000609,rs24002098,3320,honest,0
na0b965922a60c2ef,rs16000270,rs24001263,14061,honest,0
n2a52271594ddafe7,rs16000112,rs24000198,14061,honest,0
n1283ccc4f98a9c8a,rs16000908,rs24002620,14061,flagged,0
n2fbd9460a72a431e,rs16000340,rs24001643,14061,flagged,0
nc6beef91b3469904,rs16000277,rs24001354,14061,honest,0
nf1d3bb7a50ac91ea,rs16000225,rs24000857,14061,flagged,0
n5b7668e8220b65b6,rs16000317,rs24001572,7725,honest,0
ne46233d0f3fd2a95,rs16000340,rs24001619,14061,flagged,0
n6f2ec41edb54db18,rs16001243,rs24003046,44925,honest,0
ncb65c6baaf0b4cfb,rs16000141,rs24000389,14061,flagged,0
nd8809806b4c06e9e,rs16000112,rs24000197,14061,honest,0
n287886a84d3a021e,rs16000270,rs24001275,14061,honest,0
n1978c7b780a478dc,rs16001180,rs24002969,46475,honest,0
nfb55079e2a3ac092,rs16001181,rs24002974,46475,honest,0
nbecf105543f6752a,rs16000112,rs24000197,14061,honest,0
ne1f2acd3291edc96,rs16000233,rs24000923,14061,flagged,0
n99373bb696fd2371,rs16000366,rs24001689,32489,honest,0
n3dff4feed7a47b15,rs16001180,rs24002969,46475,honest,0
nc0b3dfb390529c3f,rs16000201,rs24000762,16276,honest,0
n36436d96ccb1b011,rs16001199,rs24002996,3249,honest,0
na765e1409fabb9c2,rs16000342,rs24001647,213230,honest,0
n322eb3c6e7e648d8,rs16000822,rs24002451,16276,honest,0
n2b87fd5e262d2690,rs16000119,rs24000287,14061,honest,0
n18dc88c44c1f49d0,rs16000201,rs24000762,16276,honest,0
n9f3aa46ba4afc647,rs16000999,rs24002748,46475,honest,0
n4ceadcd47fb058ba,rs16000397,rs24001731,60729,honest,0
n4a7bfa725c2d1118,rs16001276,rs24003091,701,honest,0
ne113d430c0ee4efa,rs16000270,rs24001274,14061,honest,0
nb8e4b387e10364f9,rs16000551,rs24001979,14061,flagged,0
n9c05ba80da350940,rs16000170,rs24000587,14061,flagged,0
n01def25d937a1fd5,rs16000564,rs24001994,29802,honest,0
n99b92f65b9726c1f,rs16000237,rs24000990,24940,honest,0
n5eadb0e373563b83,rs16000263,rs24001141,152900,honest,0
n1186a534d800f8d2,rs16000270,rs24001273,14061,honest,0
n6723dcf0989ff471,rs16000141,rs24000407,14061,flagged,0
n2938d8b887db6703,rs16000119,rs24000284,14061,flagged,0
n544f61dfa2abb97e,rs16000125,rs24000341,20857,honest,0
naa405b1249c0656a,rs16000266,rs24001157,14061,flagged,0
nbce58901ec4562c4,rs16000238,rs24000991,14061,flagged,0
nd25b605b330ca456,rs16000908,rs24002622,14061,flagged,0
n84619111a353c83a,rs16000864,rs24002522,14061,flagged,0
n2f5ab11f44f4e431,rs16000814,rs24002439,20055,honest,0
n3317f6de27172719,rs16000643,rs24002147,14061,flagged,0
n102bcbd3c2152a96,rs16000119,rs24000253,14061,honest,0
n965bff29e8b79ab1,rs16000471,rs24001864,59796,honest,0
nc4149a5e16d9a488,rs16000170,rs24000599,14061,honest,0
n23a78ee5e995080f,rs16000567,rs24002023,14061,flagged,0
ncc89652fa048d2ac,rs16000721,rs24002259,16276,honest,0
ncc71cd6195172f75,rs16000864,rs24002523,14061,flagged,0
nd9a0cc2c203dc821,rs16000735,rs24002280,198082,honest,0
n4ee99db9e714ac35,rs16000330,rs24001587,5410,honest,0
n7abbefb1aa398d14,rs16000266,rs24001163,14061,flagged,0
n7043e55322c939b4,rs16000999,rs24002748,46475,honest,0
nb10ac61e1dbd784d,rs16000120,rs24000304,14061,flagged,0
n5201727f7249182b,rs16000112,rs24000214,14061,honest,0
n7d04b4bf036ae86d,rs16000037,rs24000084,7018,honest,0
n246bf8d3f7b319c5,rs16000029,rs24000072,14061,flagged,0
n5ecdfb4d94fafb2b,rs16000172,rs24000624,14061,flagged,0
n769467720137a741,rs16000236,rs24000971,14061,flagged,0
ncd3538941800e704,rs16001146,rs24002927,34224,honest,0
n226759014ff15e35,rs16000139,rs24000384,14061,honest,0
naa0b67df2a5f1060,rs16000251,rs24001113,14061,flagged,0
nc420e482c3500277,rs16000280,rs24001415,14061,flagged,0
ndacd9a205737c9cc,rs16000201,rs24000766,16276,honest,0
n60f4e2d3e819e5be,rs16000310,rs24001550,701,honest,0
n60d1d66365442a8e,rs16000864,rs24002511,14061,flagged,0
n0595c572c62bbfc3,rs16000433,rs24001780,14061,flagged,0
n8a96311c8f8c3e66,rs16000743,rs24002297,14061,flagged,0
nd15fd5302a9e5ca4,rs16000270,rs24001273,14061,honest,0
n99c86aace3320fe8,rs16000112,rs24000200,14061,flagged,0
naf043ab7e24747f6,rs16000175,rs24000647,14061,flagged,0
ncf5f8a2bf7fe1d5a,rs16000353,rs24001664,14061,flagged,0
nda1fe53bbb2fac6f,rs16000660,rs24002170,40994,honest,0
nf128e95081af8614,rs16000117,rs24000242,14061,flagged,0
n6042001277fc5d0b,rs16000269,rs24001236,14061,flagged,0
n4e0f5fdb91dd7fd9,rs16000261,rs24001139,152900,honest,0
nd0313cd3d3cd9003,rs16000583,rs24002069,197540,honest,0
nce427c971fde1f27,rs16000119,rs24000264,14061,flagged,0
n6dfd9b21376a63f3,rs16000866,rs24002541,14061,flagged,0
n02a6c764efc17c38,rs16000238,rs24001008,14061,flagged,0
n2ecca2ee03d7c07b,rs16000112,rs24000192,14061,honest,0
nb8770572c2df82e9,rs16000836,rs24002467,16276,honest,0
ne30353d390942420,rs16000117,rs24000241,14061,flagged,0
n23ae66d0b50043ac,rs16000567,rs24001997,14061,flagged,0
nf3c9f1945621d0c2,rs16000273,rs24001330,14061,flagged,0
ne3e93f1207795ee2,rs16000172,rs24000627,14061,flagged,0
nddf67e5adc785b2d,rs16000794,rs24002396,49505,honest,0
n7feea1925d3bf497,rs16000042,rs24000095,14061,flagged,0
n2538c2c363883cd4,rs16000280,rs24001387,14061,flagged,0
n37d841bb2b05678d,rs16000112,rs24000206,14061,honest,0
n8dcd0a0b514364e7,rs16000908,rs24002646,14061,honest,0
nae0f98fd99b25e99,rs16000233,rs24000897,14061,honest,0
n400d377bce0b6e5a,rs16000755,rs24002336,14061,flagged,0
n020872f4adb23de6,rs16001165,rs24002947,3352,honest,0
ne190b5c560067a38,rs16001187,rs24002982,1680,honest,0
ncffe54280cdd79a0,rs16000721,rs24002259,16276,honest,0
n821a73c2383290a9,rs16000340,rs24001618,14061,flagged,0
n5b21993625af86a5,rs16000218,rs24000810,20473,honest,0
na2b9a8a02fa05fad,rs16000288,rs24001496,14061,flagged,0
ndc4ae2a2794cf359,rs16000199,rs24000753,20473,honest,0
nad874d2a52ca9d10,rs16000375,rs24001702,44901,honest,0
nabc6a68edee91c41,rs16000225,rs24000855,14061,flagged,0
n5bca1655a32cf85c,rs16000145,rs24000445,14061,flagged,0
n7885722a88143c76,rs16000233,rs24000896,14061,flagged,0
n67393b63aba40a2e,rs16000386,rs24001717,50340,honest,0
n451f6aa381f01085,rs16000769,rs24002357,16509,honest,0
n6a6bed7c94c36e3f,rs16000866,rs24002534,14061,flagged,0
n827a620bcaa99069,rs16000240,rs24001018,152900,honest,0
n7cd152950b264810,rs16000606,rs24002095,141995,honest,0
n1c7814181df99382,rs16000040,rs24000087,29802,honest,0
ncc608f5aec69f450,rs16001079,rs24002847,12322,honest,0
nfbfbb8614a7d5854,rs16000584,rs24002070,43180,honest,0
nc7f8dee5eee55a0b,rs16000567,rs24002030,14061,honest,0
n21afdd16756c7be3,rs16000834,rs24002465,16276,honest,0
n6c3b9b91f10edef0,rs16000864,rs24002530,14061,flagged,0
nd14b43bc2853e912,rs16000454,rs24001841,14061,flagged,0
n6bd34dee480fe48a,rs16000887,rs24002591,7459,honest,0
n201dd5951bc63e81,rs16000290,rs24001521,63949,honest,0
nfa80f8b3e39c8063,rs16000224,rs24000819,14061,flagged,0
n02d73e3c1d354b7d,rs16000112,rs24000220,14061,honest,0
n80be0393da500f8a,rs16000999,rs24002748,46475,honest,0
n0f4a131cc4290191,rs16000119,rs24000273,14061,flagged,0
n0beb3ff7e9585f91,rs16000848,rs24002480,45090,honest,0
n76f71256be8ec66d,rs16000112,rs24000215,14061,honest,0
n3630874df00ef0cb,rs16000193,rs24000735,14061,flagged,0
n021dc35e4794d87a,rs16000234,rs24000939,14061,flagged,0
n6209bc12abc03e0f,rs16001181,rs24002974,46475,honest,0
n0d5801a196141de3,rs16000436,rs24001807,206075,honest,0
n1f35aaeedf5c22af,rs16000029,rs24000067,14061,flagged,0
ndddbb07234769359,rs16000145,rs24000457,14061,honest,0
n078b6e99c79c39c3,rs16000288,rs24001484,14061,flagged,0
n664980fe69bf775a,rs16000149,rs24000485,14061,flagged,0
n386ebb74545a57c0,rs16000282,rs24001425,14061,flagged,0
n2178bc35ab36cd55,rs16000567,rs24002014,14061,honest,0
n815e2c4669355afc,rs16000856,rs24002488,51167,honest,0
ne5a26f3e90f3020e,rs16000340,rs24001611,14061,flagged,0
n9837e2308e558888,rs16000119,rs24000291,14061,flagged,0
n26ef7198a5437cbf,rs16000545,rs24001961,14061,flagged,0
n6f07aea6f40dee79,rs16000187,rs24000703,14061,honest,0
n04d9499db429fb1f,rs16000999,rs24002748,46475,honest,0
n1c382224914f0727,rs16001230,rs24003030,24940,honest,0
n82bf0c09383e8ca0,rs16000120,rs24000305,14061,flagged,0
n20ee22571d1c3ae8,rs16000270,rs24001275,14061,honest,0
n623a31a68b22fb70,rs16000225,rs24000859,14061,flagged,0
n2b46a544a505ef33,rs16000060,rs24000134,7018,honest,0
n2a0d551559d3f24e,rs16000615,rs24002106,3320,honest,0
n36691a414f003cd4,rs16000644,rs24002148,27364,honest,0
nb66eaadddf7c30e6,rs16000280,rs24001419,14061,flagged,0
nb8e86eccab6063aa,rs16000225,rs24000850,14061,flagged,0
n70ca2d8a7ff7b0d2,rs16000760,rs24002346,29802,honest,0
nad060c48ae010dc5,rs16000233,rs24000890,14061,flagged,0
n82451633c16d8299,rs16000908,rs24002625,14061,flagged,0
nf413ce6fd87ce5e9,rs16000665,rs24002175,5410,honest,0
n6cb26be15aaa4e2e,rs16000236,rs24000973,14061,flagged,0
n5a030278d28972a3,rs16000201,rs24000766,16276,honest,0
nb7c72b347d0f5336,rs16000602,rs24002090,852,honest,0
n4788033e8e591fd6,rs16000139,rs24000371,14061,flagged,0
n62facac756f87639,rs16000138,rs24000359,16591,honest,0
nc369b211964a56b7,rs16000270,rs24001268,14061,flagged,0
ncf0702a248e758de,rs16000992,rs24002739,203273,honest,0
n32cd440119754cc3,rs16000824,rs24002453,16276,honest,0
n7ae4b50766b2a56e,rs16000261,rs24001139,152900,honest,0
n5965063342930aa6,rs16000145,rs24000446,14061,honest,0
n851bc65a796bc40d,rs16000280,rs24001393,14061,flagged,0
n20cd0ddcb12aac7a,rs16001104,rs24002882,46475,honest,0
n45ea894d6ee3b689,rs16000267,rs24001179,14061,flagged,0
nbeeedd97c8e6d153,rs16000225,rs24000870,14061,flagged,0
n6de0b8638549235f,rs16000271,rs24001303,150818,honest,0
nff8633f877821679,rs16000792,rs24002393,39798,honest,0
n16a1996a5a65d2f4,rs16001064,rs24002823,29551,honest,0
n6d7c0b8b806716e3,rs16000149,rs24000496,14061,flagged,0
n903a42f684f93725,rs16001273,rs24003088,63949,honest,0
n1de7fe9be65c450c,rs16000036,rs24000083,7018,honest,0
n0d2b3436a28263cb,rs16000872,rs24002554,399629,honest,0
n001f676d4841abf1,rs16000193,rs24000738,14061,flagged,0
n82f98f4b7ae55af3,rs16000172,rs24000618,14061,flagged,0
ne6719fee5b319d66,rs16000120,rs24000317,14061,flagged,0
n000a63c8e2154333,rs16000864,rs24002512,14061,flagged,0
nd7032c02931b05ce,rs16000265,rs24001145,14061,flagged,0
n3fdee702eddd3e2a,rs16000170,rs24000578,14061,flagged,0
n7d97e12e2b2deca0,rs16000146,rs24000467,63949,honest,0
nca543d8f10a63ca0,rs16001142,rs24002922,1136,honest,0
n25b81805bfd67f3a,rs16000224,rs24000841,14061,flagged,0
n710df27a38c35392,rs16000267,rs24001187,14061,flagged,0
n48c3940bc5b46217,rs16000224,rs24000825,14061,flagged,0
n59cb076a3e6a5bdc,rs16000119,rs24000284,14061,flagged,0
nf5354c755745bfbc,rs16000103,rs24000182,4837,honest,0
n01373b3b51e2de18,rs16000042,rs24000093,14061,flagged,0
n30a34ed144339f0b,rs16000169,rs24000551,14061,flagged,0
nb481adc4927432f6,rs16000908,rs24002639,14061,honest,0
n4e756e968f198f29,rs16001180,rs24002969,46475,honest,0
n719e0d9c956d1f19,rs16000813,rs24002438,20055,honest,0
n75c04359bfa926e5,rs16000743,rs24002305,14061,honest,0
n4621d560b65ee0a5,rs16000242,rs24001054,14061,flagged,0
nc84be455be587fdb,rs16000270,rs24001275,14061,honest,0
n9054546328870675,rs16000119,rs24000278,14061,flagged,0
n7831cfe6436ab103,rs16000354,rs24001672,24940,honest,0
nb8b17fb454024f20,rs16001104,rs24002882,46475,honest,0
nd0e10b137328c2c6,rs16000928,rs24002674,7018,honest,0
n1082b66ad8ba719a,rs16001180,rs24002970,46475,honest,0
ndf128565f8691204,rs16000545,rs24001968,14061,flagged,0
n489fb268d87424ca,rs16000143,rs24000435,24940,honest,0
n09cf127d5275ba1d,rs16000743,rs24002296,14061,honest,0
n96e3962a56aab904,rs16000797,rs24002402,215859,honest,0
ncdb6ddba7986c95e,rs16000721,rs24002260,16276,honest,0
ne0a2520a96dda0c2,rs16000201,rs24000762,16276,honest,0
n1a4c3857f6ad8d0b,rs16001014,rs24002768,12389,honest,0
n440328153c5b9ea1,rs16001104,rs24002882,46475,honest,0
nf9cd9e572b7585e2,rs16000201,rs24000763,16276,honest,0
n0f187f3a227ad4b9,rs16000041,rs24000090,3223,honest,0
nc2b56e8f56b75ba3,rs16000116,rs24000228,200019,honest,0
ne92d9f42c1de5db3,rs16000145,rs24000455,14061,flagged,0
n34e3297d74a7647b,rs16001138,rs24002918,51167,honest,0
nf518a90231d0d835,rs16001170,rs24002952,8767,honest,0
n095ca5a43ede3272,rs16000119,rs24000263,14061,flagged,0
nc6618c3b05369489,rs16000270,rs24001274,14061,honest,0
nf040612d6c7affab,rs16000211,rs24000791,14061,flagged,0
nf8fdf8fc3f5ba9cc,rs16000149,rs24000501,14061,honest,0
n7674becb4daff324,rs16000120,rs24000311,14061,flagged,0
n84e13302c705c7a8,rs16000269,rs24001250,14061,flagged,0
n744b8297edc93de3,rs16000721,rs24002259,16276,honest,0
n898e5b0fd11d01c2,rs16000721,rs24002260,16276,honest,0
nc04ee760fe7bc9ca,rs16000201,rs24000761,16276,honest,0
nb213c12e2dbcd240,rs16000201,rs24000764,16276,honest,0
n69a4122cb91743d6,rs16000267,rs24001204,14061,honest,0
n1c93387131a6a6d2,rs16000187,rs24000687,14061,honest,0
n36ae6836d5bd019e,rs16000187,rs24000710,14061,honest,0
ncfca2209e5578358,rs16000119,rs24000278,14061,flagged,0
n0ef56f866d2de138,rs16000242,rs24001039,14061,flagged,0
nea1eb1ee0694e62c,rs16000545,rs24001953,14061,flagged,0
nf87dc6717feb9e16,rs16000539,rs24001946,14061,flagged,0
n8b13ac73526f50cd,rs16000225,rs24000853,14061,flagged,0
n111c4a7032ec3d5e,rs16000924,rs24002669,33653,honest,0
n61a950ff1dbb0192,rs16000189,rs24000714,16276,honest,0
n5901ecac31969e32,rs16000875,rs24002558,32133,honest,0
nafea0e88429b1a1e,rs16000251,rs24001071,14061,flagged,0
nd646f8265593b40f,rs16000267,rs24001197,14061,honest,0
n690287a6329f101a,rs16001159,rs24002940,3292,honest,0
n57b80ab7822b6b2b,rs16000270,rs24001273,14061,honest,0
n393baeb93d428b3d,rs16000112,rs24000210,14061,flagged,0
n90d3b78a7747a232,rs16000251,rs24001096,14061,flagged,0
n6aea1c0fc14d8c0d,rs16000791,rs24002392,24940,honest,0
n2043b4b9538b1986,rs16000242,rs24001047,14061,flagged,0
n7b083c462fac6fe7,rs16001023,rs24002781,57269,honest,0
nd8fe916e70a6bcbd,rs16000270,rs24001273,14061,honest,0
n05dc20ce3d7e4d70,rs16000454,rs24001844,14061,flagged,0
n5e1847807b95b8ad,rs16000019,rs24000026,14061,flagged,0
n04441246f46c5c0c,rs16001180,rs24002969,46475,honest,0
n1dc64aabf6bd548a,rs16000251,rs24001109,14061,flagged,0
n8a49fd6297f6575f,rs16000269,rs24001247,14061,flagged,0
n19bc00cc7865ace9,rs16001180,rs24002970,46475,honest,0
n9564cb5a0563870b,rs16000042,rs24000114,14061,flagged,0
nb5e2f61633217138,rs16000433,rs24001776,14061,honest,0
n4d29764df23bec4b,rs16000957,rs24002703,33652,honest,0
n5051ff86f33c1e56,rs16000721,rs24002259,16276,honest,0
n58b921583a9e200b,rs16000270,rs24001275,14061,honest,0
n5864f3e7e27023ba,rs16000780,rs24002369,5650,honest,0
nd4777a08f4cb2363,rs16000997,rs24002745,16302,honest,0
n70ddb2790ce6b075,rs16000282,rs24001445,14061,flagged,0
n633e6cb435205233,rs16000280,rs24001382,14061,flagged,0
n80c3bdfa065ab556,rs16000701,rs24002229,16276,honest,0
nb3180bd1bc8d8f85,rs16000029,rs24000060,14061,flagged,0
ned06f09ba5f0b846,rs16000117,rs24000233,14061,flagged,0
nb7e13e8f69ee40d7,rs16000145,rs24000444,14061,flagged,0
n623eb8595f79e802,rs16001035,rs24002794,3320,honest,0
nf2eccb4a6ce08b60,rs16001180,rs24002970,46475,honest,0
nfeb9ac203b5af00b,rs16000282,rs24001449,14061,flagged,0
n21738cc20d03147c,rs16000169,rs24000553,14061,flagged,0
nd5b86fbfbfae6e42,rs16000382,rs24001712,200651,honest,0
nf2c30b8ec251ced8,rs16000280,rs24001404,14061,flagged,0
nc311c6e83ad8d0ef,rs16000270,rs24001261,14061,honest,0
n6149b7030d64b1c1,rs16000029,rs24000052,14061,flagged,0
nd36adb87511c6b24,rs16000614,rs24002105,51167,honest,0
nde1051729cb898c3,rs16000545,rs24001956,14061,flagged,0
nef627a44e8e7212a,rs16000209,rs24000779,16276,honest,0
n0b35d1be6cdbdc7d,rs16000120,rs24000308,14061,flagged,0
n7d2e4376fbbb8a19,rs16000251,rs24001094,14061,flagged,0
nab3a3d199363198e,rs16000567,rs24002015,14061,flagged,0
nd51d324bb2717be1,rs16000117,rs24000243,14061,flagged,0
n1a94d9ebd6d45d20,rs16000450,rs24001832,33387,honest,0
nee95fbebdfdc949d,rs16000238,rs24001014,14061,honest,0
n8878301f20d1b112,rs16000201,rs24000762,16276,honest,0
nbe61e9fb411af871,rs16000267,rs24001193,14061,flagged,0
n08e04cd2937e1b6d,rs16000438,rs24001816,24940,honest,0
n008aeeabfaf88341,rs16000112,rs24000213,14061,flagged,0
n7046fee2cc2ad6f5,rs16000714,rs24002243,26832,honest,0
n01a5dd9eca275a09,rs16000270,rs24001276,14061,honest,0
n3b4a153ad945cfcd,rs16000254,rs24001127,26832,honest,0
ne8c81b3feed4b2ce,rs16000233,rs24000915,14061,honest,0
n10ca2ec2aad07342,rs16000173,rs24000636,14061,flagged,0
ndb6e83871d3db72c,rs16000567,rs24002015,14061,flagged,0
na7fe6bc6df376244,rs16000201,rs24000765,16276,honest,0
nc3e6ddf23449a19e,rs16000192,rs24000720,16276,honest,0
n740a3be1a05fa123,rs16000119,rs24000266,14061,flagged,0
neeca89bf1f9c4961,rs16000141,rs24000420,14061,honest,0
n544e8def964ef76d,rs16000261,rs24001139,152900,honest,0
ncd31ad7d1520fd28,rs16000270,rs24001272,14061,honest,0
n07ab7593641f2d2c,rs16000948,rs24002694,33363,honest,0
n1276cf4ab7ad34f1,rs16000270,rs24001273,14061,honest,0
ndf03e7e11e0c79a7,rs16000026,rs24000039,14061,flagged,0
na0fdb1767a8677e4,rs16000112,rs24000194,14061,honest,0
nf7aa5f092b6c69d2,rs16000340,rs24001626,14061,flagged,0
n5b4441d7eec65eb0,rs16000233,rs24000921,14061,honest,0
n10e7a03575b087e5,rs16000265,rs24001146,14061,flagged,0
nc00190de12d3ec9d,rs16000738,rs24002284,41281,honest,0
nf17730dc53e7de99,rs16000268,rs24001211,14061,flagged,0
nc425845e0ba4e4b0,rs16000224,rs24000826,14061,flagged,0
nfd86ca3a58546b6e,rs16000637,rs24002131,63949,honest,0
n8904f0496078f2cd,rs16001154,rs24002935,8866,honest,0
n4b3b141b1550e32d,rs16001041,rs24002800,21413,honest,0
n9646a465cc87a3b3,rs16000619,rs24002110,137266,honest,0
n9c083b4d22b2563e,rs16000170,rs24000584,14061,honest,0
nd5291b3cdb002463,rs16001292,rs24003107,33652,honest,0
n24429bf73a5bc01b,rs16000271,rs24001303,150818,honest,0
n458703c5daf5975d,rs16000340,rs24001614,14061,flagged,0
ne2dfb314cda965e4,rs16000251,rs24001110,14061,flagged,0
nea7e23893f58a5da,rs16000288,rs24001483,14061,honest,0
n4b259346c8ea5e88,rs16000112,rs24000203,14061,honest,0
n7c22742fd80b9fe5,rs16000273,rs24001333,14061,flagged,0
n2a64a86df3223bd8,rs16000468,rs24001861,51898,honest,0
n158fe9522a52767f,rs16000169,rs24000546,14061,flagged,0
n0bb5b2ce1a0a18b4,rs16000212,rs24000799,197540,honest,0
nf7ba5d212c0a9d23,rs16000282,rs24001453,14061,flagged,0
nd946a0196a538c89,rs16000175,rs24000642,14061,flagged,0
n9b983acd781473ec,rs16000721,rs24002253,16276,honest,0
n19be1c2aef8f93be,rs16000267,rs24001180,14061,flagged,0
n1b0882addfee212a,rs16000923,rs24002668,7018,honest,0
n7c3c88d1838b9bcd,rs16000288,rs24001508,14061,flagged,0
n2f4fd3be35c84c70,rs16001180,rs24002968,46475,honest,0
ne3880455938fc71e,rs16001266,rs24003078,24940,honest,0
nfdac0ceb58e84173,rs16000270,rs24001273,14061,honest,0
n5873f9b04ff9d9ce,rs16000288,rs24001507,14061,flagged,0
n0c73628a60f96a05,rs16000270,rs24001273,14061,honest,0
na81b1bb17b570a02,rs16000721,rs24002253,16276,honest,0
n05380715788e60fb,rs16000721,rs24002259,16276,honest,0
n7c72677f433ed375,rs16001207,rs24003005,35699,honest,0
nbecb62cec6549aa6,rs16000567,rs24002039,14061,flagged,0
na3de79c7ca3effa0,rs16000567,rs24002041,14061,flagged,0
n6a38d5b1f20283e5,rs16000119,rs24000264,14061,flagged,0
n533efc61df3e1f80,rs16000635,rs24002128,5769,honest,0
n83b69624daabad3e,rs16000291,rs24001525,63949,honest,0
ncbad0a8d0a1b33d0,rs16001071,rs24002832,212238,honest,0
n43f82fa0a2c55516,rs16000674,rs24002188,396982,honest,0
n894066a6efebe6b1,rs16000261,rs24001139,152900,honest,0
ncf583daa6de1a6bc,rs16000242,rs24001041,14061,honest,0
n2f20b9f081770703,rs16000340,rs24001641,14061,flagged,0
n0a9701ea3c5d195d,rs16000266,rs24001170,14061,flagged,0
n7ef928c1d64a2aa9,rs16000567,rs24002024,394996,honest,0
nd4912c9eccb83569,rs16000270,rs24001278,14061,honest,0
n10de11ff9bc306e9,rs16000119,rs24000272,14061,flagged,0
n248a77345062329a,rs16000454,rs24001843,14061,flagged,0
nf80a1f8bcea8f47a,rs16000251,rs24001112,14061,flagged,0
nbcfbe39d372e022a,rs16000270,rs24001260,14061,flagged,0
n3e74b7dcc0e62276,rs16000383,rs24001713,63023,honest,0
nb4a5f417740fd63c,rs16000042,rs24000097,14061,flagged,0
ne7d93f824aaba8ee,rs16000187,rs24000669,14061,flagged,0
n5c7c662264df916e,rs16000653,rs24002159,14061,flagged,0
n17c69d393c31e25e,rs16000212,rs24000803,197540,honest,0
nb5e48ae0b6272808,rs16000270,rs24001286,14061,honest,0
nbbf6d28dc5565b3f,rs16000149,rs24000475,14061,flagged,0
n044f89a2484f6489,rs16000862,rs24002498,14061,flagged,0
n8628ec00abc5f1cb,rs16000721,rs24002259,16276,honest,0
n4c8d494d987e475a,rs16000112,rs24000214,14061,honest,0
n4453dc78703c0361,rs16000810,rs24002433,19108,honest,0
n5787cb69e068e76c,rs16000360,rs24001679,4764,honest,0
n90017d72fa106944,rs16000270,rs24001264,14061,honest,0
n161aad3f7dfe65ad,rs16000145,rs24000441,14061,honest,0
n1f7d76e58dd6409b,rs16000410,rs24001746,202596,honest,0
n76078d9dae6b6e17,rs16001180,rs24002969,46475,honest,0
n5d7f256150203fa0,rs16000251,rs24001106,14061,flagged,0
n5511629e4a3bd799,rs16000280,rs24001381,14061,flagged,0
n850d2aa01a158b04,rs16000270,rs24001260,14061,flagged,0
n8aecfb0c400ed94a,rs16000270,rs24001273,14061,honest,0
n119fd4695130ff99,rs16000273,rs24001323,14061,flagged,0
n75e8a40cc5cd7393,rs16000288,rs24001498,14061,flagged,0
n05a755af8695a344,rs16000314,rs24001563,14061,flagged,0
n37731d124cc80c0c,rs16000454,rs24001839,14061,flagged,0
n9e5a470faaf5a4c5,rs16000149,rs24000483,14061,honest,0
na59ff4011a64a029,rs16000271,rs24001303,150818,honest,0
na1b7cd20835321b5,rs16000866,rs24002540,14061,flagged,0
ne6af95a19014b703,rs16001104,rs24002882,46475,honest,0
n9497eeeb53d168c8,rs16000269,rs24001252,14061,honest,0
n767957d42820e37c,rs16000236,rs24000952,14061,flagged,0
n2b266560a47c9fcc,rs16000288,rs24001503,14061,flagged,0
n515e5f65196fac78,rs16000270,rs24001273,14061,honest,0
ne1bfcd7c5f2e2ec9,rs16001143,rs24002923,8560,honest,0
naf80a753b37cdc71,rs16000042,rs24000112,14061,flagged,0
n392afd03baedff5c,rs16000008,rs24000010,45839,honest,0
na7886840b74a7682,rs16000271,rs24001303,150818,honest,0
n3a8592f083e609c2,rs16001077,rs24002838,12322,honest,0
nc36a89e50efa29f1,rs16000914,rs24002658,7018,honest,0
n16563c0f310d8a5b,rs16001114,rs24002893,212477,honest,0
n4f57b5a16a7e15e2,rs16001013,rs24002767,24961,honest,0
n098a8f50c0c11077,rs16000721,rs24002260,16276,honest,0
n8d20e525dfc61080,rs16000892,rs24002597,20473,honest,0
ne67d1372e7afa946,rs16000908,rs24002638,14061,flagged,0
n0877ab61c8938ca7,rs16000270,rs24001302,14061,flagged,0
n1f2f6ca4b8f85fb3,rs16000119,rs24000281,14061,flagged,0
n3575c3f11898e7a5,rs16001180,rs24002969,46475,honest,0
ncc6d32c4e93e18c8,rs16000862,rs24002495,14061,honest,0
n6d0a733ddd654b85,rs16000314,rs24001561,14061,flagged,0
nae9628b1c454f2af,rs16000282,rs24001432,14061,flagged,0
nbf68ff3e13cd67f1,rs16000904,rs24002614,11351,honest,0
n87998d8847ca22d4,rs16000353,rs24001670,14061,flagged,0
n8aba3e1d83cbaa31,rs16000340,rs24001612,14061,flagged,0
n3b512c52f8fa28db,rs16000326,rs24001581,48031,honest,0
nf0529cabe6eb9196,rs16000530,rs24001937,210083,honest,0
n66ae77567bff7699,rs16000238,rs24001011,14061,flagged,0
n7811306670767665,rs16000238,rs24001000,14061,flagged,0
n75a45675bdb815ea,rs16000187,rs24000696,14061,flagged,0
nc8c6ec6d99647365,rs16000172,rs24000606,14061,honest,0
n76bd53b6939a8d47,rs16000262,rs24001140,14061,honest,0
nb93b5e4f997b27cb,rs16000269,rs24001248,14061,honest,0
ne0abb16ad4084925,rs16000201,rs24000761,16276,honest,0
n5a1b5076172322b2,rs16000270,rs24001281,14061,honest,0
ncf70858c4381cc03,rs16000225,rs24000856,14061,flagged,0
n7a4c14d2e1c14190,rs16000306,rs24001543,51167,honest,0
n440461b18ff22ac5,rs16001180,rs24002969,46475,honest,0
n559684fed9b587d7,rs16000172,rs24000622,14061,flagged,0
nebd5031ca90e30e9,rs16000267,rs24001192,14061,flagged,0
n87a96deaf65a0d48,rs16000862,rs24002501,14061,flagged,0
n05a08b0bdf653e48,rs16000864,rs24002521,14061,flagged,0
n768492c9c8aab1c2,rs16000270,rs24001265,14061,honest,0
n027e41a8dd9f141b,rs16000145,rs24000439,14061,flagged,0
nffddb10ebdb4a73b,rs16000388,rs24001720,60602,honest,0
nd2e615bc8f830a68,rs16000510,rs24001914,14061,flagged,0
n93be257b3dcbbdaa,rs16000991,rs24002738,13030,honest,0
naae3ab66815b97e5,rs16001180,rs24002968,46475,honest,0
n82a1026cf4ba451f,rs16000201,rs24000763,16276,honest,0
nf4ccfce700ec03c5,rs16000570,rs24002048,14061,flagged,0
n446cae16111bad07,rs16000117,rs24000232,14061,flagged,0
nf22f506400db7062,rs16000251,rs24001116,14061,flagged,0
na0fb0473dcf37eda,rs16000244,rs24001058,51167,honest,0
n5b909f08c2570f81,rs16000117,rs24000230,14061,flagged,0
n93fcc266b9376ddf,rs16000242,rs24001053,14061,flagged,0
nd4c09cb042c09b8c,rs16000270,rs24001255,14061,honest,0
naa1b645a266c3875,rs16000567,rs24002011,14061,honest,0
ne647de0eb4e957f2,rs16000242,rs24001047,14061,honest,0
n4c01456cda54b9a4,rs16000280,rs24001392,14061,flagged,0
n8ec637a8a5d4be6a,rs16000270,rs24001294,14061,honest,0
ne2976fcfaf08f728,rs16001280,rs24003095,6327,honest,0
n96b8f92e27401dc3,rs16000242,rs24001047,14061,honest,0
n4a57160cb8b65191,rs16000201,rs24000764,16276,honest,0
n13be9bd5574c8e93,rs16000201,rs24000766,16276,honest,0
n1f1e8bab6c8a0bb6,rs16000367,rs24001690,200651,honest,0
n4dd08833f78c9b35,rs16000213,rs24000804,56694,honest,0
nc7a37fb6cacf0c76,rs16000731,rs24002274,2027,honest,0
n32e9424aeb5657af,rs16000390,rs24001723,214159,honest,0
n28c1067a524cff1a,rs16000721,rs24002259,16276,honest,0
n25e0db8a2b8d5541,rs16000833,rs24002464,16276,honest,0
n3fdd4ded5fd345d3,rs16000941,rs24002687,7029,honest,0
n3d03be9a64aebd97,rs16000224,rs24000835,14061,flagged,0
na5e5d85447412f02,rs16000721,rs24002260,16276,honest,0
n239dce9116390fec,rs16000270,rs24001266,14061,flagged,0
n5adc521878934308,rs16000119,rs24000267,14061,honest,0
n6a7780053a45a7ad,rs16000233,rs24000904,14061,flagged,0
n35b9ab398904ff17,rs16000236,rs24000964,14061,flagged,0
n87bb9bec51e42ce1,rs16000187,rs24000682,14061,honest,0
nd0fee5eef9781b83,rs16000743,rs24002300,14061,flagged,0
n855ba055af62df9c,rs16000561,rs24001991,30247,honest,0
n8e21488e3a4e6a8c,rs16000270,rs24001281,14061,honest,0
n8a0679fc9682e163,rs16000759,rs24002345,12912,honest,0
nda62962f21d6c97e,rs16000646,rs24002150,20001,honest,0
n92023fcbd1e21e45,rs16000122,rs24000330,16276,honest,0
n95ad2954ae7a544d,rs16000282,rs24001436,14061,flagged,0
nfe3e7302104b0ab4,rs16000282,rs24001426,14061,flagged,0
n9a9ce7b560af7776,rs16000743,rs24002293,14061,flagged,0
ne77f1881fee6e575,rs16000866,rs24002537,14061,flagged,0
ne64d685317f38649,rs16000269,rs24001241,14061,flagged,0
nf715e213aa74b344,rs16000721,rs24002260,16276,honest,0
n0147afd0cfce6d27,rs16000755,rs24002323,14061,flagged,0
n3fbc890245bf9c3c,rs16001247,rs24003052,2586,honest,0
n6a9bb8a4e834d217,rs16000340,rs24001628,14061,flagged,0
n719991ce426f6ce5,rs16000187,rs24000693,14061,flagged,0
n1c13f06dffb37f46,rs16001018,rs24002773,24940,honest,0
n38163b6c7a33f957,rs16000634,rs24002127,3223,honest,0
nb36f1cc5fcc29368,rs16000045,rs24000119,3223,honest,0
n6dba4e0c612ca775,rs16000290,rs24001517,63949,honest,0
ne16380c95709797c,rs16000282,rs24001430,14061,flagged,0
nda2f86f55c9c1c4e,rs16000696,rs24002223,24940,honest,0
nd1d58ad5ade32db9,rs16000270,rs24001277,14061,honest,0
nbc6c816e0a1c6add,rs16000853,rs24002485,3329,honest,0
n0fd1e24eeaf3e681,rs16000149,rs24000471,14061,honest,0
ne01cdc024e89cd87,rs16000282,rs24001439,14061,flagged,0
na1f68df47aae98c2,rs16000172,rs24000602,14061,flagged,0
n844b9d0111343a8d,rs16000570,rs24002047,14061,flagged,0
n1e6f8a62892db941,rs16000721,rs24002260,16276,honest,0
n166e301fcdfa5ea7,rs16000280,rs24001399,14061,flagged,0
nb079fdc4cc06cba2,rs16000452,rs24001834,152900,honest,0
nb2c782d90af37edb,rs16000908,rs24002637,14061,flagged,0
ncfacce8cd993e60b,rs16001181,rs24002973,46475,honest,0
n1c15db6de0e83a34,rs16000242,rs24001026,14061,flagged,0
n4da020e0b1d9d249,rs16000112,rs24000200,14061,honest,0
n140698154a8acf5d,rs16000282,rs24001439,14061,flagged,0
nf3ead776e4459433,rs16000029,rs24000050,14061,honest,0
n3e2d8b6b2a73e0a8,rs16000193,rs24000731,14061,flagged,0
nfb8538dd00599d03,rs16000212,rs24000801,197540,honest,0
n9b9f85bb0b26d170,rs16001200,rs24002997,3301,honest,0
n9d367de939c91f9f,rs16001180,rs24002969,46475,honest,0
n0a97a409ad68fb3a,rs16000721,rs24002259,16276,honest,0
n774c636fd1dc0b1d,rs16000233,rs24000891,14061,honest,0
n647bc465c48f06d0,rs16000454,rs24001836,14061,flagged,0
n71a711100014518a,rs16000270,rs24001259,14061,flagged,0
n4818671d14ccd406,rs16000908,rs24002632,14061,flagged,0
n7e0e91e114cf3efa,rs16001226,rs24003025,3209,honest,0
n90ff742850191d83,rs16000251,rs24001098,14061,flagged,0
n717dafc8ce624890,rs16000042,rs24000109,14061,flagged,0
n77a735172ab583da,rs16000976,rs24002723,20115,honest,0
n4d9415b4976af304,rs16000626,rs24002117,22295,honest,0
nf85fe6ba44795803,rs16000380,rs24001709,207728,honest,0
n093ba12357d35ba0,rs16000093,rs24000171,7018,honest,0
n53f82406ab36934f,rs16000172,rs24000621,14061,flagged,0
n61d044db11fc654f,rs16000270,rs24001272,14061,honest,0
nb343d470873e200b,rs16000193,rs24000737,14061,flagged,0
n17bef0725eac3685,rs16000721,rs24002259,16276,honest,0
nb7364eee492fd3ff,rs16000399,rs24001733,197540,honest,0
n17bb8fdb7136f9b3,rs16000093,rs24000171,7018,honest,0
n973db64932ef46d3,rs16000881,rs24002585,24940,honest,0
n52108a47e482cbfc,rs16000925,rs24002670,33657,honest,0
n9a5959aa8df14231,rs16000956,rs24002702,33491,honest,0
n91119297ad5621fa,rs16001107,rs24002885,1136,honest,0
n06f28f8d3bf6e0d7,rs16000119,rs24000252,14061,honest,0
ndab28ad864fa9c70,rs16000141,rs24000419,14061,honest,0
n380b3b723d5d26fb,rs16000149,rs24000500,14061,honest,0
n9265c6dbdc134095,rs16000224,rs24000830,14061,honest,0
n9ddb1993fb535191,rs16000238,rs24001005,14061,honest,0
nf14f0595ade36023,rs16000494,rs24001889,12876,honest,0
n60ed19502d69ecfe,rs16000212,rs24000795,197540,honest,0
nc6708f038cb481f9,rs16000117,rs24000246,14061,flagged,0
n691a05a61017a09f,rs16001104,rs24002882,46475,honest,0
nf0527ea75efcad42,rs16000172,rs24000619,14061,flagged,0
n0d97b2e86b7c056d,rs16000270,rs24001301,14061,flagged,0
n50740852f3911440,rs16001000,rs24002749,24940,honest,0
n3a852c3c86eef41e,rs16000242,rs24001034,14061,flagged,0
nc7b28e2eff70a81c,rs16000229,rs24000883,51167,honest,0
nfaf98773fc75bd29,rs16001104,rs24002882,46475,honest,0
n8a79b80bbca19336,rs16000270,rs24001267,14061,flagged,0
n8ec7bc33d4a92d88,rs16000268,rs24001225,14061,flagged,0
nf38a056d468d3f41,rs16000567,rs24002022,14061,flagged,0
n07216816b775fb26,rs16000851,rs24002483,50266,honest,0
ne2c9ccf603078c76,rs16001180,rs24002966,46475,honest,0
nc1326ee50bf511b1,rs16000201,rs24000766,16276,honest,0
nad301064b38b73c6,rs16000236,rs24000984,14061,flagged,0
n622080b0a15c6361,rs16000452,rs24001834,152900,honest,0
ne65fb3ad6bf35314,rs16000112,rs24000198,14061,honest,0
n75ae40e3a1693d3b,rs16000031,rs24000077,152900,honest,0
nca25f4945ae74cb1,rs16000852,rs24002484,212477,honest,0
n0f2a0ec52acd848b,rs16000119,rs24000262,14061,flagged,0
nca5f5ed6e17f1fae,rs16000270,rs24001275,14061,honest,0
n81ff074568c88e08,rs16000270,rs24001293,14061,honest,0
n6ef4ae7d8a20bf01,rs16000854,rs24002486,15435,honest,0
nb48b8c2226cb024f,rs16000616,rs24002107,4771,honest,0
nab860facfc4b5faf,rs16000783,rs24002378,24940,honest,0
n877582f8ac621ad1,rs16000119,rs24000276,14061,honest,0
naa095d297793969c,rs16000119,rs24000266,14061,honest,0
n726a3c970067c4cf,rs16000079,rs24000153,9443,honest,0
n6ded5585b78e6402,rs16000908,rs24002627,14061,flagged,0
n337f3f49d357235b,rs16000261,rs24001139,152900,honest,0
n13e6b84bf1a6f74c,rs16000087,rs24000165,24940,honest,0
n42541556dd65c801,rs16000748,rs24002315,212477,honest,0
n5f58803ceaa4643a,rs16000269,rs24001245,14061,flagged,0
n924040e8c5c8c109,rs16000798,rs24002404,60404,honest,0
n9607aec301964247,rs16000201,rs24000762,16276,honest,0
nbea69e738ed59199,rs16000288,rs24001478,14061,flagged,0
n3a7e885d40a8a540,rs16000149,rs24000480,14061,flagged,0
n6b57daeb6c2a4244,rs16000881,rs24002577,24940,honest,0
n4415bcec3ab18124,rs16000139,rs24000365,14061,flagged,0
n3e2590a17c22f981,rs16000225,rs24000846,14061,flagged,0
nfc9149be61484aaa,rs16000270,rs24001289,14061,honest,0
n237356e008e1e366,rs16000477,rs24001871,5610,honest,0
n9153377f7c29789f,rs16000112,rs24000205,14061,honest,0
nf029ede605b78246,rs16000380,rs24001708,197540,honest,0
nc605556735f686be,rs16000269,rs24001251,14061,flagged,0
naa64ddda1bef3f23,rs16000026,rs24000038,14061,flagged,0
n5ec059c8e249c444,rs16000270,rs24001273,14061,honest,0
n41c3d5e4bd05cf4a,rs16000236,rs24000949,14061,flagged,0
nd1a6d442a2f6de91,rs16000233,rs24000905,14061,flagged,0
n2b99d6050a38f442,rs16000536,rs24001943,4760,honest,0
n34d2fa32e5546c75,rs16000570,rs24002045,14061,flagged,0
n0d0275064d786b3e,rs16000112,rs24000222,14061,honest,0
n4eb22908cec1ef66,rs16000149,rs24000489,14061,flagged,0
n4869a9223e1ac638,rs16000467,rs24001860,197540,honest,0
n26d588a4177db9b5,rs16000452,rs24001834,152900,honest,0
nc0f25f68b9f4acc7,rs16000187,rs24000693,14061,flagged,0
n5c0b90a19fcf3246,rs16000238,rs24001006,14061,honest,0
nde54ef22740157dc,rs16000233,rs24000894,14061,flagged,0
n79fb4afc3045b2fa,rs16000170,rs24000599,14061,flagged,0
n2555d4504a75cb0a,rs16000270,rs24001273,14061,honest,0
n588447e3f8f80e69,rs16000270,rs24001275,14061,honest,0
n5ed6dd1268716451,rs16001079,rs24002853,12322,honest,0
n0ae84c27bc8bd55f,rs16000288,rs24001499,14061,honest,0
n9c8ce3e6d7f7e9e2,rs16000280,rs24001392,14061,flagged,0
n250e91ca5511ab96,rs16000265,rs24001149,14061,honest,0
n0b65395fb8224d67,rs16000864,rs24002524,14061,flagged,0
n790d0f6bb3350c4d,rs16000282,rs24001427,14061,flagged,0
n4c809d0820004846,rs16000288,rs24001472,14061,flagged,0
nc14f8b4a8ca0dc2f,rs16000042,rs24000105,14061,flagged,0
nda639ced7ceab095,rs16000225,rs24000875,14061,flagged,0
n6ded0597e08795eb,rs16000270,rs24001274,14061,honest,0
n176cff7f9a07e5e7,rs16000743,rs24002291,14061,honest,0
n42d810fd1a7a8d71,rs16000033,rs24000080,400304,honest,0
n6cecae2ec70fc992,rs16000242,rs24001035,14061,flagged,0
n7c2fa3dd8c10d239,rs16000637,rs24002131,63949,honest,0
nb2065fb100099b29,rs16000201,rs24000762,16276,honest,0
n7ab168663a806a86,rs16000236,rs24000969,14061,flagged,0
n242c72efb0f36400,rs16000721,rs24002252,16276,honest,0
na5a1bc9b253f83d0,rs16000551,rs24001980,14061,flagged,0
n0b21f41ca7488d81,rs16000397,rs24001731,60729,honest,0
n3d2705958804c5f1,rs16000273,rs24001323,14061,flagged,0
nfcc273d782b2588e,rs16000270,rs24001259,14061,flagged,0
n6bd7090f95d7a451,rs16000444,rs24001826,51852,honest,0
n9599cb2e7dce24c6,rs16000454,rs24001837,14061,flagged,0
nc39ede1c9481ce9b,rs16000651,rs24002155,20115,honest,0
n263fe1b81fae40d1,rs16000179,rs24000659,3303,honest,0
n45bf81b98520f0d0,rs16000270,rs24001274,14061,honest,0
n790f0acacfec90fe,rs16000295,rs24001531,63949,honest,0
n361178fb6e924fad,rs16001180,rs24002969,46475,honest,0
ndf669fa62d8cd4cc,rs16000567,rs24002023,14061,honest,0
n23ffc3f24638d0e8,rs16000433,rs24001802,14061,honest,0
nff314645872cb893,rs16000112,rs24000201,14061,honest,0
n62638667165c8178,rs16000119,rs24000283,14061,flagged,0
n80a038ccaee16f92,rs16000606,rs24002095,141995,honest,0
nae9239cefd299943,rs16000721,rs24002256,16276,honest,0
nd6f83994f6fe97bd,rs16000288,rs24001491,14061,flagged,0
n5ab25f5451168d64,rs16000017,rs24000020,153952,honest,0
n63f11e3c170081f0,rs16000201,rs24000768,16276,honest,0
n384fe07e04479c0c,rs16000277,rs24001376,14061,flagged,0
n7e3c8246b8cb45e9,rs16000112,rs24000210,14061,flagged,0
n4aa4fe0f97964b33,rs16000042,rs24000102,14061,flagged,0
n1ddf684f7b25622a,rs16000273,rs24001335,14061,honest,0
n4a388ed4dcb841fb,rs16000999,rs24002748,46475,honest,0
n0ec117cc9eef9f15,rs16001180,rs24002970,46475,honest,0
ne4d177e7764ef0f4,rs16001180,rs24002966,46475,honest,0
ndd64aaa7724b381c,rs16000112,rs24000201,14061,honest,0
na3c0d1dc650d4115,rs16001104,rs24002882,46475,honest,0
naa9e242a96587c38,rs16000029,rs24000055,14061,flagged,0
n48d242a05ab6b65e,rs16000172,rs24000615,14061,flagged,0
n15cee89486fb638f,rs16001104,rs24002882,46475,honest,0
n8a2222e1b431c045,rs16000277,rs24001370,14061,flagged,0
n5ec758a8ae328f90,rs16000438,rs24001811,24940,honest,0
ncf406b1d893a3f58,rs16000673,rs24002186,396982,flagged,0
nf4a1d1d51786657c,rs16000112,rs24000202,14061,honest,0
nbf0955633980da7c,rs16000266,rs24001171,14061,flagged,0
nc9bc678cc5a7c186,rs16000909,rs24002653,11878,honest,0
nf19e23c07ec743c4,rs16000277,rs24001353,14061,honest,0
n2a94630061c3a47b,rs16000270,rs24001275,14061,honest,0
nb04052257b8ac3ab,rs16000721,rs24002259,16276,honest,0
nf1f866d63f70e3ef,rs16000201,rs24000761,16276,honest,0
na1e0b329a31acc9d,rs16000201,rs24000761,16276,honest,0
n64f010ccc4d892df,rs16000062,rs24000136,196949,honest,0
n8d11759af27d9281,rs16000071,rs24000145,31257,honest,0
n5f401e95755d83b0,rs16001194,rs24002989,51083,honest,0
n45bdad6f3afdff94,rs16000443,rs24001824,7303,honest,0
n3502ffaccf70c80c,rs16000270,rs24001274,14061,honest,0
n1327803fc2c99d5f,rs16000765,rs24002352,24940,honest,0
nfd942e03e86298c6,rs16001181,rs24002973,46475,honest,0
n4d385ce095149785,rs16001180,rs24002970,46475,honest,0
nb0a7a9548c23ea3a,rs16001054,rs24002813,1136,honest,0
n7f784e97f8dc35ee,rs16000510,rs24001915,14061,flagged,0
n2209b9371b2c6452,rs16000917,rs24002661,12083,honest,0
nb3e9193afb37de08,rs16000839,rs24002471,7545,flagged,0
n9ac346aa0ff46dfc,rs16001001,rs24002751,25515,flagged,0
n3397b90efd6b541e,rs16000967,rs24002713,11170,flagged,0
nde33f59d39639c73,rs16000761,rs24002347,12824,honest,0
na6ceaefb8518da28,rs16000366,rs24001689,32489,honest,0
n3ab2700581a4e97b,rs16000070,rs24000144,213269,honest,0
n0fc342fc4a92f3ca,rs16000327,rs24001582,198953,honest,0
n3721a696eb54c689,rs16000558,rs24001988,30377,honest,0
nd798a0c9b6e285f4,rs16001203,rs24003000,3215,honest,0
ne01d0d237ac30deb,rs16000355,rs24001674,213677,honest,0
n394fbd05616ecd99,rs16000151,rs24000515,16276,honest,0
neaccabd6e6100132,rs16000032,rs24000079,397373,honest,0
n61db112ebd7e0306,rs16000425,rs24001762,262799,honest,0
n22211774a1ba6a19,rs16000141,rs24000390,14061,honest,0
n0f92f186c5692850,rs16000162,rs24000531,16276,honest,0
nc037335076487913,rs16000495,rs24001892,43641,honest,0
nb7efd0ef930981c2,rs16001024,rs24002783,60068,honest,0
nfe1f311293159ac9,rs16000757,rs24002343,35244,honest,0
n39de3ce74e53ceb5,rs16000185,rs24000667,16276,honest,0
n357287318e9aaccf,rs16000626,rs24002119,1002,honest,0
nb21f7683bc573b4e,rs16000178,rs24000657,14956,honest,0
n26161cab28032a7b,rs16000435,rs24001806,3209,honest,0
nd880c8d76aabffde,rs16000626,rs24002118,40663,honest,0
na6c5d59aff4821e6,rs16000801,rs24002411,58061,honest,0
n1bce400f59006c7c,rs16000229,rs24000881,51167,honest,0
n4c612bada8a316dc,rs16000638,rs24002132,262287,honest,0
nd4f5f1cc139dfc4c,rs16000195,rs24000745,16276,honest,0
n5021c4654bde56f5,rs16000776,rs24002365,5650,honest,0
nd22c00acc7182228,rs16001183,rs24002977,216071,honest,0
nd2d7149a505c74ff,rs16000173,rs24000638,14061,honest,0
na63997bb22ab1f9c,rs16000881,rs24002580,24940,honest,0
n1d4c9854fb084f9a,rs16000187,rs24000681,14061,honest,0
na02d5ad7bce17bd2,rs16000384,rs24001714,51167,honest,0
nfd2e614a0173d81d,rs16000288,rs24001510,14061,honest,0
n32e1a6a67f4fd4db,rs16000542,rs24001950,6079,honest,0
n75097268c40f8e50,rs16000233,rs24000918,14061,honest,0
n73785031f819bf2f,rs16000403,rs24001738,48314,honest,0
nb582b41c83ab46be,rs16000796,rs24002399,16125,honest,0
n48274f47d3af9eb1,rs16000652,rs24002156,12083,honest,0
n7e03246f93978e93,rs16000607,rs24002096,141995,honest,0
n561db4455ceceb14,rs16000179,rs24000658,3303,honest,0
n12061d438fef99c2,rs16000751,rs24002318,49447,honest,0
n0b2de3c0264d119d,rs16000594,rs24002082,36352,honest,0
n5045e4ba431db57f,rs16000811,rs24002435,20055,honest,0
nd8e97f2bc3c0b792,rs16001250,rs24003055,8612,honest,0
n259a1e52da3b3593,rs16000573,rs24002058,9443,honest,0
n0f97354bda5eaf08,rs16000517,rs24001922,26223,honest,0
n34ae82b8bcbc5d46,rs16000908,rs24002640,14061,honest,0
ncee45bb8b3d38662,rs16001097,rs24002873,42611,honest,0
n4a103a004b81a8d7,rs16000112,rs24000224,14061,honest,0
n79ac47e29788a333,rs16000693,rs24002210,39912,honest,0
n1032c82337c4093d,rs16000140,rs24000387,56478,honest,0
n1544a35356e32f55,rs16000684,rs24002201,396982,honest,0
ncdd79222f6486ecb,rs16000390,rs24001723,214159,honest,0
nfcd6fd905cb69cf5,rs16000768,rs24002356,24940,honest,0
n038f9f5ee64be772,rs16000121,rs24000327,16276,honest,0
ncafd4f19611782a2,rs16000881,rs24002581,24940,honest,0
nc33c6b1d3001f0a9,rs16000340,rs24001606,14061,honest,0
ne01b62f2be555c9d,rs16000161,rs24000527,16276,honest,0
n4ae3af8fa4f05510,rs16000801,rs24002412,58061,honest,0
nda9cd6d7a40efac3,rs16000187,rs24000683,14061,honest,0
na12a7f7db5e8f562,rs16000124,rs24000340,396982,honest,0
n6fea814a77f42dfb,rs16000398,rs24001732,64457,honest,0
n3150374faf44fd2a,rs16001079,rs24002849,12322,honest,0
n8119005a41ad8e27,rs16001167,rs24002949,42841,honest,0
nf8d3c90e89ce5b83,rs16001245,rs24003050,24940,honest,0
n2dc3cdcdaab5a7a9,rs16000253,rs24001125,19318,honest,0
neb29dc1915a1d522,rs16000596,rs24002084,10242,honest,0
n2eea93098ff09790,rs16000891,rs24002595,14361,honest,0
nac1999443430fe2e,rs16000883,rs24002587,33363,honest,0
n2f4e338d9e1b1290,rs16000485,rs24001879,197695,honest,0
nfada8c25393c16c0,rs16001115,rs24002894,6724,honest,0
nf47fbba63a3146a5,rs16000402,rs24001737,204731,honest,0
nb000cf6c2b775666,rs16000681,rs24002198,20115,honest,0
n5b3828cbb1e52d4d,rs16000112,rs24000196,14061,honest,0
n8f20d4b25caadd29,rs16000162,rs24000530,16276,honest,0
ne1db88c5b4626439,rs16000935,rs24002681,6327,honest,0
n4ea24164c0e89fd9,rs16000199,rs24000752,20473,honest,0
n2291e1be88812714,rs16000707,rs24002235,399646,honest,0
n0bfffa73c36b491f,rs16000418,rs24001755,47242,honest,0
n9822b287ce57d949,rs16000877,rs24002568,24940,honest,0
nf0a1b980b0fc0fcc,rs16000141,rs24000419,14061,honest,0
n50699155855bb9e9,rs16000112,rs24000222,14061,honest,0
n7e428209fe5b0b7c,rs16000524,rs24001931,30722,honest,0
nd8b052789d8edf8c,rs16000414,rs24001751,59939,honest,0
n91a9c00c0bea84df,rs16000868,rs24002550,15083,honest,0
n422ca554f457f432,rs16000694,rs24002214,16276,honest,0
n6875b0311ebfdf7d,rs16001282,rs24003097,33491,honest,0
nd3edf9af0347bd40,rs16000743,rs24002290,14061,honest,0
ne4530828f27b48b3,rs16000012,rs24000014,38001,honest,0
n12f50f3e7cec3c06,rs16001044,rs24002803,20755,honest,0
n99a4a386e90a0ce1,rs16001156,rs24002937,21412,honest,0
nad5df2071da13eb8,rs16000805,rs24002426,30722,honest,0
ne3f2686ad8e86422,rs16000697,rs24002224,6206,honest,0
nf983805bd7589967,rs16000460,rs24001853,39622,honest,0
n905eb884f7d8c6b5,rs16000606,rs24002095,141995,honest,0
n528cc31afce148a2,rs16000876,rs24002564,24940,honest,0
n702f8aa33f384629,rs16001175,rs24002957,31127,honest,0
nd964191257854664,rs16001062,rs24002821,35223,honest,0
n43567e0b0494533d,rs16000303,rs24001540,852,honest,0
n30059c1f57af0ba5,rs16000265,rs24001151,14061,honest,0
n9742e12ce8d2e33f,rs16000962,rs24002708,7015,honest,0
nce30c6bf7b35e83e,rs16000886,rs24002590,64236,honest,0
n82e0608fc921b6f4,rs16000803,rs24002417,212317,honest,0
nf325d75b24fc7354,rs16001057,rs24002816,5432,honest,0
n4f66c93f89c0ee70,rs16001121,rs24002901,6799,honest,0
n751c6bfed32f39ce,rs16000142,rs24000432,24940,honest,0
ne183b25372caa097,rs16001265,rs24003072,24940,honest,0
nd8451c12ab45a87a,rs16000968,rs24002714,10796,honest,0
nfd6979849b295a5b,rs16000567,rs24002029,14061,honest,0
n726f3a0abc978792,rs16000630,rs24002123,51396,honest,0
n67883cd4b9026a46,rs16000694,rs24002215,16276,honest,0
n8a52e9f8c983f58d,rs16000938,rs24002684,701,honest,0
n165a9fe78c6228a4,rs16000119,rs24000253,14061,honest,0
n2490ec1dfc36e844,rs16000733,rs24002278,41745,honest,0
nadd852580a0d038d,rs16000377,rs24001705,202759,honest,0
ne8a51531cc3fae42,rs16000696,rs24002219,24940,honest,0
n335011a78453b20e,rs16000175,rs24000652,14061,honest,0
n030ce53b0ef6c2cc,rs16000335,rs24001592,3243,honest,0
nf3d91abf1710a226,rs16000238,rs24001010,14061,honest,0
nffed125ff43bb84a,rs16000099,rs24000177,210083,honest,0
n09536a80ee4f4779,rs16000120,rs24000302,14061,honest,0
n2a7e0e697a0d1945,rs16000149,rs24000502,14061,honest,0
n3c4b8980f1ebdef4,rs16000238,rs24001009,14061,honest,0
nb4451dda5f1f9243,rs16000901,rs24002606,36223,honest,0
n0ac1fde82bb506c8,rs16000700,rs24002227,13188,honest,0
nb560b86e6f26c984,rs16000286,rs24001461,63410,honest,0
n663a48b594e4bdae,rs16000340,rs24001605,14061,honest,0
n647371a4d239a530,rs16000555,rs24001985,6079,honest,0
n307c1e8fe4c3002c,rs16000803,rs24002422,212317,honest,0
n90b793286bb2dae2,rs16001180,rs24002971,46475,honest,0
nc6653bc23e627fb2,rs16000951,rs24002697,701,honest,0
n1d3750d2a2fd7860,rs16001033,rs24002792,33915,honest,0
na8b392f042d9ae9a,rs16000631,rs24002124,213073,honest,0
n5b9f0a609619248d,rs16000748,rs24002315,212477,honest,0
nf38de3dda626b384,rs16001230,rs24003031,24940,honest,0
na4c869f9261db495,rs16000736,rs24002282,397525,honest,0
nf926b3303e6bd709,rs16000679,rs24002196,396982,honest,0
n07ecb657998cfcf5,rs16000498,rs24001899,24940,honest,0
n39fc73d44f6ffc3c,rs16001152,rs24002933,12741,honest,0
n4953d4c198427417,rs16000451,rs24001833,152900,honest,0
nc650c6870dc912ee,rs16000898,rs24002603,7016,honest,0
n19a1b5050df29918,rs16000732,rs24002277,213250,honest,0
nec89ce86e38b6d5d,rs16000908,rs24002641,14061,honest,0
n37bbe430ed49a166,rs16000885,rs24002589,8560,honest,0
n5dd525238d94e019,rs16000750,rs24002317,204601,honest,0
n7f806af9ed0d7afe,rs16000192,rs24000717,16276,honest,0
n9bde053000f2662f,rs16000597,rs24002085,18450,honest,0
n1128fa115fa26e8c,rs16000841,rs24002473,3462,honest,0
n83c32dd978e65112,rs16000133,rs24000352,16591,honest,0
n0f5afd3406cfcc0f,rs16001059,rs24002818,5089,honest,0
n8cfbda6756864a56,rs16000545,rs24001965,14061,honest,0
n9866a1abe2875081,rs16000142,rs24000431,24940,honest,0
n53951d77cf8c3145,rs16000023,rs24000035,207728,honest,0
nbc4a4208a9ecd19b,rs16000498,rs24001897,24940,honest,0
ndb125579545b5272,rs16000432,rs24001772,16276,honest,0
n5039d1c44067a426,rs16000112,rs24000224,14061,honest,0
n008ba2ff6cab960b,rs16000417,rs24001754,214036,honest,0
n7d4b64df9e0e5fe1,rs16000775,rs24002364,5650,honest,0
n3d1d35ccd7e30abf,rs16001295,rs24003110,812,honest,0
n895275466797ac3c,rs16000589,rs24002077,8560,honest,0
n9ee4d0fe7ae0ffaa,rs16000223,rs24000815,4764,honest,0
n07a6d03483f09e0d,rs16001212,rs24003010,3320,honest,0
nfa1d5c359a0b43a5,rs16000545,rs24001964,14061,honest,0
n3ae38914fb73d571,rs16001161,rs24002942,3292,honest,0
nf1785ff1dfcda218,rs16000452,rs24001834,152900,honest,0
n82af4cc0001e7b0c,rs16000716,rs24002245,26042,honest,0
nebb9512867f07f5a,rs16001011,rs24002764,212477,honest,0
n832a6b43c1ae67cd,rs16000625,rs24002116,401562,honest,0
nbc96e8b873613cb8,rs16001090,rs24002866,9009,honest,0
n0e9413ed01ffa0a3,rs16000076,rs24000150,7545,honest,0
ndeef67bc5a64cd16,rs16000999,rs24002747,42610,honest,0
n1bd5743af459c840,rs16000162,rs24000528,16276,honest,0
n9e3b028bfb5a0b99,rs16000422,rs24001759,395092,honest,0
n2107dc9decf0c991,rs16000274,rs24001341,24940,honest,0
naffe900b72267452,rs16001242,rs24003044,207728,honest,0
nab412b66e6bc5a7a,rs16000826,rs24002456,16276,honest,0
na0c498d7813f658a,rs16001007,rs24002760,8251,honest,0
ndb4e256031cc98bf,rs16000699,rs24002226,61254,honest,0
n4a5cff155ef8db27,rs16000264,rs24001142,16276,honest,0
n4ea554d4fce8b804,rs16000880,rs24002575,12282,honest,0
nfbd4edb103b4b00e,rs16000112,rs24000193,14061,honest,0
nd3752d17365e66d2,rs16000721,rs24002255,16276,honest,0
n2b309f710469fb67,rs16000023,rs24000034,27176,honest,0
n9ff9d5bd9a852e56,rs16001265,rs24003073,24940,honest,0
n163aad1731bec701,rs16000031,rs24000077,152900,honest,0
ne6aeeb4c80e86857,rs16000113,rs24000225,51167,honest,0
n59198c11d75b8ed2,rs16000491,rs24001886,26383,honest,0
n9c116c444441b560,rs16000074,rs24000148,8226,honest,0
nb1c47f20c0baca02,rs16000876,rs24002559,24940,honest,0
nb40b6d7554a8cb02,rs16001230,rs24003030,24940,honest,0
nbd8a0aed901eca00,rs16000254,rs24001126,19318,honest,0
n1aa1b8b4c24ca948,rs16000177,rs24000654,29802,honest,0
n31ff04f6e47996ae,rs16000493,rs24001888,34984,honest,0
n213af55f8238a96a,rs16000988,rs24002735,33667,honest,0
n02695745538f9814,rs16000721,rs24002257,16276,honest,0
n699d1b810c5316f5,rs16001153,rs24002934,206996,honest,0
ne7a45610b4c95618,rs16000056,rs24000130,701,honest,0
naf527ba895ec364e,rs16000201,rs24000755,16276,honest,0
n5def7fdfb060e5d1,rs16000808,rs24002431,5650,honest,0
n341a8eb22d9c028d,rs16000663,rs24002173,50266,honest,0
n08971fe465676811,rs16000314,rs24001554,14061,honest,0
n42cbe6ca8bdf9af8,rs16000394,rs24001728,212171,honest,0
n2f5e41ab1acf91b6,rs16000406,rs24001742,200651,honest,0
n60a2daab5ccdc4e0,rs16000430,rs24001768,211381,honest,0
nf6a34226f2df8253,rs16001000,rs24002750,24940,honest,0
n665205d4ec0a44e0,rs16000943,rs24002689,10796,honest,0
n02925ec313172666,rs16000475,rs24001868,51167,honest,0
n0b4c365f624a5f99,rs16001296,rs24003111,812,honest,0
n7db22b387a9cdf7c,rs16001262,rs24003068,60781,honest,0
n10127cad55d14fa8,rs16001213,rs24003012,9136,honest,0
nea74b8e908ac9dc1,rs16000212,rs24000796,197540,honest,0
ncae5ede4da8a9c8a,rs16000328,rs24001584,200019,honest,0
n229e8b9d009a2cd7,rs16001079,rs24002852,12322,honest,0
n7336eca9249f33df,rs16000282,rs24001442,14061,honest,0
n85fad6d7679b4d02,rs16000727,rs24002268,42960,honest,0
n8536fb2d4a60ca6e,rs16000031,rs24000078,152900,honest,0
n5788375fed404d01,rs16000940,rs24002686,701,honest,0
nbc6183569cf22db0,rs16000211,rs24000784,14061,honest,0
n4feddd4fbac70dfc,rs16000499,rs24001902,9009,honest,0
nae5872cfdb770bcc,rs16000254,rs24001127,26832,honest,0
n624a2c79e04d548d,rs16000123,rs24000331,24940,honest,0
ncd6e5057a6314ea6,rs16000581,rs24002067,12876,honest,0
n808bdf94a9783896,rs16001263,rs24003069,201814,honest,0
n2700e20287899147,rs16000173,rs24000640,14061,honest,0
nc395f18bb141b1e6,rs16000234,rs24000936,14061,honest,0
nb3dfd5efef299ff2,rs16000270,rs24001271,14061,honest,0
n5ef3328d576a413b,rs16000798,rs24002403,60404,honest,0
n54ada21bfb2eecf0,rs16000031,rs24000077,152900,honest,0
nd22b40dae01fe1b0,rs16001169,rs24002951,16125,honest,0
n4ba00319371e9dbc,rs16000862,rs24002502,14061,honest,0
n53567a572e7ef323,rs16000112,rs24000219,14061,honest,0
nc7f17d9c0676db2b,rs16000265,rs24001153,14061,honest,0
nbc7147bb6fcc3377,rs16000123,rs24000338,24940,honest,0
ne60953a7e0f34215,rs16000140,rs24000386,64050,honest,0
n30054b9712419c88,rs16000993,rs24002741,46475,honest,0
n0450f3c7aa3fc794,rs16000803,rs24002420,212317,honest,0
n78e62159bc667004,rs16000999,rs24002748,46475,honest,0
n9fc90f588f44ee94,rs16000993,rs24002741,46475,honest,0
n5bc30b4be2611e15,rs16000162,rs24000531,16276,honest,0
n1a41ed63d0373c98,rs16000567,rs24002024,394996,honest,0
n2461c41d75640218,rs16000141,rs24000420,14061,honest,0
n36f0c88a03d6a1e5,rs16000896,rs24002601,209,honest,0
ndff1e12493f546a1,rs16001193,rs24002988,29314,honest,0
nf461305a080ae394,rs16000506,rs24001909,211309,honest,0
n4cfd53abc04014f8,rs16000721,rs24002259,16276,honest,0
nad6e075687024709,rs16000031,rs24000077,152900,honest,0
n196a0377f3238707,rs16000273,rs24001322,14061,honest,0
n51b0902eb40cb4df,rs16000567,rs24002029,14061,honest,0
nce93ec8b0ece80b3,rs16000234,rs24000936,14061,honest,0
na2f73c34e508d4fc,rs16001049,rs24002808,51852,honest,0
nf14e004ef82482fd,rs16001211,rs24003009,719,honest,0
nf2e863eab3911350,rs16000567,rs24002024,394996,honest,0
n7f5170950dae7a2d,rs16000439,rs24001819,24940,honest,0
n4c5872a28bac5bda,rs16000567,rs24002024,394996,honest,0
nb34f72a1cbacb02e,rs16000378,rs24001706,9009,honest,0
n4837c7051b6ae1a9,rs16000241,rs24001020,12353,honest,0
n014451380ff05924,rs16000050,rs24000124,7018,honest,0
n48acded5d0c568c6,rs16000525,rs24001932,30722,honest,0
n5e51220cde5f2106,rs16000153,rs24000517,4134,honest,0
na6397095f5f8e2c5,rs16000072,rs24000146,48716,honest,0
nd8658bc3bfb08988,rs16001110,rs24002888,2119,honest,0
n9ca92832ba64760f,rs16000291,rs24001522,63949,honest,0
n3b7d875022d79461,rs16000362,rs24001683,4134,honest,0
nf32db4532d07c23a,rs16001050,rs24002809,8422,honest,0
ncf0f9b46f284db93,rs16000337,rs24001595,27699,honest,0
n2dac97a8f685674c,rs16000526,rs24001933,6799,honest,0
n89784fd38889f805,rs16001241,rs24003043,3320,honest,0
n59db8c528bf8de76,rs16001029,rs24002788,3320,honest,0
nea2335a6f72e0234,rs16001260,rs24003065,3301,honest,0
n37dc3ffc68023672,rs16000779,rs24002368,5650,honest,0
nd1f9585301844d97,rs16000219,rs24000811,37680,honest,0
nee89fd6dcc2e5792,rs16001162,rs24002943,8422,honest,0
n8be9803331799a12,rs16000569,rs24002044,852,honest,0
nc3fbd6929d10f39a,rs16000586,rs24002072,49453,honest,0
n04c17e2fb74dca0a,rs16000509,rs24001912,37560,honest,0
n3a162f6d79f84dff,rs16000089,rs24000167,9829,honest,0
n4ee56c079864ca6c,rs16001096,rs24002872,3320,honest,0
nd8e03f0fd1b6c1cd,rs16000608,rs24002097,3320,honest,0
n477f3ead94c695eb,rs16000691,rs24002208,1267,honest,0
n45a6be722dc40cfa,rs16001198,rs24002995,5410,honest,0
n8576d0ca2242b50e,rs16000721,rs24002260,16276,honest,0
n9cb223fe480eabc2,rs16000540,rs24001947,11525,honest,0
n5fdd693a599561d3,rs16000627,rs24002120,20277,honest,0
nf41d681c99aa6aa6,rs16000567,rs24002012,14061,honest,0
n140327ce294cb854,rs16000633,rs24002126,401720,honest,0
na7a835b2eec2724b,rs16000225,rs24000866,14061,honest,0
n2b717b5e195dd83d,rs16001180,rs24002966,46475,honest,0
n9e9e88964bcf92e5,rs16000436,rs24001807,206075,honest,0
n018c61af0c71a715,rs16000353,rs24001666,14061,flagged,0
n69a1576554b7196a,rs16001003,rs24002754,834,honest,0
n985eb58ad8d37f5d,rs16000999,rs24002748,46475,honest,0
ndad4c8c99c4c020a,rs16000154,rs24000518,45899,honest,0
n13932434cfe54715,rs16000010,rs24000012,142040,honest,0
n84c976fb71bc54f2,rs16000196,rs24000747,24940,honest,0
n691a4d21454671a6,rs16000238,rs24001007,14061,honest,0
ndcf7f776ce79bd9c,rs16000614,rs24002104,51167,honest,0
n37f5b45a7ab767cd,rs16001106,rs24002884,6730,honest,0
n13efdc04c87f7ff3,rs16000939,rs24002685,33652,honest,0
nfb135976eac78581,rs16000836,rs24002468,16276,honest,0
n2e1ca59934735211,rs16000069,rs24000143,58181,honest,0
n195a47e96ba824a5,rs16000427,rs24001764,28573,honest,0
naeba0173e6eab769,rs16000731,rs24002276,51167,honest,0
nfe197809953b8c3b,rs16000208,rs24000778,1267,honest,0
n453947fcc4c538b1,rs16000015,rs24000017,212477,honest,0
n4e7dd2fbe4ec0656,rs16001215,rs24003014,3320,honest,0
n451dca2cb0fda361,rs16000259,rs24001137,12876,honest,0
n2e13b8ad958f86d6,rs16000415,rs24001752,15830,honest,0
n737ee8824424dfce,rs16000784,rs24002385,24164,honest,0
nd48caf0b8fc35873,rs16000119,rs24000297,14061,honest,0
ne44f6217568c0bdf,rs16000424,rs24001761,59692,honest,0
n98dc3149e5135308,rs16000864,rs24002509,14061,flagged,0
nb5da8837df4a0750,rs16000282,rs24001442,14061,honest,0
ne598e6a840055e1c,rs16000464,rs24001857,51184,honest,0
n75639795aa401304,rs16000567,rs24002012,14061,honest,0
n0d5833d0dee13761,rs16000109,rs24000188,17676,honest,0
nc8b10cb5c5511506,rs16001076,rs24002837,5089,honest,0
n059ab3de378bb26c,rs16000803,rs24002419,212317,honest,0
n486bcfe8b4b57391,rs16000203,rs24000770,16276,honest,0
nd14af8a96b2fb6ca,rs16000865,rs24002533,577,honest,0
nd53241e57606d907,rs16000601,rs24002089,19318,honest,0
n1ce822ba1259167b,rs16000557,rs24001987,40021,honest,0
nc2711b024752b91e,rs16000747,rs24002312,63949,honest,0
n8449be924ac97026,rs16000823,rs24002452,16276,honest,0
ndabed0e738f57712,rs16000187,rs24000712,14061,flagged,0
n3f211bdbedb36628,rs16000768,rs24002355,24940,honest,0
n558eb8fa97e2259d,rs16001079,rs24002848,12322,honest,0
nbf970e0235c4ce10,rs16000190,rs24000715,9009,honest,0
n067946706ebf0abe,rs16001052,rs24002811,15555,honest,0
nbe5be71412f479af,rs16001197,rs24002993,197540,honest,0
n86bab725f191b509,rs16000277,rs24001348,14061,flagged,0
n69e35e0840fe74e2,rs16000429,rs24001767,62212,honest,0
ne9f1d998f76482e9,rs16000233,rs24000922,14061,honest,0
n99152b7721ed5143,rs16001115,rs24002895,6724,honest,0
n53684d6209755b34,rs16000428,rs24001765,3209,honest,0
ne971c3749274749b,rs16000762,rs24002348,16024,honest,0
n3085480126479f07,rs16000201,rs24000766,16276,honest,0
n86f4229be255b150,rs16000099,rs24000178,400587,honest,0
n7c989f94f578e7b3,rs16001021,rs24002777,12578,honest,0
naed27ba9bf0afaa2,rs16000567,rs24002031,14061,honest,0
n3df44ff9796ed536,rs16000603,rs24002091,30600,honest,0
n06b9164554051909,rs16000211,rs24000786,14061,honest,0
n69204520c8d8eb76,rs16001016,rs24002771,16019,honest,0
ndacca219e1a0bb2b,rs16000388,rs24001721,56655,honest,0
na259bb33d8890cad,rs16000149,rs24000484,14061,honest,0
nacf58a45487fe5e6,rs16000131,rs24000350,16591,honest,0
nbeae785cd48380fd,rs16000075,rs24000149,5610,honest,0
n0f9ff6c4aca3073b,rs16000145,rs24000459,14061,flagged,0
nbe3df312c6b1d3a5,rs16000407,rs24001743,199701,honest,0
n8c4a00be971299c5,rs16000820,rs24002449,16276,honest,0
n2d882ccc41034f8b,rs16000559,rs24001989,11232,honest,0
na7fc98b76f89b68a,rs16000752,rs24002319,63473,honest,0
n491a23a08981a74a,rs16001100,rs24002876,21211,honest,0
n29c90cf2cb18c4dd,rs16000141,rs24000427,14061,flagged,0
n9e95dda04d948fad,rs16000375,rs24001703,203003,honest,0
n9e6bc63a74673ad6,rs16000694,rs24002211,16276,honest,0
n262cdb510efe239e,rs16000342,rs24001646,213230,honest,0
neef8d9313b41a1fd,rs16001010,rs24002763,8866,honest,0
n1b94fdad61589082,rs16000270,rs24001271,14061,honest,0
n83083ee741bae5ba,rs16001073,rs24002834,5089,honest,0
n76f271ee7d715612,rs16000187,rs24000686,14061,honest,0
n349968962ed72806,rs16001278,rs24003093,19969,honest,0
n850d370fd23cbc2e,rs16000274,rs24001342,24940,honest,0
nb81c4b5d20594627,rs16001124,rs24002904,21334,honest,0
n37f3ce48078f6729,rs16000884,rs24002588,215659,honest,0
n2f4584fba84b67d9,rs16000964,rs24002710,33650,honest,0
n850cd8b335eeddf2,rs16000082,rs24000156,4713,honest,0
n311f32fdb982c765,rs16000314,rs24001562,14061,flagged,0
n14638bfbc30c39fb,rs16000201,rs24000763,16276,honest,0
n3661c423a6355459,rs16000706,rs24002234,33616,honest,0
n1a1a3185bf99578b,rs16000647,rs24002151,12271,honest,0
n5d691c6a2b179810,rs16001078,rs24002845,12322,honest,0
n838d081a2a9aabb5,rs16000217,rs24000808,141995,honest,0
nbbe8ce8c392b76fd,rs16000201,rs24000765,16276,honest,0
nf79c299c20b95e2d,rs16000242,rs24001052,14061,flagged,0
n4132d46aa4455386,rs16000274,rs24001345,24940,honest,0
n4dd3139de865713b,rs16000857,rs24002489,209,honest,0
nb44f869e22676709,rs16000117,rs24000237,14061,flagged,0
n9b59db36fcdbbae3,rs16000187,rs24000703,14061,flagged,0
n8cd45f499d2bc6de,rs16001047,rs24002806,63949,honest,0
n8fc3f801a4239722,rs16000187,rs24000676,14061,honest,0
n9bbc7ac66be30ea8,rs16000236,rs24000975,14061,flagged,0
ndda030ffac43183a,rs16000793,rs24002394,50340,honest,0
n0cac82e343946817,rs16000288,rs24001513,14061,honest,0
n9c549addb5614da8,rs16000146,rs24000465,63949,honest,0
nda28ddfe23659d23,rs16000270,rs24001271,14061,honest,0
ncb49da82e1dcb732,rs16001078,rs24002844,12322,honest,0
nca63cca817368758,rs16000182,rs24000663,24940,honest,0
ne7ba92f29c9defdc,rs16000268,rs24001223,14061,honest,0
ndab745cdc2c46f3c,rs16000605,rs24002094,200019,honest,0
n99cc98240415afef,rs16000357,rs24001676,16509,honest,0
nf8f548944b927c62,rs16000481,rs24001875,51167,honest,0
n1c65c943bf127bfb,rs16000242,rs24001044,14061,flagged,0
n521928f9f7746b86,rs16000514,rs24001919,16276,honest,0
n601caf5d53e6853e,rs16001239,rs24003041,46475,honest,0
ndd54d702728e9280,rs16000182,rs24000662,24940,honest,0
n0bceb821491d597e,rs16000368,rs24001691,60117,honest,0
n55677ceb84e4ca61,rs16000245,rs24001059,16276,honest,0
n0313d60d52a66829,rs16000227,rs24000879,9790,honest,0
n41bfd68f2bb61298,rs16000029,rs24000050,14061,honest,0
n02755ee5efdbc96a,rs16000356,rs24001675,51852,honest,0
ndb7994c34dd05c82,rs16000047,rs24000121,7018,honest,0
n32fc34d0bb6911bf,rs16000645,rs24002149,40788,honest,0
n0da3ae2a891642b0,rs16000148,rs24000470,9009,honest,0
ne9ddb582e6ace7b2,rs16001094,rs24002870,28753,honest,0
n8374d44da4f8e575,rs16000169,rs24000575,14061,honest,0
n68e60d68c83cd7af,rs16001060,rs24002819,33915,honest,0
n709cf4d2649ef100,rs16001266,rs24003075,24940,honest,0
n6b4ba33cf5055bde,rs16000181,rs24000661,4764,honest,0
n7388cd7c3be2f7cd,rs16000239,rs24001017,16509,honest,0
ne64258589e3ff87d,rs16000152,rs24000516,63018,honest,0
n4180c2d9fa27051d,rs16000270,rs24001272,14061,honest,0
ndebf2b679c770886,rs16000112,rs24000216,14061,honest,0
n48ac23f3d74e71a9,rs16000550,rs24001977,10242,honest,0
naeacec2c5279f062,rs16000613,rs24002102,20473,honest,0
nb7abcb028b4c0a71,rs16000270,rs24001269,14061,honest,0
n23c5c140c83ae610,rs16000683,rs24002200,396982,honest,0
n95b97be91e7308ba,rs16000328,rs24001585,200019,honest,0
nec79a04e72e16920,rs16000452,rs24001834,152900,honest,0
ne170f7ae4552da13,rs16000201,rs24000761,16276,honest,0
nffb451a603439541,rs16000311,rs24001551,10796,honest,0
n04917652321ecc42,rs16000288,rs24001477,14061,flagged,0
n2bb956a7310a6a01,rs16000139,rs24000372,14061,flagged,0
n5ccd805f79431d24,rs16000117,rs24000235,14061,flagged,0
n1415d28e124c77d8,rs16000119,rs24000270,14061,honest,0
n649f8fedc64299cb,rs16000288,rs24001494,14061,flagged,0
nf7e485e44eda5067,rs16000280,rs24001411,14061,honest,0
n5d5de5aed0c2360d,rs16000120,rs24000319,14061,flagged,0
n8666c419a600d0b6,rs16000277,rs24001350,14061,honest,0
n6ebe5c34f4264e49,rs16000463,rs24001856,206996,honest,0
n1bb3e63c259b4123,rs16000270,rs24001275,14061,honest,0
n99aaba85f1d3598c,rs16001185,rs24002980,44925,honest,0
n196de04481fcc2f6,rs16001181,rs24002974,46475,honest,0
nd60749318d716a05,rs16000251,rs24001121,14061,flagged,0
n4ab8f95afddfe019,rs16000269,rs24001235,14061,flagged,0
n169446e04d6d4aaf,rs16000119,rs24000270,14061,honest,0
n542caf629851ab5c,rs16000843,rs24002475,29066,honest,0
n63c913dfa240b4c7,rs16000353,rs24001667,14061,flagged,0
n325230e5266e6b41,rs16000117,rs24000240,14061,flagged,0
ne3e381fc8f724364,rs16001127,rs24002907,53850,honest,0
ncf22f18ff2ea0733,rs16001109,rs24002887,2119,honest,0
n890db8deff4c38ba,rs16000224,rs24000820,14061,flagged,0
n5895fa8042c2b276,rs16000119,rs24000280,14061,flagged,0
n4a715fd90a38f437,rs16000251,rs24001084,14061,honest,0
nfa9e8e5dcff1e6e1,rs16000119,rs24000272,14061,flagged,0
n7f4f48a4f78e9077,rs16000234,rs24000932,14061,flagged,0
na788e96bbfb3563e,rs16000721,rs24002260,16276,honest,0
n3016def32eff764c,rs16000031,rs24000078,152900,honest,0
n8120cc4df2608b63,rs16000170,rs24000585,14061,flagged,0
n9a51a565ee6fe7cb,rs16000451,rs24001833,152900,honest,0
n50c566723188b2e4,rs16000288,rs24001468,14061,flagged,0
n983726a556cd59f5,rs16001105,rs24002883,3249,honest,0
nce8b4330e9851c45,rs16000280,rs24001388,14061,flagged,0
nbf3634790034edc5,rs16000340,rs24001640,14061,flagged,0
n5c70c2d3b4bcf643,rs16000269,rs24001238,14061,flagged,0
n8d37a6085760cc63,rs16000270,rs24001257,14061,honest,0
n551e0ceb6267c34e,rs16000270,rs24001273,14061,honest,0
n6ce2b8e51c02a988,rs16000567,rs24002025,14061,flagged,0
nc08383e7299fdf6f,rs16000119,rs24000253,14061,honest,0
nb7fbd0b6c1ce8e27,rs16000145,rs24000442,14061,honest,0
n6dd35356f466165f,rs16000290,rs24001519,63949,honest,0
n451791dbfc06a66b,rs16000551,rs24001981,14061,flagged,0
n6582db277c4dcd21,rs16000120,rs24000318,14061,flagged,0
n9769a4311f630e84,rs16000804,rs24002424,24940,honest,0
n19ee6e57352be103,rs16000204,rs24000774,63473,honest,0
n7f734505d3600287,rs16000119,rs24000290,14061,flagged,0
nab3dea0fe8a3268f,rs16000282,rs24001449,14061,honest,0
n38fe2c2e3b286031,rs16000141,rs24000405,14061,flagged,0
nb4bab0fcdbc6775d,rs16000340,rs24001640,14061,honest,0
nd892937c9d4db66d,rs16000112,rs24000210,14061,flagged,0
n596df57b276509f3,rs16000187,rs24000708,14061,honest,0
n5c43e2495695fd6d,rs16000339,rs24001597,24940,honest,0
n04f6c355aa3f50f8,rs16000268,rs24001218,14061,flagged,0
n12f2469416be64c7,rs16000642,rs24002140,11232,honest,0
nb16acc9020243b3b,rs16000535,rs24001942,7545,honest,0
n6e2ad491c5876d0a,rs16000139,rs24000381,14061,flagged,0
nd7531a0faf92b648,rs16000866,rs24002547,14061,flagged,0
n580400f7853ca6f4,rs16000112,rs24000200,14061,honest,0
n20897493717ed2bc,rs16000907,rs24002617,701,honest,0
n8700b453968e2371,rs16001256,rs24003061,9141,honest,0
n8abb7c110e4c78a2,rs16000280,rs24001392,14061,flagged,0
n2580cedfef2ec5f9,rs16000150,rs24000514,20473,honest,0
nb85ce81ad38f4d40,rs16000119,rs24000292,14061,flagged,0
n3009787c49d04cde,rs16000012,rs24000014,38001,honest,0
n8e270a8ad5e41b1f,rs16000041,rs24000088,3223,honest,0
n9bcee4979be70f39,rs16000653,rs24002157,14061,flagged,0
nf546fee6da88bf97,rs16000864,rs24002521,14061,flagged,0
n0109322faa7cbc27,rs16000821,rs24002450,16276,honest,0
ncffb6caca55d1c40,rs16000721,rs24002259,16276,honest,0
n467f2ebd5e5ef6ae,rs16000201,rs24000761,16276,honest,0
n50af133dd09b8c4d,rs16000145,rs24000438,14061,flagged,0
n37ffa7f07b64de66,rs16001093,rs24002869,3320,honest,0
n3ff0b762ebf7780b,rs16000273,rs24001336,14061,flagged,0
n4ad36f189150fe63,rs16000201,rs24000763,16276,honest,0
n0483f0bb3b7ccf4a,rs16001031,rs24002790,6830,honest,0
nfd1e764f5aa9bee2,rs16000696,rs24002220,24940,honest,0
n8b005984e25704c5,rs16000234,rs24000940,14061,flagged,0
neb4675d90038e848,rs16000567,rs24001998,14061,flagged,0
n06df2a5151f50032,rs16001179,rs24002964,24940,honest,0
na60a268c49a997ca,rs16000816,rs24002441,852,honest,0
n050937e75959bedc,rs16000234,rs24000943,14061,flagged,0
n889307e0c198d67c,rs16000980,rs24002727,7018,honest,0
n502b9e10f863821b,rs16001045,rs24002804,216154,honest,0
n1df698bb5ffc79a9,rs16000263,rs24001141,152900,honest,0
n44d7e1b9c3bcea1b,rs16000031,rs24000077,152900,honest,0
n74cfdfa7e705189f,rs16000130,rs24000349,16591,honest,0
n022610889af393dd,rs16000721,rs24002260,16276,honest,0
nf1b868cc3040a549,rs16000201,rs24000761,16276,honest,0
n9d404aed80750840,rs16000982,rs24002729,13367,honest,0
n82b84603781c7dc9,rs16000908,rs24002635,14061,flagged,0
n1dec8db96a46c265,rs16000755,rs24002335,14061,flagged,0
n90808c219c4b3201,rs16000141,rs24000425,14061,honest,0
n6ca2e0a167d8f531,rs16000193,rs24000734,14061,flagged,0
n6e5b30e54275a0f0,rs16000457,rs24001850,216093,honest,0
n9ffd09d357fb551e,rs16000042,rs24000106,14061,flagged,0
n7a63194e0125d8ec,rs16000267,rs24001198,14061,flagged,0
n364f36851d379a07,rs16000201,rs24000760,16276,honest,0
nc1267f1684e7a24d,rs16000288,rs24001473,14061,flagged,0
n00c7ea41f0bd856f,rs16000265,rs24001148,14061,flagged,0
nd639131a6361190f,rs16000149,rs24000478,14061,flagged,0
n9af9cb563f7703ac,rs16000280,rs24001406,14061,flagged,0
n493c534a910bdd44,rs16000201,rs24000765,16276,honest,0
n58835b012530085a,rs16000270,rs24001255,14061,honest,0
n4cd096c5c2307e94,rs16000187,rs24000697,14061,flagged,0
n8098cb6ba46c612e,rs16000187,rs24000701,14061,flagged,0
neb9a15969f265e7e,rs16000120,rs24000310,14061,honest,0
n3937ab01f9c8913f,rs16000961,rs24002707,13367,honest,0
na03848282c7375e5,rs16000120,rs24000318,14061,honest,0
na337ca25c048128c,rs16000268,rs24001234,14061,flagged,0
nc70339a90f092314,rs16000740,rs24002286,269476,honest,0
n5fb5749a0ec7eb5b,rs16000225,rs24000860,14061,flagged,0
ncb2881030ab18a90,rs16001077,rs24002841,12322,honest,0
naa5a788996b6dec0,rs16000271,rs24001303,150818,honest,0
neb53d66a311e9968,rs16000170,rs24000583,14061,flagged,0
nfe2768222a0a09c2,rs16000999,rs24002748,46475,honest,0
n5c02016d56db0ea2,rs16000270,rs24001272,14061,honest,0
n9325b701d15b9983,rs16000251,rs24001067,14061,flagged,0
n5bfddf08117ca976,rs16001022,rs24002780,57269,honest,0
n6f0d8a90bc0e873c,rs16000240,rs24001018,152900,honest,0
n5f809e963c6432c4,rs16000266,rs24001178,14061,flagged,0
nc81a0c28c3b7bc6e,rs16001067,rs24002826,16086,honest,0
nb95cac445b106e4c,rs16000309,rs24001548,63949,honest,0
nd36f88b925b3da2d,rs16000149,rs24000490,14061,flagged,0
nc44312fe031d20e6,rs16000877,rs24002572,24940,honest,0
n533bb396c2597247,rs16000138,rs24000358,16591,honest,0
n9c95db368c201aec,rs16001176,rs24002959,34263,honest,0
na53f82dd2119cc17,rs16000673,rs24002187,396982,honest,0
n5481e339cf68152e,rs16001019,rs24002775,3301,honest,0
nb35727a0d6f38851,rs16000712,rs24002241,395354,honest,0
n4b2dcda0c8fb3378,rs16001074,rs24002835,5089,honest,0
nf82e7bfbacb9fbcf,rs16000277,rs24001357,14061,flagged,0
nae3fe38bb16c62dc,rs16000864,rs24002508,14061,flagged,0
nb71b35a248ff817b,rs16000721,rs24002259,16276,honest,0
nbd8a9f400dfe9065,rs16000149,rs24000507,14061,flagged,0
n995b12b671d154b1,rs16000203,rs24000771,16276,honest,0
n34cfd5eecda5b541,rs16000270,rs24001302,14061,flagged,0
ne4bb2722cc69731c,rs16001266,rs24003076,24940,honest,0
n606e5eb925cdb5c8,rs16000702,rs24002230,51167,honest,0
n4a3846b2681bf2c6,rs16000112,rs24000223,14061,honest,0
nc369efd29b87918b,rs16000864,rs24002526,14061,flagged,0
n8140e2b638bc6570,rs16000251,rs24001079,14061,flagged,0
n143f6d86fa35d69b,rs16000323,rs24001578,20115,honest,0
n48f4d6044d930335,rs16000266,rs24001168,14061,flagged,0
nbce071b587aa46d7,rs16000120,rs24000299,14061,flagged,0
n9a1a0ffc079cecca,rs16000452,rs24001834,152900,honest,0
n9e572cbda2b74d52,rs16000224,rs24000842,14061,flagged,0
nd7bd0426855ae41d,rs16000201,rs24000762,16276,honest,0
n69fe646fef8e5df3,rs16000545,rs24001969,14061,flagged,0
n07c2dae921c3eec7,rs16000242,rs24001021,14061,flagged,0
n098509e6b64bb087,rs16000570,rs24002046,14061,flagged,0
n44d691ae09f85480,rs16000251,rs24001105,14061,flagged,0
nb468ede15448c60d,rs16000201,rs24000761,16276,honest,0
nd70ccf842ad89a56,rs16000172,rs24000626,14061,flagged,0
nd74a3efa39d52409,rs16000567,rs24002037,14061,flagged,0
n5f1e61472182eb31,rs16000029,rs24000059,14061,flagged,0
n0bfa2cdf40f6695c,rs16000519,rs24001924,18988,honest,0
n30414495a58b26d6,rs16001180,rs24002966,46475,honest,0
ne514251b1bd072e6,rs16000238,rs24001016,14061,flagged,0
n54af57b3d39e586b,rs16000067,rs24000141,196883,honest,0
n283fbe2365650fc7,rs16001246,rs24003051,215730,honest,0
n3ff27a0514d62cbe,rs16000242,rs24001046,14061,flagged,0
nf6d715bcedfc97fe,rs16000187,rs24000707,14061,flagged,0
nf017ead8d6e4cecc,rs16000119,rs24000258,14061,flagged,0
n0c51dea25d736639,rs16000545,rs24001959,14061,flagged,0
n022cf678954d46e4,rs16000551,rs24001978,14061,flagged,0
n281686679c3b5573,rs16000721,rs24002250,16276,honest,0
nae158c3ca5e783e2,rs16001071,rs24002831,207911,honest,0
n752ea1300e8c1acf,rs16000532,rs24001939,197540,honest,0
na98d05eaf8d3322d,rs16000110,rs24000190,24940,honest,0
n18bffb99f5d88ddb,rs16000269,rs24001249,14061,flagged,0
n7eba55019909bc0d,rs16000173,rs24000639,14061,honest,0
n1793d1826f58774b,rs16001098,rs24002874,5483,honest,0
n550af0afd76f442b,rs16001180,rs24002966,46475,honest,0
nfbbf4da0ce0a651b,rs16000120,rs24000320,14061,flagged,0
n0e141c74d3f043ec,rs16000339,rs24001598,24940,honest,0
nb43f5bfb5d065ed8,rs16000251,rs24001090,14061,flagged,0
ncc6f22982cce5c84,rs16000031,rs24000078,152900,honest,0
nc77cd0f9f0261e82,rs16000734,rs24002279,212477,honest,0
n87c57f97cf6a93bf,rs16000721,rs24002259,16276,honest,0
n3990e10ab4b323a1,rs16000240,rs24001018,152900,honest,0
n6a7568b713b9dec1,rs16000270,rs24001262,14061,honest,0
n5abda6e62f0477c4,rs16000797,rs24002401,215859,honest,0
n8c5eaf12f7b0cd88,rs16000251,rs24001074,14061,flagged,0
n711ac7d44e9e64de,rs16001180,rs24002966,46475,honest,0
n075753322ec19266,rs16001102,rs24002880,34779,honest,0
nc84622de0bf816d9,rs16000042,rs24000096,14061,flagged,0
nc5ca07557ba5a7b1,rs16000146,rs24000467,63949,honest,0
n7822bfa7fabb39f1,rs16000510,rs24001913,14061,flagged,0
nbf47f8725423df09,rs16000187,rs24000671,14061,flagged,0
n3736dbe638d2470d,rs16000288,rs24001480,14061,flagged,0
ndfa6305f456acdbd,rs16000119,rs24000275,14061,honest,0
n1126f4fda367758e,rs16000019,rs24000029,14061,flagged,0
n0467eb5a65f9ba8e,rs16000187,rs24000700,14061,flagged,0
n499e47c5d08d8a62,rs16000031,rs24000077,152900,honest,0
n58f8b845ffc1f0dc,rs16000119,rs24000269,14061,flagged,0
n43a357a38ce0b09c,rs16000149,rs24000486,14061,honest,0
neb941212760fb5db,rs16000119,rs24000294,14061,flagged,0
n81f6f543a6a4d005,rs16000042,rs24000111,14061,flagged,0
n360b3799ed6ce46b,rs16000267,rs24001206,14061,honest,0
n8b8d25d465d46375,rs16000112,rs24000197,14061,honest,0
nf0d60d5fb2555936,rs16000353,rs24001668,14061,flagged,0
n9263b1f6e6375c0c,rs16000119,rs24000273,14061,flagged,0
nf219c24e16b7e594,rs16000958,rs24002704,33652,honest,0
n3b55d676df9c375e,rs16000721,rs24002260,16276,honest,0
nea795696af1da5f2,rs16000576,rs24002061,202799,honest,0
nc9eee36b84740b34,rs16000240,rs24001018,152900,honest,0
ne0c0e32ef80addc6,rs16000862,rs24002504,14061,honest,0
nc011f0b1c097b16d,rs16000266,rs24001154,14061,flagged,0
n4eb951580f8963e4,rs16000042,rs24000113,14061,flagged,0
n25fd59e294bc541f,rs16000201,rs24000767,16276,honest,0
ne040a3e7d75381db,rs16000149,rs24000503,14061,flagged,0
na530ea0c7da2ebf5,rs16000282,rs24001456,14061,flagged,0
n4cf954363c9b6ed0,rs16000270,rs24001261,14061,honest,0
n64a596cc04b9bb31,rs16000866,rs24002546,14061,flagged,0
n5238f0ac67af01e5,rs16000212,rs24000794,197540,honest,0
nfb937594b02770f8,rs16000492,rs24001887,214379,honest,0
n25d8fac8320d5f76,rs16001230,rs24003029,24940,honest,0
n4a011627a6881e9f,rs16000031,rs24000077,152900,honest,0
n5fd215ad239d8155,rs16000288,rs24001470,14061,flagged,0
nec0e7613bfd6cd95,rs16000119,rs24000257,14061,flagged,0
nbbbe32cd6e40f492,rs16000755,rs24002327,14061,flagged,0
nc88bbb5e27e6d92d,rs16000273,rs24001337,14061,flagged,0
n8e7165d8ba7240c3,rs16000721,rs24002260,16276,honest,0
ncb3c3f063aef1508,rs16000266,rs24001176,14061,flagged,0
ned13c7e22c70c9ce,rs16000172,rs24000607,14061,flagged,0
n0ec847b0b516e586,rs16000969,rs24002715,63018,honest,0
nf0c44117017e90db,rs16000041,rs24000089,3223,honest,0
n2a9b45bf5ab6455b,rs16001180,rs24002966,46475,honest,0
n239b9eb6bbf06387,rs16000270,rs24001274,14061,honest,0
n89b2fef722ec8480,rs16000288,rs24001483,14061,honest,0
n5add2cffadc58493,rs16000820,rs24002448,16276,honest,0
n2fa0eda145f5e588,rs16000117,rs24000236,14061,flagged,0
nb5cec9273e7528f5,rs16000270,rs24001287,14061,flagged,0
nb1e8d3f241dee31e,rs16000141,rs24000420,14061,honest,0
n5427dab9a3bfef66,rs16000266,rs24001155,14061,flagged,0
n824dcb8443151888,rs16000234,rs24000936,14061,honest,0
n3c609e26a472ba5c,rs16000268,rs24001226,14061,flagged,0
n21afaa066134bec1,rs16000270,rs24001273,14061,honest,0
n8ae170f967e4f0e8,rs16000280,rs24001403,14061,flagged,0
n85670ee947bb35f7,rs16000297,rs24001533,63949,honest,0
nf97894ff4de94039,rs16000031,rs24000077,152900,honest,0
na3f9147207744b4a,rs16000112,rs24000204,14061,honest,0
n9391057ae833eafe,rs16001040,rs24002799,1299,honest,0
n2a6b62ab2383f7f1,rs16000314,rs24001557,14061,flagged,0
n7dcded3710713bd8,rs16000528,rs24001935,274011,honest,0
n84214687f809ae17,rs16000268,rs24001224,14061,flagged,0
nf14c7179131ba8f8,rs16000687,rs24002204,396982,honest,0
n5bc782896e6c5bee,rs16000866,rs24002542,14061,flagged,0
n03d7b7eea3d9f4b5,rs16000155,rs24000520,31898,honest,0
nf1e4dda3c2b006a7,rs16000141,rs24000419,14061,honest,0
ncfca7776ea40dbea,rs16000080,rs24000154,9919,honest,0
n664c6fbe9c4acf06,rs16000201,rs24000764,16276,honest,0
nd6c39dd01cf1c56f,rs16000201,rs24000766,16276,honest,0
n0b0e69ca0794fd1b,rs16000139,rs24000380,14061,flagged,0
n78caa942bd4692d5,rs16000120,rs24000326,14061,flagged,0
n56aa4f85a3f5d4dc,rs16000119,rs24000271,14061,flagged,0
n45b66973609dfc2d,rs16000545,rs24001959,14061,flagged,0
n3f74cc0a978f0ef2,rs16000721,rs24002259,16276,honest,0
nddcf9c70d0af58d8,rs16000543,rs24001951,53667,honest,0
n261ab2ec453a866a,rs16000119,rs24000255,14061,honest,0
n8e8c89f8138d5eb3,rs16000236,rs24000983,14061,flagged,0
n88ef0ae1f669c27a,rs16000345,rs24001650,3209,honest,0
n4c4c87a17087d405,rs16000340,rs24001617,14061,flagged,0
n6e46bc6794e454d1,rs16000201,rs24000765,16276,honest,0
n5d41ab363b2991d9,rs16000201,rs24000766,16276,honest,0
n71d2d233a210d206,rs16000580,rs24002066,203778,honest,0
n1f634dd14761ca2d,rs16000864,rs24002519,14061,flagged,0
n1120ebcd226c5459,rs16000263,rs24001141,152900,honest,0
ne0039c90c61cfd9e,rs16000201,rs24000763,16276,honest,0
na47693af0dbadd7a,rs16000353,rs24001669,14061,honest,0
n912d5fd6eeda3174,rs16000288,rs24001467,14061,flagged,0
n4c1dda44a132b732,rs16000273,rs24001310,14061,flagged,0
na255eece1e4260f3,rs16000201,rs24000762,16276,honest,0
n66bd709f4d681300,rs16000654,rs24002164,10796,honest,0
naa26e3da7b83ee46,rs16000454,rs24001838,14061,flagged,0
nc766e9188c4ca3e7,rs16000268,rs24001228,14061,flagged,0
n90a06a5536028f19,rs16000280,rs24001384,14061,flagged,0
n0f9cdfabfb6e49b6,rs16000267,rs24001195,14061,honest,0
n4dd6f7aa2e1861c1,rs16000201,rs24000762,16276,honest,0
ne443c963da6c8856,rs16000028,rs24000046,23470,honest,0
n062bc2d4cc98558b,rs16000282,rs24001441,14061,honest,0
naebd817cdf95c1ae,rs16000233,rs24000889,14061,flagged,0
n407e2366b5ac4392,rs16000169,rs24000569,14061,flagged,0
nbb2558bad9092a68,rs16000270,rs24001271,14061,honest,0
n31ce40d332cc4f2f,rs16000171,rs24000600,50266,honest,0
n9382bc71d0ca5fb6,rs16000288,rs24001503,14061,flagged,0
n20cc7904ccb14006,rs16001104,rs24002882,46475,honest,0
ne3e4a2bb55197d63,rs16000290,rs24001521,63949,honest,0
nc4cc1f1f935b7ae8,rs16000800,rs24002409,16276,honest,0
na984f3db99865063,rs16000270,rs24001275,14061,honest,0
nccef641aa15e10ac,rs16000251,rs24001080,14061,flagged,0
n5ae86a2d61eaeb60,rs16000270,rs24001259,14061,flagged,0
n8614bcde5419d45c,rs16000233,rs24000898,14061,honest,0
necdf09abcecc1d97,rs16000314,rs24001566,14061,flagged,0
n48b28669f2a6f252,rs16001266,rs24003077,24940,honest,0
nec3d5c4219e2f6c2,rs16001104,rs24002882,46475,honest,0
n224de9a143af1c09,rs16000233,rs24000909,14061,flagged,0
nddcdfc4e63756041,rs16000173,rs24000629,14061,flagged,0
nb9ace6a7c26737bc,rs16000242,rs24001031,14061,flagged,0
n7422579f9ef679c3,rs16001104,rs24002882,46475,honest,0
n7c98273b682ba6ca,rs16000031,rs24000078,152900,honest,0
n7a03f105e65eb1b3,rs16000236,rs24000954,14061,honest,0
ndd2991b0fde0bb08,rs16000119,rs24000283,14061,flagged,0
neb2cc4573b2e997e,rs16000270,rs24001290,14061,flagged,0
n2420506a3ce9d5f9,rs16000575,rs24002060,8560,honest,0
nd4cdb5d88e7a5193,rs16000866,rs24002535,14061,flagged,0
n74cc7b235a2e0054,rs16001104,rs24002882,46475,honest,0
na050b49c625facf0,rs16001130,rs24002910,8708,honest,0
na2eef266db3392f1,rs16000224,rs24000837,14061,flagged,0
n3ba5e8218a113b91,rs16000270,rs24001258,14061,honest,0
nd2b8b890f392774b,rs16000224,rs24000829,14061,honest,0
na970e66a4ec2846f,rs16000270,rs24001284,14061,honest,0
nda1fbf967cb8cc2b,rs16000061,rs24000135,198949,honest,0
n31518672df7c3736,rs16000268,rs24001232,14061,flagged,0
n0f2ac7b409e03559,rs16000149,rs24000474,14061,honest,0
nda83dcdcd1f9f7ee,rs16000200,rs24000754,212238,honest,0
n09149107755cb8fc,rs16000242,rs24001045,14061,flagged,0
ned168690003622a8,rs16000147,rs24000469,20473,honest,0
n9fdd3c102dcdda17,rs16000585,rs24002071,13030,honest,0
n132d9e147890db07,rs16000273,rs24001327,14061,flagged,0
n5394e719bd545a0e,rs16000405,rs24001740,56630,honest,0
n7e1ca8936bd7cc17,rs16000878,rs24002573,209,honest,0
nfe81fd42c5e12d64,rs16000270,rs24001275,14061,honest,0
n03684588d0b9482b,rs16000729,rs24002270,30823,honest,0
n90ffb091a308a5a3,rs16000721,rs24002259,16276,honest,0
ndadcfc9bf44a0a00,rs16001281,rs24003096,22909,honest,0
na8c3d7c2bd73b522,rs16000229,rs24000882,51167,honest,0
nc1a89300d695404f,rs16001195,rs24002990,49981,honest,0
n40ba1dcf7324155b,rs16000282,rs24001427,14061,honest,0
nc31db194305051a6,rs16000944,rs24002690,1403,honest,0
nacf06853693745f9,rs16000755,rs24002324,14061,flagged,0
ncd09eeb4215240e1,rs16000270,rs24001282,14061,honest,0
n0b7ff1b562262a08,rs16000282,rs24001427,14061,flagged,0
n3686c3769aadf65b,rs16000391,rs24001724,213896,honest,0
n1deb3ee894117265,rs16000908,rs24002624,14061,flagged,0
n39fd9d4051f65d6e,rs16000193,rs24000732,14061,flagged,0
ncd3ec91fa26384cd,rs16000088,rs24000166,38195,honest,0
nb1b6b96e2bee2a4e,rs16000242,rs24001037,14061,flagged,0
nca14c9b629617e21,rs16001137,rs24002917,46475,honest,0
nb4923b3d2c661b54,rs16000282,rs24001427,14061,flagged,0
n8c67efe80b5efff5,rs16000117,rs24000244,14061,flagged,0
n8758cd692f446ae8,rs16000090,rs24000168,17551,honest,0
n9f0243ee24a5994e,rs16000224,rs24000822,14061,flagged,0
na111dfd6fd6d98eb,rs16000678,rs24002195,396982,flagged,0
n4b9c35551a38f25d,rs16000587,rs24002075,12668,honest,0
n400e2a62077519cd,rs16000112,rs24000219,14061,honest,0
n83884cab5029a690,rs16000266,rs24001177,14061,honest,0
ncdb1cc368401daeb,rs16000141,rs24000396,14061,flagged,0
n15963a6196b8306d,rs16000721,rs24002253,16276,honest,0
nb2628637d58194f2,rs16000031,rs24000077,152900,honest,0
n3573533c869ef7c7,rs16000141,rs24000404,14061,flagged,0
nc250a6c8f089868d,rs16000821,rs24002450,16276,honest,0
n7f7ee61e21f4450f,rs16000999,rs24002748,46475,honest,0
n81d6d767d0f094a8,rs16000721,rs24002259,16276,honest,0
n9d10ebef3b15d3f0,rs16000175,rs24000650,14061,flagged,0
ne70b407068758b6e,rs16001126,rs24002906,9009,honest,0
n85c9086082d9f4f3,rs16001012,rs24002766,8771,honest,0
n8ad3c81c83d88771,rs16001009,rs24002762,20473,honest,0
n585fe7a044686613,rs16000340,rs24001642,14061,honest,0
n510c15546ced6272,rs16000119,rs24000286,14061,flagged,0
na44e99dc25cb37a6,rs16000282,rs24001436,14061,flagged,0
n42511547886e9933,rs16000193,rs24000731,14061,flagged,0
nbc5186442e98663c,rs16000288,rs24001506,14061,flagged,0
nead8a5797f1057d6,rs16000263,rs24001141,152900,honest,0
nb1c8d35e5887ecc8,rs16000864,rs24002532,14061,flagged,0
n31c91f5ca55180c7,rs16000567,rs24002008,14061,flagged,0
nde3163b4665cb1cb,rs16000141,rs24000394,14061,flagged,0
n9e65659637de62ff,rs16000288,rs24001490,14061,honest,0
n164571fcd3ac0c8c,rs16000049,rs24000123,7018,honest,0
n503fc96c67af64ed,rs16000145,rs24000449,14061,flagged,0
n3e6d6ee59895ea0e,rs16000288,rs24001489,14061,honest,0
n9f05df09e4513b3a,rs16000881,rs24002583,24940,honest,0
n0c1f0c9f241b73a4,rs16000545,rs24001963,14061,flagged,0
n276cc9c5e5abf340,rs16000117,rs24000242,14061,honest,0
n47a541de6e2becc4,rs16000721,rs24002260,16276,honest,0
n71d2c1e14fc128f6,rs16000169,rs24000573,14061,honest,0
n20078198df11f539,rs16000270,rs24001262,14061,honest,0
naab0fdc171a55f9c,rs16000173,rs24000631,14061,flagged,0
na7c24495ed9db2d1,rs16000270,rs24001275,14061,honest,0
n270de953c25f2fba,rs16000145,rs24000461,14061,flagged,0
n31b335fffac03009,rs16000139,rs24000365,14061,flagged,0
na5da7d798afcddb0,rs16000721,rs24002260,16276,honest,0
nc38fde00c91d0b41,rs16000120,rs24000307,14061,flagged,0
n61244ba07ec3d9b2,rs16000169,rs24000561,14061,flagged,0
n51979d1ef806e810,rs16000139,rs24000363,14061,flagged,0
nffc4a125bdcc1ba5,rs16000721,rs24002259,16276,honest,0
ne0f00e845014d259,rs16000211,rs24000782,14061,flagged,0
n0461c2a3482be3da,rs16000305,rs24001542,32097,honest,0
ndcad5d6ad6597d1f,rs16000266,rs24001166,14061,flagged,0
n96df763595a1a4de,rs16000236,rs24000962,14061,flagged,0
n27a570751bbed9ca,rs16000169,rs24000545,14061,flagged,0
na46e60b013a5fb9f,rs16000149,rs24000504,14061,flagged,0
n41f907b60913a762,rs16000902,rs24002608,14061,flagged,0
n23f4aa38d2aec4f6,rs16000340,rs24001603,14061,flagged,0
nf13bc1c2b21cc6cb,rs16000844,rs24002476,40021,honest,0
n5711b5b330b51a4d,rs16000747,rs24002313,63949,honest,0
n17bb3a1b8797e609,rs16000636,rs24002129,36352,honest,0
n49ed84a6ec0aa6a9,rs16000270,rs24001273,14061,honest,0
nd97c295c4871a9ae,rs16000736,rs24002281,207992,honest,0
na170932b375d0acd,rs16000119,rs24000277,14061,flagged,0
nafac3ec40b8d21c1,rs16000233,rs24000906,14061,flagged,0
nb37cb7b169da7542,rs16000862,rs24002497,14061,flagged,0
n7665a408ee62a630,rs16000567,rs24002003,14061,honest,0
n487e62909f1ad769,rs16000588,rs24002076,8473,honest,0
n5d90f214f81799d5,rs16000268,rs24001210,14061,honest,0
nd5caad4177296dc0,rs16000192,rs24000720,16276,honest,0
n048719d6a69353d2,rs16000920,rs24002665,26666,honest,0
n281fe0ea0ec533fa,rs16000169,rs24000554,14061,honest,0
n7d973fd77a2d0bc3,rs16000763,rs24002349,39642,honest,0
n2e7e1bb38a242a51,rs16000112,rs24000210,14061,flagged,0
n852c85d8dbf386d6,rs16000433,rs24001793,14061,flagged,0
n3e2804c1677624a1,rs16000236,rs24000953,14061,flagged,0
n838f0a2f151d12fc,rs16000166,rs24000537,803,honest,0
n74d7322e265ef465,rs16000586,rs24002074,49453,honest,0
nc6c2ab3b2295b9ec,rs16000673,rs24002184,396982,honest,0
n65591449b4be1dd6,rs16000270,rs24001273,14061,honest,0
nd7cd5be717f5137c,rs16000236,rs24000970,14061,flagged,0
n80b1b6b5034d5533,rs16000862,rs24002500,14061,flagged,0
n0a7ef64aed8a9fd9,rs16000567,rs24002042,14061,honest,0
n737bb17866344baf,rs16000242,rs24001023,14061,flagged,0
n9fb1dd47abcfad06,rs16000141,rs24000430,14061,flagged,0
n8bde9b2593ceb117,rs16000877,rs24002570,24940,honest,0
n1248c8d1679ccba5,rs16000734,rs24002279,212477,honest,0
n7fadb120bc3ab622,rs16000141,rs24000415,14061,flagged,0
n75791dcb103f5232,rs16000999,rs24002748,46475,honest,0
nf42f78d5f1ba3f9d,rs16000193,rs24000731,14061,flagged,0
na686590c8f7a8b73,rs16000545,rs24001960,14061,flagged,0
nadc625dda22e5bb0,rs16001181,rs24002972,46475,honest,0
nc02164c75c7f1c35,rs16000205,rs24000775,150436,honest,0
nc826336e80efaa4c,rs16001022,rs24002779,57269,honest,0
n15b5a247c21b0d1f,rs16000029,rs24000057,14061,flagged,0
n9a6dc1c809b6e7d2,rs16000270,rs24001285,14061,honest,0
n188e89d1d34c487f,rs16000112,rs24000200,14061,flagged,0
na32c1fb78d6a09a7,rs16000722,rs24002263,132203,honest,0
na5feac621ec7df63,rs16000743,rs24002294,14061,flagged,0
n32b88d0883ad7f51,rs16000567,rs24002027,14061,flagged,0
n686e86112b80adc4,rs16000031,rs24000077,152900,honest,0
n8c539fdca3206818,rs16000832,rs24002463,16276,honest,0
nca2c7035f6a4c853,rs16000266,rs24001162,14061,flagged,0
nbe7fee44bbd47cfc,rs16000273,rs24001326,14061,flagged,0
n0d12cb1ab60f00d3,rs16000270,rs24001260,14061,honest,0
n1623b2be253aae34,rs16000436,rs24001807,206075,honest,0
naf28131abf4b6232,rs16000721,rs24002259,16276,honest,0
n9b218b3557addac1,rs16001104,rs24002882,46475,honest,0
n3f8e0e9c3c192f27,rs16001016,rs24002770,16019,honest,0
na149668763ab2c31,rs16000346,rs24001651,3209,honest,0
n3c2123b38f3c4036,rs16000408,rs24001744,60810,honest,0
nb0fff4e4ffac3054,rs16000169,rs24000544,14061,flagged,0
n121da2413363bd10,rs16000272,rs24001304,16276,honest,0
n6e204b9bdf59c3f8,rs16000897,rs24002602,33651,honest,0
nc260f9720f8a75db,rs16000772,rs24002361,5650,honest,0
n777b548b7d164b72,rs16000170,rs24000587,14061,flagged,0
n2557dddace3e4cf6,rs16000117,rs24000231,14061,flagged,0
n107a8f315ff38de2,rs16000234,rs24000930,14061,honest,0
n717ff64619a7493b,rs16000866,rs24002544,14061,flagged,0
ncc8969e499779fc0,rs16000862,rs24002494,14061,flagged,0
naab03ed6b0c3e07d,rs16000433,rs24001804,14061,flagged,0
nc0941f13fcb478d5,rs16000484,rs24001878,43641,honest,0
n1ed78b98644e2333,rs16000119,rs24000279,14061,flagged,0
nb9afcfba4033cee1,rs16000175,rs24000651,14061,flagged,0
n96543b3bf3c1cb8b,rs16001056,rs24002815,3301,honest,0
n254898325dd420e1,rs16000340,rs24001605,14061,honest,0
nd02fb29f432fb0a7,rs16000270,rs24001267,14061,flagged,0
n38918a9d5a5f54dd,rs16000570,rs24002052,14061,flagged,0
n07c3808ae62df2a4,rs16000185,rs24000667,16276,honest,0
na3d862ccc062d6f9,rs16000908,rs24002629,14061,flagged,0
n7293d16a55cb89cf,rs16000908,rs24002643,14061,honest,0
nc9749bc818b9fc4c,rs16000744,rs24002308,63949,honest,0
n5da6afcdc51f0765,rs16000785,rs24002386,45090,honest,0
n03fda0a88b83af4a,rs16000280,rs24001391,14061,flagged,0
nd99d4cc618491c7a,rs16000858,rs24002490,31898,honest,0
n66fc778e26a6d1bc,rs16000299,rs24001536,40181,honest,0
na2e49d496b44f119,rs16000236,rs24000975,14061,flagged,0
nf02dd248d24bb320,rs16000173,rs24000630,14061,honest,0
nc045cdb2061d555e,rs16000282,rs24001434,14061,flagged,0
n013482b5a3f3aebe,rs16000169,rs24000566,14061,flagged,0
nea52c751fff78f1c,rs16000270,rs24001275,14061,honest,0
ne26ed21aa2b51c1a,rs16000250,rs24001065,7018,honest,0
n555e5ce7532601e7,rs16000270,rs24001273,14061,honest,0
ne6f0713c95cf7c5e,rs16000251,rs24001101,14061,flagged,0
nf3746e7f194561b3,rs16000721,rs24002252,16276,honest,0
n04121b79f91fbc9d,rs16000945,rs24002691,36352,honest,0
ne67376c377a81de0,rs16000927,rs24002673,11427,honest,0
ndebc6f51678ca5eb,rs16000170,rs24000598,14061,flagged,0
n157725547a80aebb,rs16000908,rs24002645,14061,flagged,0
nb125e7305aa0b105,rs16000120,rs24000322,14061,flagged,0
n3a0c5bb1974b4df7,rs16000119,rs24000268,14061,flagged,0
n668803ffee5a4080,rs16000236,rs24000959,14061,flagged,0
n1667ddfc98b39240,rs16000288,rs24001512,14061,honest,0
n44cc51e0745c1431,rs16000120,rs24000325,14061,flagged,0
nef4159cc4e20feec,rs16000709,rs24002237,51167,honest,0
n233b721e508e7eea,rs16000163,rs24000533,51167,honest,0
n6dcd82a07e99f838,rs16000146,rs24000466,63949,honest,0
n15d7d522d62a4a3d,rs16001243,rs24003045,44925,honest,0
nc27c1076b43943bd,rs16000201,rs24000766,16276,honest,0
n3fe6330acb23f257,rs16000119,rs24000295,14061,flagged,0
n78bdb5c9992efabc,rs16001180,rs24002969,46475,honest,0
n8bba119714dbbeb9,rs16000721,rs24002260,16276,honest,0
ndd8519044b6052e3,rs16000567,rs24002013,14061,honest,0
n7fe85a22c01bb468,rs16000497,rs24001894,8560,honest,0
nf2898da29b156e60,rs16000251,rs24001115,14061,flagged,0
nfb6a732fa42b82ff,rs16001158,rs24002939,3269,honest,0
n86fb798ede73cdf1,rs16000141,rs24000413,14061,flagged,0
ncc8a1c335bc2484f,rs16000224,rs24000832,14061,flagged,0
n34a3937dd6c776fe,rs16001279,rs24003094,36352,honest,0
n4aff3cfa89d58b11,rs16000242,rs24001050,14061,flagged,0
n5f643e2e055d4140,rs16000672,rs24002182,396982,honest,0
n73595e666dae9825,rs16000567,rs24002016,14061,flagged,0
n1712a4ed1e5c33dc,rs16000282,rs24001451,14061,flagged,0
n692dbde66bb25c90,rs16000149,rs24000511,14061,flagged,0
n5938f44c3424339c,rs16000269,rs24001237,14061,flagged,0
n74cb9f8b1e7ef8eb,rs16000908,rs24002628,14061,flagged,0
nec9b6a9924eee541,rs16000268,rs24001218,14061,flagged,0
nb4f91266feabefb3,rs16000549,rs24001975,14061,honest,0
n520fef98d1c3348d,rs16000993,rs24002740,46475,honest,0
n640e1f1127d3eaf4,rs16001180,rs24002969,46475,honest,0
na3ed0487dae57ddc,rs16000290,rs24001520,63949,honest,0
n7742c8728ff5160e,rs16000282,rs24001444,14061,flagged,0
n7054491abbf19d03,rs16000455,rs24001847,36352,honest,0
nd1284795488e13c4,rs16000029,rs24000073,14061,flagged,0
n5d74a0707a1177d4,rs16000280,rs24001385,14061,flagged,0
n31e3d20bf58d97a5,rs16000141,rs24000406,14061,honest,0
n601fec3fe156934e,rs16001155,rs24002936,8732,honest,0
ne2d82a0a0b5da923,rs16001239,rs24003041,46475,honest,0
n5ff08895493a5b8d,rs16000236,rs24000962,14061,honest,0
n61c8818f0df834d1,rs16000270,rs24001297,14061,flagged,0
n044c5e9d76cb1ed2,rs16000187,rs24000706,14061,honest,0
nace059d9f6b8a1b8,rs16000225,rs24000864,14061,honest,0
nb3d7a8dd0d63301c,rs16000721,rs24002260,16276,honest,0
n6b510f0506914cce,rs16000993,rs24002740,46475,honest,0
n2dda055d92cd598b,rs16000127,rs24000345,24940,honest,0
n41dad7628b61c852,rs16000201,rs24000767,16276,honest,0
n48e12aa675b3dcc4,rs16000476,rs24001870,57043,honest,0
nc02aefdd9c7c0737,rs16000141,rs24000408,14061,flagged,0
nb4c2037df8b4f23e,rs16000031,rs24000077,152900,honest,0
n82dcb69a0cb55047,rs16000194,rs24000742,141995,honest,0
n4d01bc3eea4831c1,rs16000280,rs24001417,14061,flagged,0
nd461f45146e1a0e3,rs16000728,rs24002269,56508,honest,0
n3168525e69671f5d,rs16000112,rs24000200,14061,honest,0
n2cf546ba52272b38,rs16000280,rs24001390,14061,honest,0
nde84322e49457b91,rs16001118,rs24002898,3243,honest,0
nc322d4ffd3c6ff81,rs16000031,rs24000077,152900,honest,0
n0b8c33a20c9aee5a,rs16000175,rs24000645,14061,flagged,0
n71c961848c4f3a95,rs16000201,rs24000766,16276,honest,0
n506432ca1dd2f6b9,rs16000280,rs24001383,14061,flagged,0
nda9cec1773b8c8a5,rs16000963,rs24002709,33667,honest,0
n8bbe7f9d950afdf7,rs16001180,rs24002969,46475,honest,0
n34ce00157ff93a36,rs16000192,rs24000722,16276,honest,0
n860ed3a3b1628404,rs16000042,rs24000100,14061,flagged,0
nbd3e9b883c8b8a9a,rs16000549,rs24001976,14061,flagged,0
n9559d833ed49ec82,rs16000270,rs24001258,14061,flagged,0
n33fb10217312bc99,rs16001180,rs24002967,46475,honest,0
n25e2f578f2f33e17,rs16000172,rs24000616,14061,flagged,0
na113d154f7be4e0c,rs16000120,rs24000314,14061,flagged,0
na396af19dc299f69,rs16000567,rs24002011,14061,honest,0
n32059ac61814149d,rs16000866,rs24002547,14061,flagged,0
nf682cde99371ee4a,rs16000523,rs24001930,215590,honest,0
ne4435f5c2e566a01,rs16000201,rs24000764,16276,honest,0
n5b70cff1f3577718,rs16000771,rs24002359,5650,honest,0
n2879cbc96695b154,rs16001237,rs24003039,8767,honest,0
nb399dab227514ce7,rs16000211,rs24000783,14061,honest,0
n2a4717922b2028c7,rs16000270,rs24001274,14061,honest,0
n8a5dd495aea2368a,rs16000134,rs24000354,16591,honest,0
na2c9ceb44836cd5d,rs16000192,rs24000721,16276,honest,0
n739b8629a255851a,rs16000653,rs24002158,14061,flagged,0
nffed8a99b1188d5c,rs16000270,rs24001266,14061,honest,0
n765cc08be63b90a2,rs16001123,rs24002903,5089,honest,0
n16660b8c9b77b630,rs16000545,rs24001958,14061,flagged,0
nc5ea1b7f6bcfb510,rs16000193,rs24000725,14061,flagged,0
n800de36a902c6517,rs16000282,rs24001430,14061,flagged,0
n6efc260cffbd2711,rs16000211,rs24000790,14061,flagged,0
n04b7422925d63c8e,rs16000266,rs24001175,14061,flagged,0
n1daa7b7a94cf9060,rs16001273,rs24003088,63949,honest,0
nb865dd25b1c18853,rs16000270,rs24001283,14061,honest,0
naf9f7813103c0d4e,rs16000443,rs24001825,7303,honest,0
n495b5257b10b7d94,rs16000270,rs24001274,14061,honest,0
n41268e0bd49501ea,rs16000277,rs24001365,14061,flagged,0
n487788d0667edf5b,rs16000187,rs24000704,14061,honest,0
n5bc638089f52140e,rs16000770,rs24002358,5650,honest,0
n3edd32c033dc0da2,rs16000141,rs24000403,14061,flagged,0
n6043c936face37d2,rs16000149,rs24000499,14061,flagged,0
nf47ffe5ec1c74a3c,rs16000233,rs24000893,14061,flagged,0
n2924e1ffe192c798,rs16000261,rs24001139,152900,honest,0
nc59ffe512c28a8b5,rs16000270,rs24001274,14061,honest,0
n2b2a9a008ebcf0fe,rs16000764,rs24002350,42422,honest,0
n546f4bb93e60b28d,rs16000242,rs24001049,14061,honest,0
n2f50f628a31d8626,rs16000567,rs24002036,14061,honest,0
nb244ea82e838d63f,rs16001181,rs24002974,46475,honest,0
n0b302ffcb133ea7a,rs16001180,rs24002968,46475,honest,0
n9d2de579fea07811,rs16001125,rs24002905,202448,honest,0
ne64c7ba4e2db60fb,rs16000225,rs24000872,14061,flagged,0
n9fc0a9b95425995f,rs16000567,rs24002033,14061,flagged,0
nf5b28da0e8670751,rs16000102,rs24000181,9381,honest,0
n3d085075c0f2dcfd,rs16000270,rs24001274,14061,honest,0
n965e21036decfede,rs16000864,rs24002519,14061,honest,0
nc1d3434e82dc6759,rs16000743,rs24002289,14061,honest,0
nc9761815dcf1732a,rs16000288,rs24001509,14061,honest,0
nccd9fae93ab55163,rs16000280,rs24001405,14061,flagged,0
n98b92d615fd5923b,rs16000908,rs24002644,14061,flagged,0
nc58f6cf01d0b702f,rs16000747,rs24002314,63949,honest,0
n66b15d87b9ffd7f3,rs16001283,rs24003098,7015,honest,0
n4b2c41300a14429c,rs16000696,rs24002222,24940,honest,0
n7b18a416fcade4cf,rs16000270,rs24001274,14061,honest,0
n710ee53ab09b09ad,rs16000270,rs24001274,14061,honest,0
nf9b50d7eb532ac6a,rs16001268,rs24003083,8402,honest,0
n10e29d2c300fd39e,rs16000117,rs24000241,14061,flagged,0
n4e5e7742818d283e,rs16000233,rs24000922,14061,flagged,0
n63daf07b50d70697,rs16000119,rs24000254,14061,honest,0
n17c270858e79e6e1,rs16000753,rs24002320,212171,honest,0
n91d0a7bfa7976564,rs16000929,rs24002675,8075,honest,0
n228558eb91f538ec,rs16000966,rs24002712,701,honest,0
n1893c95fd7e524b7,rs16000999,rs24002748,46475,honest,0
n1a1d87df79740948,rs16000994,rs24002742,212441,honest,0
nf3a310eb780d8093,rs16000022,rs24000033,396982,honest,0
nb385be5bd72f83e9,rs16000084,rs24000158,9365,honest,0
n0de5589fc4169ec5,rs16000108,rs24000187,17676,honest,0
n3b4ffe6bab7fd170,rs16000212,rs24000802,42473,honest,0
n0c252b12d67928c1,rs16000246,rs24001060,7018,honest,0
na7110641a3cc6339,rs16000354,rs24001673,24940,honest,0
n1589bb9d8f1560ec,rs16000451,rs24001833,152900,honest,0
n4cceceb84bb246fe,rs16000495,rs24001891,43641,honest,0
n7b79b6e1670fefc9,rs16000677,rs24002192,396982,honest,0
n55028ddcb88ad5ef,rs16000835,rs24002466,16276,honest,0
n582295fc73eb866c,rs16000567,rs24002034,14061,flagged,0
n44c7af02e739e434,rs16000993,rs24002741,46475,honest,0
nd1a3e36d2c2c2bb2,rs16000201,rs24000764,16276,honest,0
naf34f0f4f3066ae3,rs16000211,rs24000785,14061,honest,0
n0d35562e0a8ce98b,rs16000236,rs24000978,14061,flagged,0
n16323d9c70743649,rs16000170,rs24000582,14061,flagged,0
n750ed7ea32c878e5,rs16000270,rs24001273,14061,honest,0
n1ad1dd9cb6e1c34d,rs16000220,rs24000812,8970,honest,0
nf3be86191272e830,rs16000261,rs24001139,152900,honest,0
naf6401861255d3c1,rs16000261,rs24001139,152900,honest,0
n9a447040adac17cd,rs16001002,rs24002753,12353,honest,0
nb8e865547a57fffa,rs16000268,rs24001231,14061,flagged,0
n9341b92f08c92d40,rs16000319,rs24001574,209,honest,0
n94cdb63303bc5a58,rs16000173,rs24000632,14061,flagged,0
nf3f18c6a42b21e13,rs16001180,rs24002969,46475,honest,0
nf726f2673b3dbf0a,rs16001104,rs24002882,46475,honest,0
nd076f7f473d44652,rs16000120,rs24000321,14061,flagged,0
n65718bf01e33067c,rs16000120,rs24000302,14061,honest,0
nb3a42e6a1ac61367,rs16000903,rs24002613,14061,flagged,0
nc0c33791409a31bb,rs16000141,rs24000391,14061,honest,0
nd45c1dacee14cb61,rs16000172,rs24000601,14061,flagged,0
n58fbb595389a03c3,rs16000273,rs24001319,14061,flagged,0
nd14698e18f8d47d9,rs16000261,rs24001139,152900,honest,0
n3ce54081a4f8d74b,rs16001180,rs24002966,46475,honest,0
na7d62c075d630d28,rs16000136,rs24000356,16591,honest,0
n279c6abf89bcf9af,rs16000314,rs24001561,14061,flagged,0
nb5bbbcac509312ba,rs16000270,rs24001273,14061,honest,0
n810a103399e2bc3c,rs16001104,rs24002882,46475,honest,0
n8917e8d11e0c21c1,rs16000139,rs24000378,14061,flagged,0
ne81e70991f9c1220,rs16000145,rs24000443,14061,honest,0
n1c22e48357606af1,rs16001139,rs24002919,39642,honest,0
n20e586f7631a3ee3,rs16000187,rs24000693,14061,flagged,0
n273dc6dca4334c9a,rs16000831,rs24002462,16276,honest,0
n2a8ae0c2f0cc1a5b,rs16000454,rs24001842,14061,flagged,0
nd306bc9ee5d46e63,rs16000721,rs24002259,16276,honest,0
nc90c9864bcf76b97,rs16000353,rs24001665,14061,flagged,0
n59d76c5e08471656,rs16000169,rs24000562,14061,flagged,0
n735904be665f5e94,rs16000169,rs24000575,14061,honest,0
n60a93b0b14cd432c,rs16000225,rs24000867,14061,honest,0
nc80354ad078960d9,rs16000031,rs24000077,152900,honest,0
na9eced28feeee1b2,rs16000993,rs24002741,46475,honest,0
nd07338578b6d635d,rs16000270,rs24001300,14061,flagged,0
n1b46c7e3f4cf4a43,rs16000340,rs24001636,14061,flagged,0
n028848ee6e87dd6a,rs16000119,rs24000279,14061,flagged,0
nc62ab9b03d028421,rs16000721,rs24002253,16276,honest,0
n649d98a48ef66d60,rs16001181,rs24002973,46475,honest,0
n8926355aa6602f92,rs16000201,rs24000763,16276,honest,0
ne3a1673bf5403e31,rs16000704,rs24002232,29314,honest,0
nc9e6c06c0b46ee26,rs16000119,rs24000253,14061,honest,0
ne4c6e1ccdc03f6c0,rs16000273,rs24001331,14061,flagged,0
n046518f55663d99b,rs16001111,rs24002889,13030,honest,0
n1e7cc4ca9b0f0697,rs16000743,rs24002299,14061,flagged,0
nca5a4893469c3b80,rs16000172,rs24000614,14061,flagged,0
n1208fe8bd5576203,rs16000379,rs24001707,9009,honest,0
n7c4c1358b90295a2,rs16000211,rs24000788,14061,honest,0
n5cb50eae2f39a277,rs16000280,rs24001412,14061,flagged,0
nf0e51955083a0ed3,rs16000141,rs24000414,14061,flagged,0
n7075ab7ca3e58ebe,rs16000273,rs24001321,14061,flagged,0
nb8950d6a1cba735f,rs16000236,rs24000951,14061,flagged,0
n07b072ac6dac826e,rs16000527,rs24001934,8075,honest,0
n76fd53580bb610a2,rs16000201,rs24000762,16276,honest,0
n7f4dff55aa02a976,rs16000864,rs24002520,14061,flagged,0
nf4038d09e72712e2,rs16000721,rs24002258,16276,honest,0
n246e2640827c1808,rs16000277,rs24001368,14061,honest,0
ndf02692654cf3fd1,rs16000270,rs24001275,14061,honest,0
na1d3790bec8b2a43,rs16000139,rs24000367,14061,flagged,0
n7f864aaafc4004a3,rs16000721,rs24002259,16276,honest,0
n363b6e4805a3c5c1,rs16000042,rs24000107,14061,flagged,0
nc9a0b04ac246ab66,rs16000919,rs24002663,63949,honest,0
n7f5bba0ab7aeac6d,rs16000119,rs24000287,14061,flagged,0
n680cf7ace92679e4,rs16000175,rs24000643,14061,honest,0
na978e8162675570f,rs16000282,rs24001430,14061,flagged,0
n5b1219656d3c964e,rs16000139,rs24000370,14061,honest,0
nd542d4dcb78a765a,rs16000340,rs24001599,14061,honest,0
n69cdf98e9b210de9,rs16000280,rs24001398,14061,flagged,0
nc7abf204b9666e3c,rs16000343,rs24001648,43289,honest,0
nba75dcc6ae3360b0,rs16000251,rs24001093,14061,flagged,0
na46b54d571706763,rs16000270,rs24001275,14061,honest,0
nc56a675782e28440,rs16000234,rs24000937,14061,flagged,0
nb2108918c1afda68,rs16000340,rs24001624,14061,flagged,0
na9bc8cb996d0cb32,rs16000270,rs24001275,14061,honest,0
n636832dca6dab54c,rs16000225,rs24000854,14061,flagged,0
ncb6800e6aa9cc277,rs16000271,rs24001303,150818,honest,0
n53225e4e67aedc22,rs16000234,rs24000942,14061,flagged,0
n962d8be572e32ef8,rs16000270,rs24001261,14061,honest,0
n42b8fbd428a46b98,rs16000270,rs24001273,14061,honest,0
nd4fece9cd4a5ac4c,rs16000270,rs24001273,14061,honest,0
n316dad8ef558447e,rs16000270,rs24001262,14061,honest,0
n43abfee3ca6fa0ed,rs16000721,rs24002256,16276,honest,0
nc542b71561ca3df6,rs16000270,rs24001266,14061,honest,0
n3bbec2398504ed0e,rs16001265,rs24003074,24940,honest,0
n48f94897cf1e8c28,rs16000270,rs24001275,14061,honest,0
n6422f46f03b8e77c,rs16000721,rs24002259,16276,honest,0
n474538c9d66da9c9,rs16000790,rs24002391,59508,honest,0
n74b916796b0d80cb,rs16000270,rs24001274,14061,honest,0
n1635e0fddf9123d4,rs16000201,rs24000766,16276,honest,0
n88806d9fac19b7a1,rs16001180,rs24002966,46475,honest,0
nea361e4e1e95edc8,rs16000270,rs24001275,14061,honest,0
nd91cffdd7390f040,rs16001180,rs24002969,46475,honest,0
n512cd86aff4dfbe8,rs16001180,rs24002968,46475,honest,0
n504aa4608ff08de9,rs16000270,rs24001275,14061,honest,0
n8e1c15c7c6265439,rs16000275,rs24001346,15108,honest,0
n8b635438acf60aaa,rs16001208,rs24003006,12496,honest,0
n608aad39f81c5d68,rs16000401,rs24001735,205673,honest,0
ne65153bfa847e754,rs16000366,rs24001688,32489,honest,0
n0ebce97f7ac1a9eb,rs16000004,rs24000004,701,honest,0
n1ad4bbbe2ad5c4a5,rs16000729,rs24002272,202004,honest,0
n0cda5eb8e8ce641f,rs16000531,rs24001938,45179,honest,0
n2d8e0ebb67d59b3e,rs16000911,rs24002655,22773,honest,0
n5a55b7f95aa6a37f,rs16000664,rs24002174,215066,flagged,0
neb84ee122500dd8e,rs16000225,rs24000845,14061,flagged,0
n35be4f9af3ba78bb,rs16000132,rs24000351,16591,honest,0
n4f09bf063cc2599f,rs16000001,rs24000001,4804,honest,0
nb4ca878abdb9a8c3,rs16000860,rs24002492,20473,honest,0
na0c5b737dc8d9e3d,rs16001088,rs24002864,3352,honest,0
ne89301617288f901,rs16001043,rs24002802,33915,honest,0
ne432092d1ee4eccc,rs16000675,rs24002189,16509,honest,0
n4415855102797f7e,rs16000649,rs24002153,33650,honest,0
n072b10e193a70c5d,rs16000433,rs24001786,14061,honest,0
n77fa88bc1feec8c7,rs16000933,rs24002679,577,honest,0
n367b4835c6b7ef60,rs16001252,rs24003057,51167,honest,0
n17aa231c9196ed72,rs16001078,rs24002843,12322,honest,0
neabf110c9ad44fbc,rs16000690,rs24002207,16509,honest,0
ne8108fa8de2d5cca,rs16000028,rs24000047,23470,honest,0
n85d03760b5c46697,rs16000567,rs24002035,14061,honest,0
n5364d480afef5147,rs16001070,rs24002830,215703,honest,0
nf07760c628ba0409,rs16000970,rs24002716,63949,honest,0
ne8e9062dde6a09d7,rs16001257,rs24003062,29314,honest,0
ne4049939f8b8690f,rs16000257,rs24001134,24940,honest,0
n9fb4332e6aa9d0ff,rs16000433,rs24001787,14061,honest,0
nbeb6f124e6d71790,rs16000234,rs24000935,14061,honest,0
n637d4533863b4f1c,rs16000143,rs24000433,24940,honest,0
n002d1927194f5c49,rs16000798,rs24002403,60404,honest,0
neac0bc7701118c76,rs16000639,rs24002133,24940,honest,0
ndb5a9ba8bb688add,rs16001038,rs24002797,5089,honest,0
n8c9b8e09af94fefa,rs16000146,rs24000464,63949,honest,0
na38a5964371d64da,rs16001091,rs24002867,24651,honest,0
nb03b4a5ea21117e1,rs16000123,rs24000335,24940,honest,0
na0f43dc6368b1e60,rs16000749,rs24002316,211593,honest,0
n93fe91e4af4f620a,rs16000895,rs24002600,11427,honest,0
n842bef4502a92246,rs16000288,rs24001513,14061,honest,0
n9dce837e4019b3f2,rs16000363,rs24001684,3223,honest,0
nce86fca969615de2,rs16001030,rs24002789,3269,honest,0
n1a5aee2e4b08cfd0,rs16000577,rs24002062,214036,honest,0
nf9e1bef1215e9501,rs16000977,rs24002724,209,honest,0
n7f8919ef183e465c,rs16000959,rs24002705,33491,honest,0
n640f71bfeabff98f,rs16000384,rs24001714,51167,honest,0
n2d2bdb570a86aea8,rs16000183,rs24000664,51167,honest,0
nc2e5cac51a0199a7,rs16000281,rs24001423,399629,honest,0
naa5c7f307ca5e632,rs16000134,rs24000353,16591,honest,0
ne641d77af17a4b44,rs16000237,rs24000986,24940,honest,0
na8d76216fe4df3bb,rs16001228,rs24003027,202412,honest,0
n0c0b7aa925ff1a81,rs16001204,rs24003001,3215,honest,0
n0d2fa1d9939cf9ed,rs16000270,rs24001271,14061,honest,0
n924471dac66c7521,rs16000144,rs24000436,63023,honest,0
nb25ee1d36cc4e786,rs16000978,rs24002725,209,honest,0
nc8d1ec1693980723,rs16000974,rs24002720,5769,honest,0
n63c500cb1055f581,rs16000479,rs24001873,51167,honest,0
nd5567f269f8bde72,rs16001126,rs24002906,9009,honest,0
n32f789467b1da2bd,rs16000359,rs24001678,3,honest,0
naa4fe2a0c60bdafb,rs16000984,rs24002731,33654,honest,0
n547f292685ec502f,rs16000782,rs24002372,24940,honest,0
ncecfe18f9d57ecfd,rs16000864,rs24002507,14061,honest,0
n17e517cbe1dde577,rs16000567,rs24002009,14061,honest,0
nf21b5b50244b725f,rs16000123,rs24000332,24940,honest,0
nec2770878142457a,rs16000135,rs24000355,16591,honest,0
nbddfab66a6ad3be6,rs16000372,rs24001696,8560,honest,0
n9bb10ce31dcb543a,rs16000937,rs24002683,701,honest,0
ndb20a7f0a3c45eac,rs16000676,rs24002190,396982,honest,0
na236c55edea72a50,rs16000185,rs24000666,16276,honest,0
nef7913f980523e85,rs16000278,rs24001377,51167,honest,0
n05e872f6c820633f,rs16000827,rs24002457,16276,honest,0
nfa7340674e0da6dd,rs16001101,rs24002879,51167,honest,0
n68cc20f62a363792,rs16000300,rs24001537,54858,honest,0
n15fd1e39d8314298,rs16000066,rs24000140,3209,honest,0
n30be0c3e83cf309e,rs16000121,rs24000328,16276,honest,0
n69827b77c936eafa,rs16000118,rs24000250,63473,honest,0
nf1d0dfcf2b9aca3b,rs16001179,rs24002962,24940,honest,0
n9956e0dccdb341bc,rs16000438,rs24001809,24940,honest,0
n9839b0df02308e04,rs16000137,rs24000357,16591,honest,0
n06ee5e5d835d863e,rs16000094,rs24000172,7018,honest,0
n802f7da32d311384,rs16000786,rs24002387,141995,honest,0
nab4fe5ae5b4ee8de,rs16000162,rs24000531,16276,honest,0
n18d5d1014117b103,rs16000960,rs24002706,33650,honest,0
n0a5d3d96aaee5909,rs16000469,rs24001862,33965,honest,0
n13cb97b55fd0f4e9,rs16000301,rs24001538,33363,honest,0
n843751c1b90daca0,rs16000869,rs24002551,46475,honest,0
n647425185dad1de9,rs16000257,rs24001135,24940,honest,0
nd2a32f8e95d3505d,rs16000392,rs24001726,6752,honest,0
nd39c1ee7d82024c8,rs16000168,rs24000539,11260,honest,0
n3e2431a270150061,rs16001180,rs24002971,46475,honest,0
n682d3e74f93a2336,rs16000021,rs24000032,396982,honest,0
n2eaa37dd6481fffb,rs16000016,rs24000019,6939,honest,0
nfb09a1bbab78df87,rs16000255,rs24001128,46841,honest,0
n2708df23c12747b7,rs16000005,rs24000005,701,honest,0
n69b5eed8fdf7d6e0,rs16000194,rs24000743,141995,honest,0
n4340c8533aed6b8c,rs16000187,rs24000680,14061,honest,0
ndb6b0c17a2a66410,rs16000086,rs24000161,24940,honest,0
nbdc54f4a7d5b5ec2,rs16000373,rs24001697,132825,honest,0
nb60bbbd1738cb301,rs16000240,rs24001019,152900,honest,0
nde2e5008e24ed9bf,rs16000358,rs24001677,16509,honest,0
n2c83f08259a11699,rs16000371,rs24001694,210083,honest,0
n30ad693e7b3b4951,rs16000838,rs24002470,10143,honest,0
na8ff451aa484fed9,rs16000314,rs24001556,19318,honest,0
n0f5eb521450fdfb4,rs16000634,rs24002127,3223,honest,0
nf5dcad8bf205b25a,rs16000395,rs24001729,49981,honest,0
ndaca2706f143a4b0,rs16001058,rs24002817,29447,honest,0
n18ad0567901e8d7c,rs16000314,rs24001558,14061,honest,0
n58660f0b6a0c7a67,rs16000567,rs24002032,14061,honest,0
nda8d8b5ee719916e,rs16001266,rs24003081,24940,honest,0
nb0d60f21c06083af,rs16000604,rs24002092,7029,honest,0
nf89726e113b15472,rs16000233,rs24000899,14061,honest,0
n0436cbf388c89de7,rs16001223,rs24003022,31208,honest,0
n2fe88209252525c9,rs16000247,rs24001061,46841,honest,0
n63ed4c40132d5965,rs16000554,rs24001984,51167,honest,0
n43fcf1279066f9fe,rs16000685,rs24002202,396982,honest,0
n0fa348d7ae1a1f70,rs16000373,rs24001698,132825,honest,0
n98164a4a1051643d,rs16001085,rs24002861,12389,honest,0
nd7626b4192d321cc,rs16001036,rs24002795,3215,honest,0
ndb0c3821574a287d,rs16001192,rs24002987,15557,honest,0
n59d348a589c4daac,rs16000903,rs24002612,14061,honest,0
nbbbf775cfd8d84db,rs16000800,rs24002408,16276,honest,0
nf8c493e0341b8a84,rs16000141,rs24000417,14061,honest,0
n0df94e6199441809,rs16000158,rs24000523,15435,honest,0
n336bbcccead69097,rs16000149,rs24000500,14061,honest,0
n672a6ee9e2cf669c,rs16000031,rs24000077,152900,honest,0
n9afee7d06dcd909a,rs16000405,rs24001741,21409,honest,0
n5b561f6cc7d6bc9e,rs16000014,rs24000016,23470,honest,0
n6633c892c0a0ea3a,rs16000849,rs24002481,15435,honest,0
ne0884d2aeb67a722,rs16000280,rs24001402,14061,honest,0
nca0487904c6d7478,rs16000715,rs24002244,63139,honest,0
n358f8501597680c0,rs16000803,rs24002418,212317,honest,0
ncaf32271cbd13311,rs16000242,rs24001043,14061,honest,0
nc7da9e036d317fd1,rs16000370,rs24001693,62005,honest,0
na1f5b6189bc49589,rs16001084,rs24002860,51265,honest,0
n77bdcb17b6330007,rs16000270,rs24001270,14061,honest,0
n46ee2c3ebf447ba0,rs16000331,rs24001588,5410,honest,0
nc800ffba225ef1f7,rs16000262,rs24001140,14061,honest,0
nba9d2bdd279470a9,rs16000141,rs24000420,14061,honest,0
nfcddbab899f84a0e,rs16000694,rs24002213,16276,honest,0
nf69f9efef4a1f6ba,rs16000382,rs24001711,200651,honest,0
n1d2493efe924baf5,rs16000519,rs24001925,20473,honest,0
n718660131f72d232,rs16000737,rs24002283,48675,honest,0
nf015b9fa20f7c3cc,rs16000031,rs24000078,152900,honest,0
n1bb2e42c3bdd22d3,rs16001185,rs24002980,44925,honest,0
n6a8e5b8273667553,rs16001197,rs24002994,197540,honest,0
n283a425ead216f4f,rs16000932,rs24002678,577,honest,0
ne49ce0cc371ebefe,rs16000411,rs24001748,60414,honest,0
ncbbdbff76da21ead,rs16000612,rs24002101,42675,honest,0
n1740fb21ba7797d6,rs16001188,rs24002983,12310,honest,0
nbbb87714ea68d254,rs16000623,rs24002114,7018,honest,0
nd0707adab3adc95c,rs16000211,rs24000784,14061,honest,0
nb1413c2a7e16219b,rs16000265,rs24001152,14061,honest,0
n39f902df834627b8,rs16000625,rs24002116,401562,honest,0
n21270b0e29802527,rs16000999,rs24002748,46475,honest,0
n63b226dadcb680c1,rs16000120,rs24000301,14061,honest,0
nb706966c23def589,rs16000996,rs24002744,51167,honest,0
n17088c52438c21a7,rs16000322,rs24001577,7016,honest,0
n4a159b0a4faa8dfe,rs16001294,rs24003109,7018,honest,0
nbced60c4bc84499c,rs16001065,rs24002824,215659,honest,0
nea427bc64222c235,rs16000007,rs24000008,9790,honest,0
nb5b9599e5afca8d6,rs16000248,rs24001063,7018,honest,0
n36f2e1d63fa67889,rs16000016,rs24000019,6939,honest,0
nc5fcf19a30214e33,rs16000112,rs24000198,14061,honest,0
nbcd0496cdb6877e1,rs16000054,rs24000128,7018,honest,0
ndb20ab4525eabb8c,rs16000459,rs24001852,198953,honest,0
n356f4449db64f355,rs16000552,rs24001982,7029,honest,0
n120337585c73e3a1,rs16001164,rs24002945,61272,honest,0
n001a980e06c1b937,rs16000653,rs24002163,14061,honest,0
n84c276a6d197d8b1,rs16000222,rs24000814,136557,honest,0
n6bb7c669ef7c72f5,rs16000456,rs24001848,16276,honest,0
n90d2a017b1fa1050,rs16000451,rs24001833,152900,honest,0
n1f3dcd11a7babed8,rs16000993,rs24002741,46475,honest,0
nb103f5d0285e7e10,rs16001220,rs24003019,209605,honest,0
n6f89d2b7b959f360,rs16000387,rs24001718,49981,honest,0
n497bbbf90e11473c,rs16000360,rs24001680,4764,honest,0
n98c29898e706942e,rs16000986,rs24002733,10838,honest,0
nec7b0702809852cf,rs16000643,rs24002143,14061,honest,0
n1876eec028811f6d,rs16000112,rs24000220,14061,honest,0
na719f0bda39d996b,rs16000620,rs24002111,45899,honest,0
n35155c831fe65951,rs16001191,rs24002986,16019,honest,0
n66f6c0e8be51ee9d,rs16000288,rs24001515,14061,honest,0
n469a68714b2f689c,rs16000336,rs24001593,24940,honest,0
ndc5764cf0f71983e,rs16000051,rs24000125,852,honest,0
n8187c02c291da3c1,rs16000031,rs24000078,152900,honest,0
nda369d4f4386fde0,rs16000296,rs24001532,63949,honest,0
n156a106bf9686df8,rs16001225,rs24003024,3209,honest,0
n75c3b2a7514f2c09,rs16000203,rs24000773,16276,honest,0
n9b2045b69ea247d9,rs16000212,rs24000797,197540,honest,0
n6f9df05fe9a7d6eb,rs16000488,rs24001882,8359,honest,0
n90dcc303c502f62b,rs16000127,rs24000344,24940,honest,0
nd797e707071a6999,rs16001004,rs24002755,8560,honest,0
n982cdf016e2a1d4e,rs16000053,rs24000127,7018,honest,0
n9856aa52bbd0d1e1,rs16000270,rs24001271,14061,honest,0
n7f1cdfd2177c5250,rs16000418,rs24001755,47242,honest,0
nec5b30ed9695981a,rs16001092,rs24002868,33915,honest,0
nf6c2d9d007ddd391,rs16000270,rs24001271,14061,honest,0
n09493fba3de8c3a3,rs16001206,rs24003004,12389,honest,0
n2790cf1f50ed0aef,rs16001178,rs24002961,13037,honest,0
n24f980590beeabfd,rs16000237,rs24000986,24940,honest,0
n801ddf61a638e1a9,rs16000993,rs24002740,46475,honest,0
n23b0424f3c617140,rs16000743,rs24002291,14061,honest,0
n7650426c5d8208a9,rs16001028,rs24002787,3320,honest,0
n6c769ba1e5a4a297,rs16000249,rs24001064,7018,honest,0
n9385709fc36161b9,rs16000295,rs24001530,63949,honest,0
ne2f12ad129f19aee,rs16000309,rs24001547,63949,honest,0
n0f73ee1cdb0011de,rs16000097,rs24000175,135887,honest,0
nd40dff3b65f4b631,rs16001202,rs24002999,5378,honest,0
nfce81fe2da7f0ef3,rs16001051,rs24002810,5483,honest,0
n3d208e939e6ae7b6,rs16001290,rs24003105,11427,honest,0
n27283ad34cfdb0ca,rs16001122,rs24002902,15704,honest,0
nde6948f8cb7d2b4e,rs16001027,rs24002786,3269,honest,0
na0fa6bb60ef19d2d,rs16001210,rs24003008,719,honest,0
n50e73a3c91260c63,rs16001020,rs24002776,8434,honest,0
ne9f88f9e3ca15f72,rs16000523,rs24001929,198550,honest,0
n718ed9787e4e6dfb,rs16000180,rs24000660,40980,honest,0
nb0dcbd7b2a970478,rs16000063,rs24000137,13110,honest,0
n02ce5e8d9f1c925a,rs16000655,rs24002165,33651,honest,0
ne637b0b7c60c1bfd,rs16001111,rs24002890,13030,honest,0
n0c4b8c7f76dd3f11,rs16000873,rs24002556,1403,honest,0
nf420427421485796,rs16001024,rs24002782,212238,honest,0
n61e8b35231910d53,rs16000352,rs24001657,6855,honest,0
n6bd0a65fb022eec5,rs16000385,rs24001716,16086,honest,0
ne14474c8ab628f8d,rs16000279,rs24001380,14956,honest,0
nb9dbde949ee0fb87,rs16001232,rs24003034,8881,honest,0
nd3c4b913bce8bda8,rs16000284,rs24001458,37611,honest,0
nb2152e1d0cd3f636,rs16000446,rs24001828,7418,honest,0
n6e09addd0953e5fd,rs16001222,rs24003021,62005,honest,0
n095ffa3307603a20,rs16000065,rs24000139,35540,honest,0
n6c9246c7530c3a26,rs16000479,rs24001873,51167,honest,0
n3518960c9f8ae6d0,rs16000244,rs24001057,393552,honest,0
nc352ecc6bab2f355,rs16000242,rs24001036,14061,flagged,0
n256248df079299f3,rs16000474,rs24001867,214366,honest,0
n682def3b42732b37,rs16000432,rs24001770,16276,honest,0
n4d2bb5c588797471,rs16000545,rs24001970,14061,honest,0
n8441bc28da5261c6,rs16001262,rs24003067,60781,honest,0
n2204c69281146b79,rs16000771,rs24002360,5650,honest,0
nde67a9ad133f98ad,rs16000369,rs24001692,211261,honest,0
n38245be88f0dc0f1,rs16000766,rs24002353,8866,honest,0
nac13d03b76ae3045,rs16000643,rs24002143,14061,honest,0
n765afcbb094c0181,rs16000251,rs24001075,14061,flagged,0
n991658b1b0a5ac1e,rs16000819,rs24002445,16276,honest,0
n29ca7d39b06fd459,rs16000242,rs24001042,14061,honest,0
ncd6f722a4556494d,rs16001171,rs24002953,24877,honest,0
n7ce28c9fa00e6d50,rs16000197,rs24000750,12353,honest,0
ncc338bd15f1b3454,rs16000139,rs24000362,14061,honest,0
n988d8c296e837380,rs16000347,rs24001652,51579,honest,0
nb7942242d79ae8a2,rs16000922,rs24002667,33651,honest,0
n839f1d56a038a2e9,rs16000605,rs24002093,200019,honest,0
n722e017244ca0bd2,rs16000119,rs24000274,14061,honest,0
n98e6a402eba0274e,rs16000832,rs24002463,16276,honest,0
n8c18e002e2f00b9b,rs16000870,rs24002552,14569,honest,0
nfc6785aeed6e21db,rs16000709,rs24002238,51167,honest,0
n002caa9358078571,rs16001264,rs24003070,34393,honest,0
ne4acc8066ba46931,rs16000236,rs24000955,14061,flagged,0
nd0392b385520cb4e,rs16000273,rs24001338,14061,honest,0
n2087c334c078d0ca,rs16000396,rs24001730,39351,honest,0
nde60bafa3faabba2,rs16000721,rs24002259,16276,honest,0
n9a7555b193a608ef,rs16000270,rs24001270,14061,honest,0
n5e98353a5955c3a2,rs16000431,rs24001769,5483,honest,0
n7d2cb06cde4b3f6b,rs16000788,rs24002389,8708,honest,0
nca902e9fe8704551,rs16000721,rs24002259,16276,honest,0
n17b5afc7a9c8a0ed,rs16000238,rs24001004,14061,honest,0
n7adfadd927108d90,rs16000149,rs24000505,14061,flagged,0
n2037b37bd1b38695,rs16000803,rs24002421,212317,honest,0
n1019dc90a705ffb5,rs16000238,rs24000996,14061,flagged,0
n54bfa904eaad632e,rs16000270,rs24001289,14061,honest,0
nc661111d28406bbd,rs16000145,rs24000451,14061,honest,0
n469409ba0b5554b3,rs16000926,rs24002671,11232,honest,0
n75e58720c826b0c3,rs16000881,rs24002582,24940,honest,0
n389b108be3d5ae4c,rs16001104,rs24002882,46475,honest,0
nea0b24671c3be730,rs16000270,rs24001268,14061,honest,0
nc339cbfa06d6fff0,rs16000277,rs24001354,14061,flagged,0
n4b29b209d273457e,rs16000340,rs24001623,14061,flagged,0
nef96468a6fc69e47,rs16000270,rs24001273,14061,honest,0
n4592710bdb357928,rs16000981,rs24002728,7018,honest,0
n431e48f973e5e148,rs16001186,rs24002981,21334,honest,0
nc1a1a6c0bbc55ae2,rs16000240,rs24001019,152900,honest,0
nae7b22fb3e2ad7ee,rs16000277,rs24001348,14061,flagged,0
n069907ca57595d41,rs16000016,rs24000018,14061,flagged,0
nb6d21e74e31f0077,rs16000270,rs24001295,14061,honest,0
n771d226e4e6e2335,rs16000270,rs24001271,14061,honest,0
n1bcf07c50493545c,rs16000120,rs24000306,14061,flagged,0
n846e147621b8c97d,rs16000043,rs24000116,36352,honest,0
n8a67d9114cdd9091,rs16000328,rs24001583,200019,honest,0
ne19631460bf865fc,rs16000342,rs24001645,213230,honest,0
nf8f760f8a9438379,rs16001298,rs24003113,7018,honest,0
n567d041d8c72e869,rs16000973,rs24002719,5650,honest,0
n01315bdff03b03e4,rs16000979,rs24002726,11426,honest,0
nedfd666ed4bd43b9,rs16000277,rs24001367,14061,flagged,0
nfead37ce0ce9f28a,rs16000314,rs24001560,14061,flagged,0
n50e6fa40b9a4a556,rs16000767,rs24002354,3209,honest,0
nbe52da4a6f7bd7ad,rs16000553,rs24001983,53610,honest,0
n2c8070603a469a9a,rs16000908,rs24002642,14061,honest,0
nf4a7bd58146de3dc,rs16000908,rs24002640,14061,honest,0
n5f8e717ea49d2019,rs16000560,rs24001990,22295,honest,0
nd4eb4e4d60550695,rs16000881,rs24002576,24940,honest,0
n0366b1169753e5be,rs16000908,rs24002649,14061,flagged,0
n9b9ea93649cef91e,rs16000993,rs24002740,46475,honest,0
ne06f86da90328b87,rs16000711,rs24002240,26223,honest,0
na27bd342aac20a05,rs16000472,rs24001865,13036,honest,0
n581d9e77cd36e2e4,rs16000233,rs24000912,14061,flagged,0
nd403451782a8cde7,rs16001172,rs24002954,3352,honest,0
n4f90a0ea0265f8db,rs16000502,rs24001905,5603,honest,0
n86167bd76c0c5433,rs16000006,rs24000006,701,honest,0
n1935806507f2d6c8,rs16000721,rs24002259,16276,honest,0
n7c35eba3a47e528d,rs16001087,rs24002863,5617,honest,0
n6651feb35a877419,rs16001217,rs24003016,209824,honest,0
ne230cff0b4306a3d,rs16000261,rs24001139,152900,honest,0
ne40e16803126988d,rs16000288,rs24001492,14061,flagged,0
na782e168df4b27f8,rs16000038,rs24000085,7018,honest,0
nc892ef86ff4f0ade,rs16001025,rs24002784,6799,honest,0
ncfd15522909f2f24,rs16000829,rs24002460,16276,honest,0
n67a1ccc5e04e57fc,rs16000187,rs24000685,14061,honest,0
nfd7859a01b49e752,rs16000146,rs24000463,63949,honest,0
nbe9f2c044126057c,rs16000567,rs24002013,14061,honest,0
nb531f81e13a7711f,rs16000277,rs24001359,14061,honest,0
nabd85c2f7455f865,rs16000120,rs24000316,14061,flagged,0
n7400d2da57e85d10,rs16000340,rs24001622,14061,flagged,0
nf50467964aaa322b,rs16000726,rs24002267,8987,honest,0
nab8ce219f8d73170,rs16000916,rs24002660,33661,honest,0
na86bf1390b1a2594,rs16000993,rs24002741,46475,honest,0
n3660086ffaca3c30,rs16001265,rs24003072,24940,honest,0
n88d88a627c124cb9,rs16000232,rs24000888,4764,honest,0
nc26c474411a460d2,rs16000721,rs24002251,16276,honest,0
nd627de10294590b0,rs16000325,rs24001580,4766,honest,0
n5e5f98fbef286910,rs16000448,rs24001830,906,honest,0
n51d55bcc798056cb,rs16000289,rs24001516,25668,honest,0
n4773c84cc3962de9,rs16001131,rs24002911,2856,honest,0
n600536b499bf210c,rs16000225,rs24000847,14061,flagged,0
n237730e5e165ccab,rs16000211,rs24000789,14061,flagged,0
n6ab4923252351cc5,rs16000921,rs24002666,401476,honest,0
n12d976b79de30c2c,rs16000201,rs24000767,16276,honest,0
n9852926127238afe,rs16000743,rs24002304,14061,flagged,0
n72448aca9ebc69bb,rs16000111,rs24000191,213684,honest,0
n747ee952da0e807c,rs16000029,rs24000056,14061,flagged,0
nc4bbc428c6831847,rs16000019,rs24000025,14061,flagged,0
n2770253c8b399399,rs16000149,rs24000487,14061,honest,0
nf307e42cb1cca446,rs16000267,rs24001196,14061,honest,0
nd515c40ac74760d8,rs16000019,rs24000023,14061,flagged,0
n3412eeefb71660f7,rs16000807,rs24002428,63949,honest,0
nc986a3baf1c303ad,rs16000119,rs24000282,14061,flagged,0
n5e2758d570e8bdb8,rs16000866,rs24002545,14061,flagged,0
n48b891bd5c11becc,rs16000234,rs24000945,14061,flagged,0
nc08314117fbcec23,rs16000797,rs24002400,215859,honest,0
n5caee8fb7bc5a822,rs16000674,rs24002188,396982,flagged,0
n87843c766958055f,rs16000031,rs24000078,152900,honest,0
n28d2d52f812b3247,rs16000193,rs24000739,14061,honest,0
n6b536a940923503f,rs16000270,rs24001278,14061,honest,0
na002c1bbe9de1439,rs16000139,rs24000375,14061,honest,0
nb4cd2614e54faf08,rs16000906,rs24002616,11492,honest,0
n985600bfbdcfc5e7,rs16000314,rs24001567,14061,flagged,0
n0db6b3db4422b8a8,rs16001289,rs24003104,26496,honest,0
n5e3c36042d2bb91d,rs16000119,rs24000289,14061,flagged,0
nd00eb4d7606768fa,rs16000201,rs24000766,16276,honest,0
nffe0b79551cce150,rs16000755,rs24002328,14061,flagged,0
n54423ded45396264,rs16000310,rs24001549,701,honest,0
n6c3c82d6294e542a,rs16000224,rs24000833,14061,flagged,0
na5f6d4ac9817c6f8,rs16000919,rs24002664,63949,honest,0
n6441d7e3325310c0,rs16000353,rs24001659,14061,flagged,0
n330f14b0463b72ac,rs16000288,rs24001469,14061,flagged,0
n3f5ff2dcff9ef999,rs16000169,rs24000549,14061,flagged,0
n66a1932d9641971e,rs16001164,rs24002946,8764,honest,0
n011d1e953f668f84,rs16000252,rs24001124,63213,honest,0
n15bd812af577e956,rs16000563,rs24001993,13649,honest,0
n267d7bf2bddb62fb,rs16000908,rs24002621,14061,flagged,0
n5c32c4def6ba28ad,rs16000242,rs24001033,14061,flagged,0
na72d8be72226c086,rs16000172,rs24000604,14061,honest,0
n1f6bc0df4a06b22a,rs16000101,rs24000180,17858,honest,0
n34341b06e7621376,rs16000721,rs24002260,16276,honest,0
n2dfa360d58b4f410,rs16001022,rs24002778,57269,honest,0
nf507a3208b45bdd9,rs16000273,rs24001313,14061,flagged,0
n0f2f87a17f06c171,rs16000975,rs24002722,32869,honest,0
n42fd181e4c7a32f9,rs16000201,rs24000761,16276,honest,0
nb582b168bef2a6ad,rs16001037,rs24002796,3320,honest,0
n36a23bb94ecac982,rs16000288,rs24001505,14061,flagged,0
n3750f953b6d59aa9,rs16000146,rs24000462,63949,honest,0
n00219f9fbdc57ed6,rs16000261,rs24001139,152900,honest,0
n2c4a74e57202a946,rs16000288,rs24001503,14061,flagged,0
n3472a49b3b94ccdd,rs16000267,rs24001188,14061,flagged,0
n369de35933d735fc,rs16000908,rs24002633,14061,flagged,0
n082beeffb84f9399,rs16000270,rs24001273,14061,honest,0
ncbc51b6805b6b448,rs16000567,rs24002024,394996,honest,0
n19866e7b080c35d9,rs16000999,rs24002748,46475,honest,0
n191a149c1e632844,rs16000288,rs24001465,14061,flagged,0
neffdb0ada8b4c787,rs16000433,rs24001792,14061,flagged,0
nf40f9e5843308b9e,rs16001144,rs24002924,208161,honest,0
n04a3bf97e10a0e27,rs16000314,rs24001559,14061,flagged,0
n8a508e0de5af54c9,rs16000225,rs24000844,14061,flagged,0
nbd2e5334601c6029,rs16000031,rs24000078,152900,honest,0
n7a0d6c0e1769e193,rs16000391,rs24001725,264617,honest,0
n082a92690c5941af,rs16000251,rs24001081,14061,flagged,0
n18faf315d9e0bd85,rs16000042,rs24000108,14061,flagged,0
n870aa29aaf3dc640,rs16000721,rs24002259,16276,honest,0
nc83c59a96883c16d,rs16000454,rs24001842,14061,flagged,0
n7bf967fca6ff36fa,rs16000145,rs24000447,14061,flagged,0
n6cba664da96b7b74,rs16000112,rs24000223,14061,honest,0
n9c2b332694eacb2b,rs16000234,rs24000929,14061,flagged,0
n6eb26ebe5e5fb9b3,rs16000162,rs24000530,16276,honest,0
nffa45c7b7f92865f,rs16000282,rs24001448,14061,flagged,0
n13d10fb0dd650aea,rs16000029,rs24000065,14061,flagged,0
nbd40bfc6bac91c6f,rs16000119,rs24000271,14061,flagged,0
n33c3a11e20e3f2a2,rs16000270,rs24001281,14061,honest,0
nc13e3cec28c5816d,rs16000118,rs24000249,62563,honest,0
n68961bd3d80202d4,rs16001180,rs24002968,46475,honest,0
n5da7042985eea2d7,rs16000210,rs24000780,7303,honest,0
nf6e371773271773c,rs16000187,rs24000679,14061,flagged,0
nbe3b8b5224bfd9fc,rs16000273,rs24001317,14061,flagged,0
n547d0d673f5ab285,rs16000267,rs24001197,14061,flagged,0
n2d40c76b96c5d984,rs16000217,rs24000809,141995,honest,0
nf42aff5c4b559a36,rs16000270,rs24001273,14061,honest,0
n84fc0f4f6451d214,rs16000818,rs24002444,12876,honest,0
n829d5ff48e16d871,rs16000837,rs24002469,4134,honest,0
n37ba94077d3a154d,rs16000112,rs24000213,14061,flagged,0
n63e9b30c02b5ecc4,rs16000119,rs24000263,14061,flagged,0
ne48603f9634c9139,rs16000170,rs24000589,14061,flagged,0
n6ffc5fb2aa62f9cc,rs16000280,rs24001407,14061,flagged,0
ndbbc3070c25c1df0,rs16000809,rs24002432,20055,honest,0
n1082b36fc35ede0a,rs16000433,rs24001798,14061,flagged,0
ndb4d6b73dab7895d,rs16000908,rs24002618,14061,flagged,0
ne122f12fcd0a7bdf,rs16000268,rs24001213,14061,flagged,0
n8137274112076d6e,rs16000268,rs24001233,14061,flagged,0
nf58ed02229a3c903,rs16000145,rs24000450,14061,flagged,0
n28e213b143ad820d,rs16000265,rs24001143,14061,flagged,0
n971d7c29c8c51282,rs16000429,rs24001766,56694,honest,0
n8251bea2317dea6e,rs16000225,rs24000843,14061,flagged,0
nb28aa7a66315a6e5,rs16000251,rs24001073,14061,flagged,0
n2f348762917824e2,rs16000271,rs24001303,150818,honest,0
n855ab229161ed2e9,rs16000201,rs24000767,16276,honest,0
n84fdd4a1cf58015e,rs16000433,rs24001791,14061,flagged,0
neee4efb2899b713f,rs16000187,rs24000690,14061,honest,0
n7729bc881d7c2953,rs16000433,rs24001800,14061,flagged,0
n33108484ef709505,rs16001018,rs24002774,24940,flagged,0
n3603a114d76219cf,rs16000972,rs24002718,3801,honest,0
n6dd26bb2f89f2be9,rs16000091,rs24000169,132280,honest,0
n5e3222b5b2569e8b,rs16000095,rs24000173,7018,honest,0
na84432be53dafb3d,rs16000795,rs24002397,5384,flagged,0
nac43a749b299ad36,rs16000441,rs24001822,3209,honest,0
nd31814ce5ee41796,rs16000271,rs24001303,150818,honest,0
n6672b45d7da02d7c,rs16000233,rs24000902,14061,flagged,0
n4b51e64b0a018105,rs16000149,rs24000508,14061,flagged,0
nad57b16b53660197,rs16000280,rs24001422,14061,flagged,0
n7f596bd233db8078,rs16000270,rs24001290,14061,flagged,0
n559ca44df72b552d,rs16000789,rs24002390,8708,honest,0
na967133b0dae7811,rs16000201,rs24000767,16276,honest,0
naaa9fb0c42fa372b,rs16000567,rs24002001,14061,flagged,0
ne6ac3e538c967788,rs16000169,rs24000552,14061,flagged,0
n6dfb196706123551,rs16000119,rs24000266,14061,flagged,0
n7238c0aa53bc3511,rs16000187,rs24000688,14061,flagged,0
nd5a19aba27050ffe,rs16000270,rs24001299,14061,flagged,0
nf8f9427aae348296,rs16000149,rs24000494,14061,honest,0
n6bccbc1721d8f126,rs16000866,rs24002536,14061,flagged,0
n6d907a1e81b27340,rs16000530,rs24001937,210083,honest,0
nd4477ed56c242301,rs16000019,rs24000027,14061,flagged,0
n116e52523bfc3afc,rs16000567,rs24002038,14061,flagged,0
nce853eb9e2ee686b,rs16000170,rs24000581,14061,flagged,0
n66527976c8691420,rs16000193,rs24000730,14061,flagged,0
nb4cd0e30ba47fe67,rs16000112,rs24000199,14061,honest,0
n7b33a58d921effe9,rs16000999,rs24002748,46475,honest,0
nca72a526cc913be3,rs16000112,rs24000201,14061,flagged,0
nff69893c3a4c983f,rs16000280,rs24001401,14061,flagged,0
ncf06bc58bdfb23e9,rs16000031,rs24000078,152900,honest,0
n3e1eea52142c0ed9,rs16000567,rs24002004,14061,flagged,0
nc6a8adf0bc0ed89c,rs16001129,rs24002909,8708,honest,0
n345a2ebd79348dcd,rs16000169,rs24000540,14061,flagged,0
nbd1453121e2692e8,rs16000175,rs24000648,14061,flagged,0
na9b867ce7cbe6fcd,rs16000582,rs24002068,43641,honest,0
n14c397383cff09f7,rs16001180,rs24002966,46475,honest,0
n4757058a6edbe610,rs16000149,rs24000491,14061,flagged,0
n68be2f9134fefe0f,rs16000913,rs24002657,19318,honest,0
n95be3c4300388e2b,rs16000146,rs24000467,63949,honest,0
n22cdc51316b427d3,rs16000639,rs24002137,24940,honest,0
n14894d06b61642f3,rs16000375,rs24001701,44901,honest,0
n75ecbbb4cf47c985,rs16000112,rs24000210,14061,flagged,0
n58d1335242c18b7a,rs16000149,rs24000493,14061,flagged,0
nad88870402643ac3,rs16000234,rs24000941,14061,flagged,0
n4ce9fcf69b7a6229,rs16000267,rs24001205,14061,flagged,0
nea42c0b08d6364c0,rs16000908,rs24002623,14061,flagged,0
n78b14847696d2d44,rs16000169,rs24000577,14061,flagged,0
ne6085439059c0fcd,rs16000170,rs24000579,14061,flagged,0
n93a6d27e532e8a15,rs16001079,rs24002855,12322,honest,0
n8aea03333b8f1f65,rs16000273,rs24001312,14061,flagged,0
n8d0eb77680f1fc13,rs16000567,rs24002012,14061,honest,0
nf219ff485ec47861,rs16000170,rs24000587,14061,honest,0
nc0924c9dff3fdf0b,rs16000119,rs24000285,14061,flagged,0
ndbafed0290a8cc48,rs16000381,rs24001710,56322,honest,0
nb24388b15e5376a1,rs16000112,rs24000197,14061,honest,0
ncbcf202e2ce144bd,rs16000112,rs24000207,14061,flagged,0
n34f9c771bbeaeebd,rs16000224,rs24000821,14061,flagged,0
n09d6a1adc4324f32,rs16000119,rs24000275,14061,honest,0
n6e4775a3cde068d5,rs16000112,rs24000221,14061,honest,0
n04c85f28dbc5cd58,rs16000149,rs24000495,14061,flagged,0
n8b7f8b5c8da41296,rs16000115,rs24000227,154177,honest,0
nbdfbcab0b08cd7d2,rs16000721,rs24002260,16276,honest,0
na07e1275045e0bed,rs16000141,rs24000424,14061,flagged,0
nd4d74a23e87dfa43,rs16000172,rs24000611,14061,flagged,0
nfda197f63fad25be,rs16000721,rs24002259,16276,honest,0
nbaa1896c0f9bb6e0,rs16000141,rs24000419,14061,honest,0
n7ade9c9007a9aff6,rs16000169,rs24000541,14061,flagged,0
n46508738ef57afc1,rs16000172,rs24000610,14061,flagged,0
nabd25a3b9e96495c,rs16000420,rs24001757,61068,honest,0
n5d66063c9c031751,rs16001017,rs24002772,24940,honest,0
n43206e438cfc57a4,rs16000270,rs24001261,14061,flagged,0
n75b8eb58d019c7e0,rs16000999,rs24002748,46475,honest,0
ned6ab5b9c0cce345,rs16000251,rs24001070,14061,flagged,0
n32a8273e38145955,rs16001249,rs24003054,21127,honest,0
n51493579bb2dbdc8,rs16000269,rs24001254,14061,flagged,0
n15498862cd2df8cd,rs16000511,rs24001916,14061,flagged,0
n2b5fae5ea9c6a6ad,rs16001180,rs24002966,46475,honest,0
n73717611023eea95,rs16000149,rs24000479,14061,flagged,0
n011ca13280145206,rs16000566,rs24001996,852,honest,0
nf5af0adae6e7e675,rs16000288,rs24001503,14061,flagged,0
nbc4cb5e08c75ec17,rs16000029,rs24000048,14061,flagged,0
ncbd08db537a782d7,rs16001291,rs24003106,10796,honest,0
n86a3653f76a1edd8,rs16001006,rs24002758,212171,honest,0
nc2e5af9e06c23b8d,rs16000191,rs24000716,135887,honest,0
n4a34275bb1c03859,rs16000187,rs24000691,14061,honest,0
n8743bc2b94fed5f0,rs16000743,rs24002301,14061,flagged,0
n1958c11cf2afd509,rs16000314,rs24001564,14061,honest,0
n1d8cc568fa4d8ab6,rs16000251,rs24001067,14061,flagged,0
n0850b878463ce509,rs16000621,rs24002112,7018,honest,0
ne99ddd6b97338d8d,rs16000261,rs24001139,152900,honest,0
n66d65185867e423f,rs16001061,rs24002820,3269,honest,0
n2fd78144ac10ff60,rs16000145,rs24000454,14061,flagged,0
n0478bfc09c58a5f2,rs16000606,rs24002095,141995,honest,0
nc23d57936f09885d,rs16001181,rs24002974,46475,honest,0
n46ade9d26c7c6f06,rs16001063,rs24002822,5089,honest,0
n93f052b49ceba679,rs16000169,rs24000555,14061,flagged,0
n8174004b7dfc7864,rs16000277,rs24001350,14061,flagged,0
n2db7be92d1c7802f,rs16000233,rs24000907,14061,flagged,0
nb3861940e7f2f2e1,rs16000266,rs24001175,14061,flagged,0
n66fe095e78f366f0,rs16000169,rs24000576,14061,flagged,0
n06bcd70c1302d4dc,rs16001220,rs24003019,209605,honest,0
n56f16c30c13fcdfc,rs16000993,rs24002740,46475,honest,0
nfc9dcd346b8a7e8d,rs16000149,rs24000472,14061,flagged,0
ne663efeb50d5d8bd,rs16000318,rs24001573,7015,honest,0
n120ead329f147d05,rs16000518,rs24001923,396948,honest,0
n09bb334e620d6189,rs16000688,rs24002205,396982,honest,0
n5e2bc249d1ffbd09,rs16000112,rs24000215,14061,honest,0
n1f6213dce4a2880a,rs16000567,rs24002007,14061,honest,0
ne396832512cdbcc0,rs16000985,rs24002732,33651,honest,0
naa2a3e2cf0cee517,rs16001181,rs24002972,46475,honest,0
nad6d9db0b068edde,rs16000233,rs24000893,14061,honest,0
n4f0b32c7588bbc4d,rs16000119,rs24000271,14061,flagged,0
n713be4454c6aaad3,rs16000270,rs24001273,14061,honest,0
n8cf98c5bf00ea470,rs16000201,rs24000766,16276,honest,0
nb2f86b017d975eeb,rs16000273,rs24001310,14061,flagged,0
n3f6a237d84ec9d25,rs16000112,rs24000210,14061,flagged,0
nc4883027bda88b29,rs16000721,rs24002262,16276,honest,0
n046af652887e32cd,rs16000753,rs24002320,212171,honest,0
n2ee6344fd042041e,rs16000277,rs24001372,14061,flagged,0
n305ab2fd50c3aa9f,rs16000145,rs24000447,14061,flagged,0
nedaf79891ef8f806,rs16000508,rs24001911,30983,honest,0
n7a07136e32037a13,rs16000120,rs24000310,14061,honest,0
na57b1c657b41c716,rs16000042,rs24000108,14061,flagged,0
ne3349148315fd0a4,rs16001180,rs24002970,46475,honest,0
n5f938de7a5217096,rs16000270,rs24001277,14061,honest,0
nfc6937fa9f099189,rs16000285,rs24001459,51167,honest,0
na1b79d7b0ab7b1f1,rs16000271,rs24001303,150818,honest,0
ne219cff0502021f1,rs16000170,rs24000580,14061,flagged,0
nbac1eced6fd233fa,rs16000201,rs24000766,16276,honest,0
n725b00e8a416d069,rs16001238,rs24003040,48090,honest,0
n90ff59787afb8733,rs16000673,rs24002183,396982,honest,0
nf698473b0bb672f0,rs16000787,rs24002388,16276,honest,0
ndc30dbe4e80214de,rs16000568,rs24002043,59253,honest,0
n778c855a83236cef,rs16000902,rs24002609,14061,flagged,0
nff5bd46e8e9fa2da,rs16000781,rs24002370,37963,honest,0
nc95a45c44e451057,rs16001180,rs24002970,46475,honest,0
n9bc62ff5df2596a1,rs16000236,rs24000976,14061,flagged,0
n897e19cf94742fc7,rs16000273,rs24001339,14061,flagged,0
nc97ec7a0669acd47,rs16000139,rs24000368,14061,flagged,0
ndd40c1ac2f8f78b6,rs16000277,rs24001363,14061,flagged,0
n09415af5e0f9f957,rs16000489,rs24001883,59729,honest,0
n66190f9b3e89eede,rs16000288,rs24001504,14061,flagged,0
nc18cf5abc5d8c1ff,rs16000340,rs24001632,14061,honest,0
ne4ab2d8cbf8dff22,rs16000999,rs24002748,46475,honest,0
n8588dfabca08404b,rs16001180,rs24002970,46475,honest,0
nbd250591fac0d000,rs16000393,rs24001727,212477,honest,0
n4cfff853facc1241,rs16000270,rs24001273,14061,honest,0
n75c4ba7271a2d58c,rs16000236,rs24000967,14061,honest,0
n610a94e6f10eef0e,rs16000139,rs24000383,14061,honest,0
nc6e2aedb9488dafb,rs16000266,rs24001172,14061,flagged,0
nc39ce4aebfb54c4b,rs16000117,rs24000234,14061,flagged,0
n58b41b73a48febe4,rs16001180,rs24002970,46475,honest,0
nc347f28fe12272d3,rs16000743,rs24002306,14061,flagged,0
n29b7fd405be08055,rs16000439,rs24001820,24940,honest,0
n7424402f92270bbf,rs16000112,rs24000208,14061,flagged,0
nef4a0878a7014ed1,rs16000270,rs24001260,14061,flagged,0
ne2185c12ad31a09d,rs16000270,rs24001273,14061,honest,0
n13860684aa0cd7de,rs16001104,rs24002882,46475,honest,0
nf0ae3bc0df91d8a1,rs16000282,rs24001440,14061,flagged,0
ne7b609fc5a1ff7f6,rs16000233,rs24000916,14061,honest,0
n34e8e44042602c76,rs16000721,rs24002260,16276,honest,0
n657ac20930d61e3c,rs16000104,rs24000183,45899,honest,0
n94a910962d1d748a,rs16000201,rs24000761,16276,honest,0
nb8a8dde7f4d8d614,rs16000340,rs24001629,14061,flagged,0
nf6b476acb2a2d0bd,rs16000288,rs24001463,14061,flagged,0
n3cd7b4c7e1a5f89d,rs16000203,rs24000773,16276,honest,0
n0969987b075d20ec,rs16000270,rs24001265,14061,honest,0
nfd1cc071858884d7,rs16001104,rs24002882,46475,honest,0
ne053cf765c7ed5b8,rs16000384,rs24001715,209605,honest,0
n7dae74f68466e91e,rs16000251,rs24001118,14061,flagged,0
ne8885dcc6658b5bd,rs16000570,rs24002053,14061,flagged,0
n75ff052c109bc418,rs16000270,rs24001275,14061,honest,0
n7d19a00436c4695d,rs16000242,rs24001022,14061,flagged,0
n0e4f023a25c51bdf,rs16000864,rs24002515,14061,flagged,0
n8c31d6de7cd25ab8,rs16000119,rs24000298,14061,honest,0
nfb01dc4dacf14569,rs16000267,rs24001199,14061,flagged,0
n2699f399aba6b1a8,rs16000234,rs24000927,14061,flagged,0
nb3bac13ffc852493,rs16000277,rs24001374,14061,flagged,0
n4d2163eb6e955ed0,rs16000201,rs24000768,16276,honest,0
n1f63f8d786c44437,rs16000119,rs24000289,14061,flagged,0
ne9bf849893fbb230,rs16000373,rs24001699,57494,honest,0
n79a45e61b1e8fcf6,rs16000710,rs24002239,18978,honest,0
ne68d53b2326cabb5,rs16001048,rs24002807,15704,honest,0
n0312ab45be6e7180,rs16000251,rs24001121,14061,flagged,0
n20cc0cd6a316f2b5,rs16000340,rs24001601,14061,flagged,0
n32f3ebcf7ac0ca29,rs16000175,rs24000650,14061,flagged,0
nd185646e63f9d752,rs16000141,rs24000411,14061,flagged,0
nae2ef29263755e6e,rs16000888,rs24002592,30041,honest,0
n61e8b4fd63e57c75,rs16000139,rs24000361,14061,flagged,0
n706fa280c7fbd90e,rs16000340,rs24001627,14061,flagged,0
n54c5b22725516046,rs16000224,rs24000833,14061,flagged,0
n30041de55f0871f7,rs16001104,rs24002882,46475,honest,0
nfd2f22fe8015cfc8,rs16000277,rs24001348,14061,flagged,0
n0990a11b68c25400,rs16000119,rs24000292,14061,flagged,0
n46444894dc23aa64,rs16000141,rs24000423,14061,honest,0
n7b4e2bbebb33ed40,rs16000288,rs24001476,14061,flagged,0
ne2b882b10d9d2d02,rs16000696,rs24002221,24940,honest,0
n01ccd739c3e10873,rs16000721,rs24002254,16276,honest,0
nb6c5fc5e004adbbe,rs16000864,rs24002529,14061,flagged,0
n2100d66d945445f1,rs16000266,rs24001158,14061,flagged,0
nf9563343391a6ebb,rs16000340,rs24001604,14061,honest,0
nc0e2377e3b470784,rs16000169,rs24000550,14061,flagged,0
n391f157f340ee447,rs16000211,rs24000790,14061,honest,0
n6898bcf00a2b772e,rs16000267,rs24001202,14061,flagged,0
nb82c3e021a146b20,rs16000694,rs24002216,16276,honest,0
n99e878e31eb01841,rs16000169,rs24000558,14061,flagged,0
ne1e392a18749bd83,rs16001104,rs24002882,46475,honest,0
ne843d16fe1c45afd,rs16001180,rs24002970,46475,honest,0
n15759ed317dcde00,rs16000026,rs24000044,14061,flagged,0
ne054a36f9c91e7ed,rs16000282,rs24001427,14061,flagged,0
n3ea9355b2aba8201,rs16000029,rs24000068,14061,flagged,0
n30055c4a58eb07be,rs16000170,rs24000596,14061,flagged,0
n0bfbd845bd591493,rs16000657,rs24002167,16509,honest,0
nedc6a85860babb89,rs16000270,rs24001273,14061,honest,0
nd3d18b80190210c9,rs16000433,rs24001774,14061,honest,0
nd294e91ac705c91a,rs16000202,rs24000769,20055,honest,0
n29a381a006cfca78,rs16000031,rs24000078,152900,honest,0
n283874bb853a4a59,rs16000280,rs24001394,14061,honest,0
nbbd805c76610b1d5,rs16000141,rs24000416,14061,flagged,0
n4bc21e4bb3bc0dfc,rs16000270,rs24001275,14061,honest,0
nd057346ec7445187,rs16000934,rs24002680,6327,honest,0
n23b798203772c1a6,rs16000293,rs24001528,63949,honest,0
n35cbbd2dea09019a,rs16000117,rs24000238,14061,flagged,0
n870f10049202b78c,rs16000042,rs24000110,14061,flagged,0
n59800772cf291357,rs16001078,rs24002842,12322,honest,0
nd3c0b41678ad43e5,rs16000270,rs24001259,14061,honest,0
n87dbc3183f75492f,rs16000267,rs24001190,14061,flagged,0
n1ff25d11a3896b99,rs16000242,rs24001032,14061,flagged,0
n458bba44850b5066,rs16000452,rs24001834,152900,honest,0
n17101a1cc1b6b04b,rs16000029,rs24000070,14061,honest,0
nd108980c9f1212d3,rs16000908,rs24002648,14061,flagged,0
n9cf6dcc1d500414c,rs16000547,rs24001972,26042,honest,0
na706767396201b31,rs16000187,rs24000699,14061,flagged,0
n6459effa55fab1e0,rs16000193,rs24000731,14061,flagged,0
n156aca3a0ba46e3e,rs16000242,rs24001030,14061,flagged,0
n21e4fc6e891c578a,rs16000340,rs24001631,14061,honest,0
nb495b3c7334c14ea,rs16000999,rs24002748,46475,honest,0
n2dd43b3418ecfb03,rs16000721,rs24002259,16276,honest,0
na8566eb43fcb08ee,rs16000269,rs24001239,14061,flagged,0
nb9e8f830a3504fee,rs16000743,rs24002292,14061,flagged,0
n8f6dd7deb2051f7e,rs16000234,rs24000937,14061,flagged,0
nf30790aba0348c39,rs16000234,rs24000938,14061,flagged,0
n170eaa2957819c1e,rs16000251,rs24001095,14061,flagged,0
n4037b45487a3a7a7,rs16000908,rs24002638,14061,flagged,0
n8cbe43d57c6e7fc3,rs16000562,rs24001992,53667,honest,0
nab36d1c1a073aa8a,rs16000175,rs24000649,14061,flagged,0
n46f41c122f6ef521,rs16000119,rs24000281,14061,flagged,0
n7c18bd2eb5ef6393,rs16000234,rs24000926,14061,flagged,0
n3d2024bf8c8015b0,rs16000908,rs24002647,14061,flagged,0
ne631da2518dc804f,rs16000238,rs24001013,14061,flagged,0
nce0ebd10e6fc2ffa,rs16000340,rs24001610,14061,flagged,0
n95e1634e0a090381,rs16000340,rs24001633,14061,flagged,0
nf5479cbffe9ea75e,rs16000340,rs24001634,14061,flagged,0
n20b02073ee10254c,rs16000881,rs24002584,24940,honest,0
n79977474ede4c7a5,rs16000811,rs24002436,20055,honest,0
ne11096c7316482f6,rs16000280,rs24001418,14061,flagged,0
na53823dc54b359b0,rs16000193,rs24000733,14061,flagged,0
n427db88ea6c79344,rs16000251,rs24001099,14061,flagged,0
nd5b6e71d46984475,rs16000864,rs24002527,14061,flagged,0
nbf64c5853d5b2047,rs16000567,rs24002038,14061,flagged,0
nf8ab5754261c054c,rs16000112,rs24000212,14061,flagged,0
n23d66f429e08b81e,rs16000117,rs24000239,14061,flagged,0
n128933175805db5e,rs16000145,rs24000456,14061,flagged,0
nfaa4c346356b6514,rs16000251,rs24001078,14061,flagged,0
n45af9f0b7ede16a0,rs16000044,rs24000117,36352,honest,0
n9bb6058fb8b687c4,rs16001180,rs24002968,46475,honest,0
naec012f929d080f8,rs16000629,rs24002122,397391,honest,0
n8d00d8748e2344b4,rs16000233,rs24000913,14061,flagged,0
nb39875b17379ec13,rs16000031,rs24000078,152900,honest,0
n3269dfaf613c1e53,rs16000269,rs24001242,14061,flagged,0
n92827706cb53e290,rs16001180,rs24002969,46475,honest,0
nb31957f768b5f1bf,rs16000201,rs24000766,16276,honest,0
n290889ae648afd2c,rs16000908,rs24002650,14061,flagged,0
nf971c2d4d3de6203,rs16000942,rs24002688,209,honest,0
n8b12e2922a41f902,rs16000029,rs24000061,14061,flagged,0
n83bdc6d5f82e43c6,rs16000112,rs24000207,14061,flagged,0
nc5e06163a56f3866,rs16000449,rs24001831,20055,honest,0
n372023dcc8f3dab5,rs16001104,rs24002882,46475,honest,0
naead8185211b1e9e,rs16000470,rs24001863,3170,honest,0
nd20d9a3b119eb7a0,rs16000031,rs24000077,152900,honest,0
na2578d60b8fa9d29,rs16000567,rs24002006,14061,honest,0
n0e507a7b1b263936,rs16000002,rs24000002,701,honest,0
n74065734f2ff4a5d,rs16000591,rs24002079,210892,honest,0
ne2ab01b1ac31678e,rs16000926,rs24002672,11232,honest,0
n990f8ba2b897238e,rs16000567,rs24002020,14061,flagged,0
n1800bfe6429e5a96,rs16000277,rs24001375,14061,flagged,0
n495d0f79f146fa50,rs16001008,rs24002761,8412,honest,0
n4d26b0b0c26e0577,rs16000019,rs24000030,14061,flagged,0
n95cdf43424849f3b,rs16000879,rs24002574,11776,honest,0
nd634abd06e254a89,rs16000251,rs24001066,14061,flagged,0
n55137f7ad9a197db,rs16000120,rs24000315,14061,flagged,0
n3e972d47f7068db1,rs16000031,rs24000077,152900,honest,0
n0ade385ea551dfe5,rs16000288,rs24001464,14061,flagged,0
n6c53cdaffa7a81a4,rs16000211,rs24000781,14061,flagged,0
n8e5d7c9dd045a5fc,rs16001104,rs24002882,46475,honest,0
n21905b442dd6e7b9,rs16000029,rs24000053,14061,flagged,0
n4ae050e89706c0ee,rs16000251,rs24001122,14061,flagged,0
n43992be14b6c70f1,rs16000729,rs24002271,216323,honest,0
n0dbd207c11a51e53,rs16000242,rs24001041,14061,honest,0
n506b261b865cb99b,rs16000127,rs24000343,24940,honest,0
nbb5fb979c373cfb7,rs16000187,rs24000672,14061,honest,0
n18920d9604a0a03c,rs16000211,rs24000787,14061,flagged,0
ndb89304a55ae0099,rs16001104,rs24002882,46475,honest,0
n1cc43bdfaf6f5eb9,rs16000610,rs24002099,2856,honest,0
nc75d08237cdc0180,rs16000270,rs24001256,14061,honest,0
neb197720e4d423fe,rs16001116,rs24002896,35032,honest,0
n7248912cb1d1199b,rs16000120,rs24000323,14061,flagged,0
n12cee7f8f988adf0,rs16000267,rs24001192,14061,flagged,0
n1dd29d63f97a5c33,rs16000270,rs24001267,14061,flagged,0
n6f47d275b59d9716,rs16000020,rs24000031,26863,honest,0
nf02572d53c6c7fd4,rs16000149,rs24000508,14061,flagged,0
ncbb81b23f921a7b9,rs16000270,rs24001275,14061,honest,0
n76569a2755c71e97,rs16000242,rs24001055,14061,flagged,0
n3a3ee61af3ca3c1d,rs16000251,rs24001069,14061,flagged,0
n0cc5b803f4c50115,rs16000288,rs24001487,14061,flagged,0
nba747b58ad3d6077,rs16000288,rs24001479,14061,flagged,0
n23bc210afeaab2a0,rs16000280,rs24001396,14061,flagged,0
nccb95e72293ee29e,rs16000228,rs24000880,8473,honest,0
nb236182803c0c8b4,rs16000042,rs24000092,14061,flagged,0
n574ec393ecbc1825,rs16000257,rs24001131,24940,honest,0
n2aa9931f7ca47445,rs16000698,rs24002225,60781,honest,0
n6d35a3c8735a27d6,rs16000141,rs24000395,14061,honest,0
ne0867216439c92f0,rs16000273,rs24001324,14061,flagged,0
n9934b5182036f745,rs16000203,rs24000773,16276,honest,0
na5b4b53bd78dc0f6,rs16001180,rs24002969,46475,honest,0
nf6121c8151f591bd,rs16000421,rs24001758,201579,honest,0
n06503bb4d97b43e9,rs16000201,rs24000761,16276,honest,0
n070c648103c99756,rs16000643,rs24002144,14061,flagged,0
na705981092ca5a9e,rs16000170,rs24000583,14061,flagged,0
nb1665dd501fbdb3c,rs16000288,rs24001481,14061,flagged,0
n392fd028bf8a4485,rs16000224,rs24000834,14061,flagged,0
nc14dada1710a3e31,rs16000705,rs24002233,199524,honest,0
nca5e8d15c903e3fb,rs16000267,rs24001185,14061,honest,0
n24b7c971acf18957,rs16000234,rs24000928,14061,flagged,0
nbe740bf6c4cb8c66,rs16001180,rs24002969,46475,honest,0
nd05571031aade713,rs16000201,rs24000767,16276,honest,0
n59575d7b4f6c0d6c,rs16000993,rs24002740,46475,honest,0
ne90715f4167811ea,rs16000251,rs24001112,14061,honest,0
n55e43ce8bb3062ba,rs16000433,rs24001788,14061,honest,0
n99b5734c82adb2c2,rs16000170,rs24000592,14061,flagged,0
nfabbf0433d031def,rs16001137,rs24002917,46475,honest,0
nc8b7a72ee5c121bd,rs16000123,rs24000339,24940,honest,0
n7c4c34a6712130c3,rs16001277,rs24003092,701,honest,0
n6e3b362d7b1053e1,rs16000270,rs24001273,14061,honest,0
na2d091bcad9b54b7,rs16001137,rs24002917,46475,honest,0
ndb6c46369f67a3a6,rs16000677,rs24002191,396982,flagged,0
n342986dae2d554b3,rs16000145,rs24000460,14061,flagged,0
n7e023004d1c04f29,rs16000334,rs24001591,5410,honest,0
n27ab560f528763ac,rs16000119,rs24000281,14061,honest,0
n78048f433bbade8c,rs16000236,rs24000977,14061,flagged,0
nbf1527a40366424a,rs16000280,rs24001384,14061,flagged,0
nc5eff3d3e3907a6d,rs16000866,rs24002538,14061,flagged,0
n84b28cbce25dad15,rs16000598,rs24002086,54696,honest,0
n137bbfa9ba5f8947,rs16000721,rs24002259,16276,honest,0
n12dcf67f7c09290e,rs16000667,rs24002177,2856,honest,0
n9dd66f4436bc4cdf,rs16000270,rs24001282,14061,honest,0
nad7b9e9dea198cd4,rs16000139,rs24000382,14061,flagged,0
n8c60090f5c303d59,rs16000993,rs24002741,46475,honest,0
neb29cbebbd2b6f6a,rs16000225,rs24000868,14061,honest,0
nac12a7d933232686,rs16000112,rs24000200,14061,flagged,0
n7e3f9d55ae257357,rs16000029,rs24000064,14061,flagged,0
nfa654135c41d83df,rs16000658,rs24002168,16509,honest,0
nac177529b47281d8,rs16000169,rs24000545,14061,flagged,0
n0e572cc03adfc839,rs16000270,rs24001271,14061,honest,0
ne24ea9c4ee9c689e,rs16000340,rs24001608,14061,flagged,0
n60055d968c9bfe99,rs16000201,rs24000757,16276,honest,0
nada5e10b25b2c15f,rs16001180,rs24002969,46475,honest,0
n1c3f3daac59d7733,rs16000282,rs24001424,14061,honest,0
n581c9b0d105f2dfa,rs16000340,rs24001599,14061,honest,0
nbf849bc0b8e3ed3d,rs16000282,rs24001435,14061,honest,0
nf6765fc46bef6671,rs16000273,rs24001311,14061,flagged,0
ndebce3e4c4363d05,rs16000169,rs24000556,14061,flagged,0
n9ac7b638d7629b35,rs16001216,rs24003015,56630,honest,0
n1e218168c31da51b,rs16000721,rs24002259,16276,honest,0
nc414b8ac35ab585a,rs16000187,rs24000677,14061,flagged,0
nfff7f18eb53e9049,rs16000149,rs24000512,14061,honest,0
n6657174bed422d26,rs16000117,rs24000248,14061,flagged,0
n9ec2bd96516bf75d,rs16000721,rs24002253,16276,honest,0
nc50ab8e2759f6d97,rs16000119,rs24000260,14061,honest,0
n0ba0a56885ce7266,rs16000270,rs24001281,14061,honest,0
n24034e655cf034c8,rs16000201,rs24000762,16276,honest,0
nb18c5c96118dbd03,rs16000270,rs24001274,14061,honest,0
n01ecaf7eadf075c4,rs16000251,rs24001089,14061,flagged,0
nc86b8f35b263ad3d,rs16001185,rs24002980,44925,honest,0
n892b128fa151c607,rs16000187,rs24000711,14061,flagged,0
na81a177dc50468f6,rs16001287,rs24003102,209,honest,0
n1dfcfc1c83ee18cf,rs16000187,rs24000673,14061,flagged,0
n3c26fdba4b3bb918,rs16000271,rs24001303,150818,honest,0
n5d03fc0ce772ff30,rs16001160,rs24002941,207043,honest,0
n86e1addf7a933087,rs16000172,rs24000620,14061,flagged,0
nf9a2741accc1efd9,rs16000277,rs24001351,14061,flagged,0
ne3e727b06906d595,rs16000270,rs24001272,14061,honest,0
nbea4cd2490e33bdf,rs16001137,rs24002917,46475,honest,0
n75dd384d97b1f577,rs16001180,rs24002969,46475,honest,0
n48e22ed1e2f8e1ef,rs16000201,rs24000759,16276,honest,0
na16507da2fe4c2b0,rs16000201,rs24000767,16276,honest,0
n265f05fdc069a085,rs16000270,rs24001275,14061,honest,0
n69a4f3d4f0745df1,rs16000251,rs24001085,14061,flagged,0
naf7185d5b0d302c4,rs16000167,rs24000538,577,honest,0
ndd3667a50eab0214,rs16001272,rs24003087,41897,honest,0
n4563bd94b8945196,rs16000224,rs24000831,14061,honest,0
nf51c9e0c734bbeba,rs16000023,rs24000034,27176,honest,0
n21b9435b93877ced,rs16001180,rs24002969,46475,honest,0
n62ab4ed9e04c37e4,rs16000864,rs24002513,14061,flagged,0
nc6f7c7fd2b34931b,rs16000721,rs24002257,16276,honest,0
nb00861c5c13531c5,rs16000164,rs24000534,20001,honest,0
n77968990493d087a,rs16000031,rs24000077,152900,honest,0
nc3ccb3c6e71a6fba,rs16001248,rs24003053,51167,honest,0
n611f07da278d4d41,rs16000567,rs24002026,14061,flagged,0
nad3e9a3281bc4459,rs16000117,rs24000245,14061,honest,0
n04052b35feac1c4b,rs16001157,rs24002938,216127,honest,0
nba3bd6ced210fcf7,rs16000225,rs24000852,14061,flagged,0
n4b25908300eb8278,rs16000270,rs24001288,14061,flagged,0
nb1e74b0123283307,rs16000908,rs24002630,14061,flagged,0
n2d9040ac8876a5ba,rs16000280,rs24001414,14061,honest,0
na6920e04a7bf26e9,rs16000169,rs24000548,14061,flagged,0
n44865041dbef227f,rs16000288,rs24001488,14061,flagged,0
n461e14eedf79aa8b,rs16000755,rs24002339,14061,honest,0
n3c2ce5f046277a62,rs16000313,rs24001553,54858,honest,0
n2d8eb9f83882fd15,rs16001068,rs24002828,6740,honest,0
n7d7a8ebb53377d75,rs16000694,rs24002212,16276,honest,0
ne56eab012ccf2cec,rs16000545,rs24001954,14061,flagged,0
n24fe97940cc9abba,rs16000029,rs24000063,14061,flagged,0
nb70fe0bd5dc5c338,rs16000170,rs24000591,14061,flagged,0
nb60ee18b5f67544f,rs16000721,rs24002260,16276,honest,0
n89f8d9d33864b4f1,rs16000280,rs24001416,14061,flagged,0
n2c3573ae85795c92,rs16000270,rs24001274,14061,honest,0
n6537d4fe32dd5d4e,rs16000251,rs24001095,14061,flagged,0
n7f7b9b636db46c42,rs16000661,rs24002171,1136,honest,0
n232cd2702ce45b86,rs16000117,rs24000246,14061,flagged,0
nf560a6a916c98cc4,rs16000721,rs24002259,16276,honest,0
nabbc39465119d901,rs16000112,rs24000207,14061,flagged,0
n17ddd6a542650ef8,rs16000169,rs24000549,14061,honest,0
n28bef908b2d00d10,rs16000225,rs24000858,14061,honest,0
ncd5bc95b0360c751,rs16001181,rs24002973,46475,honest,0
n8edf76223f2073d4,rs16000187,rs24000702,14061,honest,0
n99344db8782125a0,rs16000273,rs24001311,14061,flagged,0
nabdb8981ef0ca779,rs16000567,rs24002017,14061,flagged,0
n1b49a52fbd576cf4,rs16000270,rs24001274,14061,honest,0
n4ba8078acec83d40,rs16000233,rs24000919,14061,flagged,0
nb87b376a3bca2605,rs16000242,rs24001025,14061,flagged,0
nf16ca6b7b93383f0,rs16000243,rs24001056,9231,honest,0
n966d022c5c56c2d1,rs16000270,rs24001272,14061,honest,0
n8187367a3b3384d3,rs16000273,rs24001321,14061,flagged,0
nd249a3d4041cf1d8,rs16000042,rs24000101,14061,flagged,0
n4ab002a238e8a87b,rs16000128,rs24000346,20473,honest,0
ne2859c581dbfbe67,rs16000340,rs24001602,14061,flagged,0
n87c8e07874f56ee9,rs16000273,rs24001328,14061,flagged,0
n7f1cdafd1de92f8e,rs16000280,rs24001400,14061,honest,0
n87edd4245775af23,rs16000340,rs24001637,14061,flagged,0
n144afe66289c0bb1,rs16000908,rs24002631,14061,flagged,0
n29f93472326feee3,rs16000908,rs24002636,14061,flagged,0
n6dd95ca290329427,rs16000721,rs24002253,16276,honest,0
n8a5e53df1d9b551d,rs16000280,rs24001413,14061,flagged,0
nf937bb7272b205a9,rs16000129,rs24000348,16591,honest,0
n9a5adcf31f4a27d1,rs16000498,rs24001901,24940,honest,0
n0efe86a595adfd34,rs16000549,rs24001974,14061,flagged,0
nad2bcf28883622dd,rs16000236,rs24000955,14061,flagged,0
n0425ca2d06019616,rs16000224,rs24000828,14061,flagged,0
n5716e89922dc3008,rs16000288,rs24001486,14061,flagged,0
n4b839c94b2d4627e,rs16000268,rs24001209,14061,flagged,0
n08aba468dd54caa1,rs16000193,rs24000727,14061,flagged,0
na2f73be491ff7ce2,rs16000112,rs24000210,14061,honest,0
nb31fc420a12a3052,rs16000112,rs24000195,14061,honest,0
n401f8f7ecb4cd303,rs16000426,rs24001763,8151,honest,0
n81a413ce72f4c257,rs16000452,rs24001834,152900,honest,0
nab6ccd1a9e1f02ba,rs16000288,rs24001489,14061,flagged,0
ncc961601e9ca0b92,rs16000677,rs24002194,396982,honest,0
na2d0e0516780e42e,rs16000534,rs24001941,134697,honest,0
n5ae46ea7de176027,rs16000251,rs24001108,14061,honest,0
nef4255f339df3197,rs16000578,rs24002064,13030,honest,0
n2cad979ab73a66bb,rs16000296,rs24001532,63949,honest,0
n6ebc8b52b4003054,rs16000567,rs24001999,14061,honest,0
n9e464c62d328d2f1,rs16000755,rs24002333,14061,flagged,0
ndcbe35ad3358027f,rs16000570,rs24002050,14061,flagged,0
na0e7e91ac1e0b88c,rs16000238,rs24001015,14061,flagged,0
n7496a7a533faffaf,rs16000993,rs24002740,46475,honest,0
n8df5d65ec13472aa,rs16000112,rs24000203,14061,flagged,0
n71ec55ab384223ff,rs16001015,rs24002769,62370,honest,0
n911d427887906efd,rs16000193,rs24000723,14061,flagged,0
ncfd820c4bda91f83,rs16000169,rs24000566,14061,flagged,0
n1fb75ad16ccf711f,rs16000251,rs24001084,14061,flagged,0
n7daeffd1e1565e40,rs16000242,rs24001025,14061,flagged,0
ncfe72ca123ad4e88,rs16001140,rs24002920,6697,honest,0
n2aee84425ba42da8,rs16000908,rs24002632,14061,honest,0
n3514ae9bfe61951b,rs16000277,rs24001369,14061,flagged,0
nd46c735d9caf11db,rs16001011,rs24002765,212477,honest,0
n8b436a847ba3387d,rs16000340,rs24001622,14061,flagged,0
n2429bb41147a185d,rs16000491,rs24001885,48207,honest,0
n7d02162c48143298,rs16000910,rs24002654,7018,honest,0
n50254a783484ae85,rs16000242,rs24001024,14061,flagged,0
n12e883133a033e74,rs16000216,rs24000807,8796,honest,0
n893d461fe12341c7,rs16000233,rs24000908,14061,flagged,0
nb95e194205e112ff,rs16000257,rs24001132,24940,honest,0
nc67d9d5db1138318,rs16000404,rs24001739,197540,honest,0
n0d96c910c132333c,rs16000755,rs24002337,14061,honest,0
nfa223504d7a96259,rs16000139,rs24000364,14061,honest,0
n091df86a7f06f442,rs16000201,rs24000761,16276,honest,0
n4c9bf143fad562d8,rs16000112,rs24000219,14061,honest,0
n8e205ec17fd44eb5,rs16000270,rs24001274,14061,honest,0
nef6ace890e3cf16b,rs16001046,rs24002805,49581,honest,0
n1a2c52cf5f32e6d0,rs16000721,rs24002259,16276,honest,0
nb6d606419f7f4eb2,rs16000029,rs24000051,14061,flagged,0
ncbcfc0e42d23c00a,rs16000438,rs24001817,24940,honest,0
n3aefffd788d60444,rs16000270,rs24001271,14061,honest,0
n88518099a3eb9cf7,rs16000112,rs24000201,14061,honest,0
ne0c6f11988b5a803,rs16000145,rs24000441,14061,flagged,0
ne790486a8360132d,rs16000277,rs24001372,14061,flagged,0
nb64a56ed90de3f0c,rs16000188,rs24000713,3209,honest,0
n5b1352bc64e4d62f,rs16000556,rs24001986,30027,honest,0
naa5133721ac51832,rs16000993,rs24002740,46475,honest,0
nd81c14fc99ebf09f,rs16000233,rs24000906,14061,flagged,0
n6c4ca74bca19f528,rs16000643,rs24002141,14061,flagged,0
n43e89773af4bc3e0,rs16000278,rs24001379,51167,honest,0
n8c792ea46e99d91d,rs16000340,rs24001621,14061,flagged,0
n25d960af65766e6d,rs16000234,rs24000944,14061,honest,0
nb11c35ca31f0f274,rs16000236,rs24000950,14061,flagged,0
n97fb79fcf5d58991,rs16000340,rs24001620,14061,flagged,0
nd32725c4a73024bf,rs16000141,rs24000397,14061,flagged,0
ne3ccd80eb986306e,rs16000277,rs24001371,14061,flagged,0
n5e209af72273b0c7,rs16000864,rs24002516,14061,flagged,0
ne0da7943170f4de9,rs16000029,rs24000075,14061,flagged,0
nc3e1a63134fcd914,rs16000267,rs24001201,14061,flagged,0
nf55238f4d214a775,rs16000277,rs24001360,14061,flagged,0
nee3c59ffc75d592e,rs16000170,rs24000588,14061,flagged,0
na19ed1ca015b18bf,rs16000266,rs24001156,14061,flagged,0
n0f7e64a106a83159,rs16000145,rs24000442,14061,flagged,0
n6d9405585e5011b1,rs16000454,rs24001837,14061,flagged,0
ncce51417438097a8,rs16000280,rs24001386,14061,flagged,0
n7a5016b3a264da6c,rs16000270,rs24001267,14061,flagged,0
n74112483ac7e40cf,rs16000173,rs24000633,14061,flagged,0
n153c80db2643acf8,rs16000280,rs24001387,14061,flagged,0
n872ac30cada78a67,rs16000201,rs24000761,16276,honest,0
n2fd8f019d9f84c0e,rs16000783,rs24002383,24940,honest,0
n647e3be7afb4a13c,rs16000029,rs24000062,14061,flagged,0
n19628d1789870259,rs16000451,rs24001833,152900,honest,0
n9e756410a1006f18,rs16001184,rs24002978,219486,honest,0
n97b4c87460c9e92d,rs16000755,rs24002331,14061,flagged,0
na6a63a900162f405,rs16000288,rs24001495,14061,flagged,0
nbe04333bd409a261,rs16000270,rs24001279,14061,honest,0
n203177876105c842,rs16000282,rs24001452,14061,flagged,0
n09abd3fba236bb4e,rs16000783,rs24002384,24940,honest,0
n2f8abbf32d35e243,rs16000765,rs24002351,24940,honest,0
n103edda8ce9b5aef,rs16000119,rs24000287,14061,flagged,0
nae48a5767a0e53bf,rs16000236,rs24000958,14061,flagged,0
nba2f07a8a7c961dd,rs16000201,rs24000765,16276,honest,0
n9e8e69433a1152c3,rs16000141,rs24000401,14061,flagged,0
n6567b82ca14ecece,rs16000952,rs24002698,701,honest,0
nbe5d390a9bd81761,rs16000270,rs24001274,14061,honest,0
n5d49d17e888dd3e0,rs16001104,rs24002882,46475,honest,0
nad1bf1dcdacc8c92,rs16000042,rs24000097,14061,flagged,0
n00cb870d8a80d33a,rs16000755,rs24002326,14061,honest,0
nd74da1fe06afa696,rs16000720,rs24002249,395246,honest,0
ne0df98d369ef34a8,rs16000119,rs24000259,14061,honest,0
n2352ba133e9778f8,rs16000236,rs24000979,14061,flagged,0
nc910037e83561ab9,rs16000280,rs24001398,14061,flagged,0
n7484a5dcb330f271,rs16000139,rs24000376,14061,honest,0
n8f476d17e4101dc7,rs16000119,rs24000270,14061,honest,0
n317d1a945efe2c06,rs16000221,rs24000813,24940,honest,0
n6bcc818d117c9939,rs16000201,rs24000767,16276,honest,0
n5f54914b3ecb06fd,rs16000492,rs24001887,214379,honest,0
nd8a5061acc0d96cd,rs16000271,rs24001303,150818,honest,0
n2df24d3c750e8a48,rs16000804,rs24002425,24940,honest,0
n35a4f1816939e56d,rs16001180,rs24002969,46475,honest,0
nad8a13c23b445eb7,rs16000721,rs24002259,16276,honest,0
na6adf0627707aeb6,rs16000187,rs24000697,14061,flagged,0
nf45c0bf61b03a245,rs16000270,rs24001275,14061,honest,0
n1dde297fd54a77a6,rs16000274,rs24001344,24940,honest,0
n585b154f5ea5697f,rs16000201,rs24000763,16276,honest,0
n689ca9e78c10ad1f,rs16000251,rs24001097,14061,flagged,0
nf97345ceb88d6597,rs16000031,rs24000077,152900,honest,0
n7e85599eb4e02cb1,rs16000141,rs24000398,14061,honest,0
n26e7c2a3ecc46ea6,rs16000277,rs24001350,14061,flagged,0
n9ea1eb4154e9db61,rs16000433,rs24001803,14061,flagged,0
n6316b86583338afe,rs16000019,rs24000028,14061,flagged,0
n18a9709d4a694a7f,rs16000721,rs24002260,16276,honest,0
na7c37c29e89a5472,rs16001180,rs24002968,46475,honest,0
nc9794194c73f1d10,rs16000270,rs24001273,14061,honest,0
ndefec4709fab2729,rs16000721,rs24002259,16276,honest,0
n03e021a1d7ef6843,rs16000059,rs24000133,7018,honest,0
n60f93700e1729d97,rs16000031,rs24000077,152900,honest,0
nbdd74a0257d843ec,rs16000811,rs24002434,20055,honest,0
nb2110baa219f5500,rs16000268,rs24001220,14061,flagged,0
nd0a306bb9cbe4a9e,rs16000280,rs24001384,14061,flagged,0
ndd96934da8bcdb84,rs16001180,rs24002968,46475,honest,0
n94fb4aaab14caf6e,rs16000270,rs24001266,14061,honest,0
n563f954498843eb2,rs16000271,rs24001303,150818,honest,0
n454c2afc97ccecc7,rs16000112,rs24000201,14061,flagged,0
nb50c7b52780bf471,rs16001180,rs24002969,46475,honest,0
n3e3d84f7a0f7cf4f,rs16000261,rs24001139,152900,honest,0
n4e144698c077374b,rs16000251,rs24001102,14061,flagged,0
n8fd5cf8b40cbc4fc,rs16000282,rs24001431,14061,flagged,0
n082cc9236e681e9b,rs16000007,rs24000009,56300,honest,0
nb1f31054e7789e0b,rs16000365,rs24001686,4181,honest,0
ne56b4d0654505431,rs16000515,rs24001920,11878,honest,0
nb7ad37cc1dd91c04,rs16001141,rs24002921,39699,honest,0
n16ee7fc757c22335,rs16000882,rs24002586,10796,honest,0
n45d61cbd93a52212,rs16000170,rs24000597,14061,flagged,0
n9c34fc2080da5593,rs16000950,rs24002696,701,honest,0
ndcc848e2790c672f,rs16001081,rs24002857,13037,honest,0
n46c67f5581c03110,rs16000285,rs24001460,51167,honest,0
nd7f5bd8659229a6a,rs16000846,rs24002478,8412,honest,0
nf9f19ba91acc6409,rs16000931,rs24002677,577,honest,0
n97444b379bab78bf,rs16000224,rs24000838,14061,honest,0
n6a0e964db2ed795f,rs16000548,rs24001973,19318,honest,0
nd137059670d0b56f,rs16000818,rs24002443,12876,honest,0
n103e81de99f81ef9,rs16000068,rs24000142,51167,honest,0
nd6a5ac6d6bd92f20,rs16000298,rs24001535,36352,honest,0
ne6db1250325c34a0,rs16000240,rs24001019,152900,honest,0
n942fbfa7344932d3,rs16001065,rs24002824,215659,honest,0
nea092b32fe9fc5cf,rs16000233,rs24000917,14061,honest,0
n2032ee89cf2610f4,rs16000123,rs24000336,24940,honest,0
nd9d362629e99d055,rs16001128,rs24002908,5089,honest,0
n6ceb9b746ffd37ac,rs16000248,rs24001062,7018,honest,0
n748bec460913f2e8,rs16000692,rs24002209,196750,honest,0
n1ff21442b2133446,rs16001104,rs24002882,46475,honest,0
n7a71c239184301b4,rs16000656,rs24002166,11426,honest,0
n53fd9962c9012f5b,rs16000376,rs24001704,43273,honest,0
n89f42aa257421b90,rs16000161,rs24000526,16276,honest,0
n666bb91ae4601ad2,rs16000031,rs24000077,152900,honest,0
nf31fe853d2680c30,rs16000842,rs24002474,49981,honest,0
nf8ee89d108da9820,rs16000438,rs24001814,24940,honest,0
nb3068ac22418f12f,rs16000689,rs24002206,396982,honest,0
n199f50cf67bc3410,rs16000479,rs24001873,51167,honest,0
nc9f3ee68022fd501,rs16000019,rs24000022,14061,honest,0
n441421873a2f6b01,rs16001146,rs24002926,200195,honest,0
ncab522f810eeabc2,rs16001053,rs24002812,20712,honest,0
nd8034db8d860042d,rs16001065,rs24002824,215659,honest,0
n4e89793be8797179,rs16000852,rs24002484,212477,honest,0
neb7d92fe65abc0ce,rs16000409,rs24001745,51167,honest,0
n7e75cd592e629a14,rs16000196,rs24000748,24940,honest,0
n8bf525d533d1bfbe,rs16000018,rs24000021,138466,honest,0
n17ecce3fcc8214e6,rs16000324,rs24001579,9318,honest,0
n40b766e57ca2d6ab,rs16000351,rs24001656,16276,honest,0
nf6a02445795af294,rs16000201,rs24000765,16276,honest,0
n8856034e83509a7c,rs16000201,rs24000756,16276,honest,0
n59609b036519fb7d,rs16000717,rs24002246,17253,honest,0
n40fb4be5bd57a926,rs16000669,rs24002179,51852,honest,0
n38767fc3432e383a,rs16000265,rs24001144,14061,honest,0
n653d9490042a6e5c,rs16000025,rs24000037,399486,honest,0
n66a66697b97af64d,rs16000800,rs24002407,16276,honest,0
n9f750ecb0091fbb6,rs16000500,rs24001903,6871,honest,0
n71178bbbda21b060,rs16000571,rs24002056,402253,honest,0
ne95d494dd820f8d2,rs16000230,rs24000885,214036,honest,0
nacf2f9deca6d254e,rs16000416,rs24001753,24971,honest,0
nfe474b302a644603,rs16000215,rs24000806,26832,honest,0
n446587ce63f9df8b,rs16000203,rs24000771,16276,honest,0
n7c66116b251d3290,rs16000625,rs24002116,401562,honest,0
n90125e6bef1be3ae,rs16001209,rs24003007,34343,honest,0
n986ae1f01ae14479,rs16000653,rs24002162,14061,honest,0
ncd72cb506798b489,rs16000034,rs24000081,7018,honest,0
nd0d950bda1a178b7,rs16000817,rs24002442,13037,honest,0
n9e920a0732541712,rs16001049,rs24002808,51852,honest,0
n6bf591ff3edaf19d,rs16000306,rs24001544,51167,honest,0
n9630ee88864f752c,rs16000123,rs24000337,24940,honest,0
naae50c8836eb8ffd,rs16000308,rs24001546,19905,honest,0
n626a9e3949ea15aa,rs16000545,rs24001966,14061,honest,0
ndff3ea60e7823057,rs16000516,rs24001921,394752,honest,0
nbfcfec73bff7fdf0,rs16000340,rs24001607,14061,honest,0
nda147b5802fb9965,rs16000187,rs24000684,14061,honest,0
nc6c1f99f487dd600,rs16000112,rs24000217,14061,honest,0
nceb9d4de9f71d0b3,rs16000606,rs24002095,141995,honest,0
n9404edce6c6873e6,rs16000480,rs24001874,210644,honest,0
n0248021b44f14bde,rs16000666,rs24002176,34549,honest,0
nc179fe5108197ffd,rs16000438,rs24001812,24940,honest,0
nb8a70e191900ab80,rs16000288,rs24001511,14061,honest,0
n044e5231969e9996,rs16000719,rs24002248,30247,honest,0
n2faf72558ea4b610,rs16000847,rs24002479,12876,honest,0
na62f025cb4466dea,rs16000157,rs24000522,20115,honest,0
ncc0163374edb9b89,rs16000567,rs24002002,14061,honest,0
n20c1f3c1f261ac4a,rs16000387,rs24001719,6876,honest,0
nc673e7d12591ad12,rs16001221,rs24003020,51167,honest,0
n8fa7923e3fed11e1,rs16000440,rs24001821,3303,honest,0
nc55d663f354ec79d,rs16000293,rs24001527,63949,honest,0
nd59d137238d81113,rs16000465,rs24001858,15096,honest,0
n027fce685fbeb1e1,rs16000998,rs24002746,44869,honest,0
n54f469f755920cb9,rs16000400,rs24001734,44709,honest,0
nb9bac6cf64b397c1,rs16000899,rs24002604,33660,honest,0
n8b16564c7c302f0b,rs16000876,rs24002563,24940,honest,0
n809641e6b9b41b16,rs16001299,rs24003114,7018,honest,0
nfbf6adc431f8f669,rs16000874,rs24002557,63018,honest,0
nd2b790a5d85af352,rs16000804,rs24002423,24940,honest,0
n361097fc8108eaf7,rs16000196,rs24000749,24940,honest,0
n8761d5c55c82c5d5,rs16001001,rs24002752,25515,honest,0
n655f66ff98fa1fc6,rs16000007,rs24000007,9790,honest,0
n390d92dd34d8ffa2,rs16000192,rs24000718,16276,honest,0
n502c6779d4acb9fb,rs16000114,rs24000226,29580,honest,0
n0da83688b738d24a,rs16000530,rs24001937,210083,honest,0
n47a78814955552b4,rs16000636,rs24002130,36352,honest,0
nfcd0c6d16a54c700,rs16000746,rs24002311,20473,honest,0
nb5d80485a05a19a2,rs16000993,rs24002740,46475,honest,0
n6448281f6171a4d8,rs16000872,rs24002555,399629,honest,0
n3533ca2c6bebbd0f,rs16000741,rs24002287,7018,honest,0
n7893717a3741e7f1,rs16000340,rs24001605,14061,honest,0
n302996f3695a7b01,rs16000288,rs24001513,14061,honest,0
nbce56a2d97ffbc2a,rs16000291,rs24001524,63949,honest,0
n1a37a7a88a1c7f22,rs16000800,rs24002408,16276,honest,0
n9ea57b2094a67793,rs16000782,rs24002373,24940,honest,0
n2a8c4b2f27463b55,rs16001080,rs24002856,12322,honest,0
ndaed85fe73b2c984,rs16001066,rs24002825,1136,honest,0
n91e598f23b188c50,rs16001297,rs24003112,7018,honest,0
n790eda7ec5f28610,rs16000126,rs24000342,131207,honest,0
ncfa401481187007c,rs16000159,rs24000524,51852,honest,0
n1011a2933d5c5889,rs16000185,rs24000666,16276,honest,0
n8770dc6394bca47c,rs16000595,rs24002083,19318,honest,0
n98a289ae0d294729,rs16000824,rs24002454,16276,honest,0
n5e1b69a045a46407,rs16000029,rs24000050,14061,honest,0
nb825b36998945967,rs16000085,rs24000159,38195,honest,0
nc5a21c0091209434,rs16000212,rs24000800,197540,honest,0
n79430b9e3d0f6cfe,rs16000965,rs24002711,40662,honest,0
ne917085b5c4ea91b,rs16001266,rs24003080,24940,honest,0
n3623629c17deb14e,rs16000803,rs24002416,212317,honest,0
n51b50f4112d8a297,rs16000112,rs24000219,14061,honest,0
ncefde86434c6b956,rs16000538,rs24001945,32097,honest,0
n8bab2b91d9a5c237,rs16000546,rs24001971,215311,honest,0
n055c795559abbac5,rs16000871,rs24002553,15081,honest,0
na1bebcb1700bf763,rs16000256,rs24001129,219429,honest,0
ndec9de48c3a1ad79,rs16000995,rs24002743,1299,honest,0
n9ecad1c2b6b8e406,rs16001006,rs24002757,212171,honest,0
n8df85527cb1834fe,rs16001214,rs24003013,62212,honest,0
n5e539a68ca34b818,rs16000819,rs24002447,16276,honest,0
n38a39dc4aa7787af,rs16000270,rs24001289,14061,honest,0
nd8ec4e1b74adf817,rs16000461,rs24001854,212477,honest,0
n324f6d974cff1858,rs16000055,rs24000129,7018,honest,0
ne1a86206e617ca40,rs16000081,rs24000155,4134,honest,0
n3115692a9f5870e6,rs16001270,rs24003085,12389,honest,0
n1a4bca9b1b0afd3a,rs16000713,rs24002242,14103,honest,0
n9976067e2a01398a,rs16000057,rs24000131,701,honest,0
nb4f3f937108071cc,rs16001184,rs24002979,212477,honest,0
nb2b05baf18df6874,rs16000522,rs24001928,6805,honest,0
n1825c676c74fe2cf,rs16000442,rs24001823,8151,honest,0
n77d3e48b372324cd,rs16000877,rs24002569,24940,honest,0
n1b7bba181e3baebd,rs16000668,rs24002178,197769,honest,0
nb482a28f47f9a832,rs16001095,rs24002871,3320,honest,0
n774d9658f7206bf0,rs16001150,rs24002931,3320,honest,0
nd1e60d19b7bb6d17,rs16001182,rs24002976,6805,honest,0
nb8e97862db25ff2f,rs16001232,rs24003033,8881,honest,0
n766aff080b4681a9,rs16001034,rs24002793,3320,honest,0
n806439df8dd226fe,rs16001042,rs24002801,5617,honest,0
nf9e57d153de6f955,rs16000572,rs24002057,4766,honest,0
n33de62d8f1315dc6,rs16000268,rs24001222,14061,honest,0
n68b0c8047496c89f,rs16000462,rs24001855,207656,honest,0
n4cc1464afd7f0379,rs16000107,rs24000186,17676,honest,0
n4bbaa49a05cc1cc0,rs16000340,rs24001638,14061,flagged,0
n658b684fcd7d90de,rs16000195,rs24000744,16276,honest,0
ndbb67d0dcb73b3ea,rs16000312,rs24001552,10796,honest,0
nf50c03aa2fcbff00,rs16000315,rs24001570,33651,honest,0
n93e7415919842598,rs16000270,rs24001295,14061,flagged,0
nc311318053b65435,rs16000908,rs24002626,14061,flagged,0
n5f0f9e358983ee87,rs16000918,rs24002662,577,honest,0
nccf838c43b73636e,rs16000120,rs24000309,14061,honest,0
n6c987cf000da850d,rs16000268,rs24001234,14061,honest,0
n540e6d6f667f1e99,rs16000237,rs24000987,24940,honest,0
n31bfd00b5b6d2ec4,rs16000270,rs24001273,14061,honest,0
nf0831a9f8c57dcd4,rs16000196,rs24000746,24940,honest,0
n69eeddacd7988f30,rs16000974,rs24002721,5769,honest,0
n49164a5fbbef76f1,rs16000617,rs24002108,10143,honest,0
n30bb7c3bf8fdc2f4,rs16000277,rs24001349,14061,flagged,0
nbde783c6bfe90bd7,rs16000774,rs24002363,5650,honest,0
na32e2ba620d62042,rs16000653,rs24002160,14061,honest,0
n6a612cd8acd520c5,rs16000659,rs24002169,57789,honest,0
nc8a118605b2f0fb5,rs16000029,rs24000049,14061,flagged,0
n25d04b4baeeb05c6,rs16000264,rs24001142,16276,honest,0
nd42b7c2313eb1896,rs16000280,rs24001408,14061,honest,0
n9e38ec3bfaa31b43,rs16000270,rs24001276,14061,honest,0
n4b33c0e3e52136d2,rs16000105,rs24000184,9299,honest,0
n1d85d363445113ed,rs16000201,rs24000762,16276,honest,0
nd1b222cdae97246d,rs16000700,rs24002228,13188,honest,0
na7dbbeae4b257126,rs16000242,rs24001028,14061,flagged,0
n823d884acbef7a78,rs16000466,rs24001859,48314,honest,0
n31be9097fc5611b6,rs16000545,rs24001955,14061,flagged,0
n0b641b5f8dfda69c,rs16000052,rs24000126,7018,honest,0
nf7746d4bd69d1947,rs16000273,rs24001316,14061,flagged,0
n0a3ed12e31cb0714,rs16000225,rs24000855,14061,flagged,0
nf68cc9c8b7349968,rs16000187,rs24000670,14061,flagged,0
n075aa460a14d3697,rs16000174,rs24000641,1299,honest,0
nff44fc6dc7a05bcf,rs16000971,rs24002717,11290,honest,0
n9aba0c2468dbbbcf,rs16001079,rs24002854,12322,honest,0
n98b155567ba70e7e,rs16000011,rs24000013,48014,honest,0
n9d8ebdcd9d7bf4f2,rs16000815,rs24002440,30036,honest,0
nc12e4d3067dc9ead,rs16000106,rs24000185,9316,honest,0
ncdf40267468d789f,rs16000207,rs24000777,215703,honest,0
n55d67405dbd1dc04,rs16000035,rs24000082,7018,honest,0
n8384bbd450aa07c3,rs16000234,rs24000946,14061,flagged,0
na24d91df4fb522bd,rs16000806,rs24002427,20055,honest,0
nfe26f36763ab5cba,rs16000648,rs24002152,20115,honest,0
n5a3064378add3e14,rs16000212,rs24000798,42473,honest,0
n10811e9daee1e1bf,rs16000031,rs24000077,152900,honest,0
n74c4c25b4e0c6641,rs16000721,rs24002253,16276,honest,0
nced941ecefdcc7c1,rs16000266,rs24001173,14061,flagged,0
naa976cff3d10e2a3,rs16000294,rs24001529,63949,honest,0
n1d5cd67559c54351,rs16000828,rs24002459,6871,honest,0
n01c5eb12bd3d13e2,rs16000169,rs24000574,14061,flagged,0
n86cf2f999ee08014,rs16000201,rs24000762,16276,honest,0
n6c0d766197ff7bec,rs16000579,rs24002065,12496,honest,0
n9f3dd8f917dd920d,rs16000271,rs24001303,150818,honest,0
n1d4c52e5fb8a39f7,rs16000864,rs24002514,14061,flagged,0
na49f1a5c33768315,rs16000338,rs24001596,28573,honest,0
n975166dd0a01b07c,rs16001120,rs24002900,12479,honest,0
n003d0a5859ada55e,rs16000270,rs24001273,14061,honest,0
n9c11638393c894e1,rs16000288,rs24001485,14061,honest,0
nba9044075099bdc9,rs16000353,rs24001660,14061,flagged,0
nbfbc5f9e1bb1c4b4,rs16000236,rs24000982,14061,honest,0
n3dbf8ecf4cbbd906,rs16000433,rs24001797,14061,flagged,0
n3762897cf54ee430,rs16000423,rs24001760,7303,honest,0
nc67a00daf1b55e0c,rs16000314,rs24001569,14061,honest,0
nf931919b20f67ba9,rs16000201,rs24000766,16276,honest,0
nf259843598ce5c43,rs16000721,rs24002259,16276,honest,0
nf3f734d2b9f83540,rs16001135,rs24002915,3215,honest,0
n479d93b3d5b3fb1d,rs16000529,rs24001936,4764,honest,0
n60c20592af3c0ca8,rs16000270,rs24001269,14061,flagged,0
n30a0cd12a3d4d472,rs16000058,rs24000132,701,honest,0
n8b767c8f141a0fe0,rs16001251,rs24003056,3209,honest,0
nf060916c24da549c,rs16000900,rs24002605,20214,honest,0
n7c1617f5f4429140,rs16000236,rs24000961,14061,flagged,0
nf6e8c59213e66812,rs16001101,rs24002878,141995,honest,0
n344eaa7122229df0,rs16000169,rs24000542,14061,flagged,0
ned8f3c1543e377b7,rs16000578,rs24002063,13030,honest,0
na97bee6cfb919dc5,rs16000270,rs24001284,14061,honest,0
n3ff74a197f996fc2,rs16001117,rs24002897,51167,honest,0
nf34f727789fb0519,rs16000739,rs24002285,7018,honest,0
ne6a34e036e4fc936,rs16001180,rs24002971,46475,honest,0
nb1198cc4d57f6ddb,rs16000993,rs24002740,46475,honest,0
n19b7823bdcf67fbf,rs16000077,rs24000151,38001,honest,0
nb7d0cf40d16c6cbc,rs16000193,rs24000728,14061,flagged,0
nd0e616fd360d220e,rs16000280,rs24001391,14061,flagged,0
n9ffae26485f950ee,rs16000270,rs24001296,14061,flagged,0
n1b033291fa5da1e5,rs16000201,rs24000767,16276,honest,0
n16407eafdb12a760,rs16000268,rs24001219,14061,flagged,0
n2553c15619e0de4b,rs16000744,rs24002307,63949,honest,0
na9a55b11308a4e8a,rs16000173,rs24000628,14061,flagged,0
na914d612ed9d79b4,rs16000119,rs24000265,14061,honest,0
nab1a471d6905c9a1,rs16000270,rs24001278,14061,honest,0
nab1ff7a723711701,rs16000268,rs24001207,14061,flagged,0
n1b75d1f924174670,rs16000201,rs24000767,16276,honest,0
nc1426c3fb4b226df,rs16000567,rs24002000,14061,honest,0
n52560c4e32349123,rs16000119,rs24000256,14061,flagged,0
n0b9e404b090378bc,rs16000119,rs24000279,14061,flagged,0
n34c2ed8c92f03e25,rs16001180,rs24002966,46475,honest,0
n1731a41a8baacda2,rs16000139,rs24000373,14061,flagged,0
n7e1fd03cdadfefe7,rs16000139,rs24000377,14061,flagged,0
n9e148f36815c4e2c,rs16000567,rs24002019,14061,flagged,0
n5223c1d31c021fc7,rs16000282,rs24001429,14061,honest,0
n72115bd36a534654,rs16001104,rs24002882,46475,honest,0
nd02f2e4d9a72b331,rs16000433,rs24001773,14061,honest,0
n60128163ada1d364,rs16000270,rs24001298,14061,flagged,0
n9d5ed4dc28f0ee96,rs16000042,rs24000094,14061,flagged,0
n26f6f2e6de57aa98,rs16000721,rs24002259,16276,honest,0
nbbf14ac33435afdd,rs16000224,rs24000824,14061,flagged,0
n7b794fd56184a338,rs16000031,rs24000077,152900,honest,0
n8ab9b43bb7120274,rs16000238,rs24000992,14061,flagged,0
n685b24124b9332e7,rs16000545,rs24001967,14061,flagged,0
n65ab1fad1e1e55b7,rs16000721,rs24002259,16276,honest,0
nb41b934737fc27f5,rs16000288,rs24001501,14061,flagged,0
n9d777a84403a71e3,rs16000314,rs24001555,14061,honest,0
n8d4ef1e45736d5b9,rs16000340,rs24001625,14061,flagged,0
n3c95cf48c661e4ba,rs16000454,rs24001845,14061,flagged,0
n6fe982c4210f2039,rs16000083,rs24000157,56030,honest,0
nbb2e18185b35b75b,rs16000251,rs24001103,14061,flagged,0
nb1c16e80171a340c,rs16000238,rs24001003,14061,flagged,0
nbbbc90b988e30339,rs16000119,rs24000281,14061,flagged,0
ndbe7825305195d47,rs16001166,rs24002948,24940,honest,0
n03b90a65aa6a1e06,rs16000251,rs24001086,14061,flagged,0
n1f352770beb0d357,rs16000170,rs24000593,14061,honest,0
n8d6355be431d77f2,rs16000042,rs24000103,14061,flagged,0
nb6ca96d13d66332b,rs16000288,rs24001493,14061,flagged,0
n0160bf4649cd9c9c,rs16000251,rs24001100,14061,flagged,0
n6cb230382ea326cb,rs16000026,rs24000041,14061,flagged,0
nd2c256747a637651,rs16000224,rs24000839,14061,honest,0
n3f79741c9acdbd52,rs16001293,rs24003108,7018,honest,0
n12b4726b45331a98,rs16000236,rs24000948,14061,flagged,0
ndc9e1e9ccdd319ff,rs16000270,rs24001274,14061,honest,0
n47e8b8aec453e228,rs16000251,rs24001083,14061,flagged,0
nd56b881b71ade539,rs16001133,rs24002913,2856,honest,0
nccc592025ce3644c,rs16000876,rs24002560,24940,honest,0
na4a681b5f47b791e,rs16000272,rs24001307,16276,honest,0
na6a4042e419dea79,rs16000169,rs24000565,14061,flagged,0
n1eaa912793754634,rs16000201,rs24000762,16276,honest,0
n5868a0aedb171672,rs16000282,rs24001454,14061,flagged,0
nf7d25b89d6937a42,rs16000280,rs24001395,14061,flagged,0
n0f7b3638f51e6cdb,rs16000340,rs24001634,14061,flagged,0
nd7579fdafd5b7a34,rs16001180,rs24002970,46475,honest,0
n3895bd404b65aa4b,rs16000029,rs24000071,14061,honest,0
nd604e94d34b1916c,rs16000989,rs24002736,577,honest,0
n38af2611138acd0d,rs16000288,rs24001482,14061,flagged,0
n0f574ef3be406dd4,rs16000029,rs24000069,14061,honest,0
nb93fec45eea5e93c,rs16000545,rs24001962,14061,honest,0
nff255d761a850b3e,rs16000267,rs24001205,14061,flagged,0
nb0ec2c40d1857fa2,rs16000233,rs24000895,14061,flagged,0
nf2df9f90582d8de8,rs16000169,rs24000571,14061,honest,0
n1aa62ff1a6d4980c,rs16000029,rs24000074,14061,flagged,0
n6bed74a1b88e9f4e,rs16000233,rs24000908,14061,flagged,0
nf0260fab995f4fb3,rs16000112,rs24000212,14061,flagged,0
n7675e7740a0a9761,rs16000353,rs24001661,14061,flagged,0
ncd2de94f7cdd6610,rs16000433,rs24001789,14061,flagged,0
n824a7af2b85660cd,rs16000270,rs24001273,14061,honest,0
nc4d7eb7731685df4,rs16000291,rs24001523,63949,honest,0
nc28fdf0bfb51cbcc,rs16000175,rs24000647,14061,flagged,0
n6e06bd1bc87fa696,rs16000225,rs24000873,14061,flagged,0
n9a1c387fe9f5c230,rs16000169,rs24000570,14061,flagged,0
ne797d01898f44279,rs16000288,rs24001466,14061,flagged,0
n74207c3ab3b12721,rs16000433,rs24001781,14061,flagged,0
nd3041d45f9eb8bc4,rs16000270,rs24001302,14061,honest,0
nc125c7da7d6a849e,rs16001190,rs24002985,24940,honest,0
n8db1efb0fc57d54a,rs16000251,rs24001071,14061,flagged,0
n971ec40e6b7f55af,rs16000251,rs24001107,14061,flagged,0
n596d08badaaef98e,rs16000119,rs24000279,14061,flagged,0
n6fe7c01ca8cd93e3,rs16000251,rs24001108,14061,flagged,0
n41494e27ea1b12ad,rs16000201,rs24000768,16276,honest,0
ncc29bb2b1e8b5251,rs16001132,rs24002912,2856,honest,0
nc54e7045a3e47d01,rs16000112,rs24000201,14061,flagged,0
n7c99bedd38230b20,rs16000755,rs24002334,14061,flagged,0
nae32a2e8e2a28de2,rs16000242,rs24001040,14061,flagged,0
n67c1a419ca37f0b4,rs16001103,rs24002881,16125,honest,0
n0e5879e46fa142c8,rs16000119,rs24000264,14061,flagged,0
n01fef3c3e7dc567b,rs16000270,rs24001287,14061,flagged,0
nd4a4db8a3a065e15,rs16001235,rs24003037,16202,honest,0
n58ed5269bea5938a,rs16000545,rs24001954,14061,honest,0
n3e5103374a116605,rs16000201,rs24000767,16276,honest,0
n8ce1e35857c1257f,rs16000282,rs24001440,14061,flagged,0
n893651e17fac309f,rs16000282,rs24001446,14061,flagged,0
nc74a9f41a4804365,rs16000282,rs24001447,14061,flagged,0
n0b56dd2c4c7f8deb,rs16000270,rs24001273,14061,honest,0
na47ec22b5f24621a,rs16000273,rs24001332,14061,honest,0
n3f29cfb94ea49436,rs16000340,rs24001639,14061,honest,0
n05bc05a5e00bd91b,rs16000269,rs24001243,14061,flagged,0
n40f57f766d2f37dd,rs16000908,rs24002652,14061,flagged,0
n3629e207a5d73ae8,rs16000567,rs24002015,14061,flagged,0
n6b5b76424e56fa34,rs16000433,rs24001779,14061,flagged,0
nbc0f7c67d444c104,rs16000170,rs24000586,14061,flagged,0
n7b56a61ba7a200d6,rs16000800,rs24002410,16276,honest,0
n2521803595528646,rs16000340,rs24001615,14061,flagged,0
n9ec24a4e1d333a4b,rs16000240,rs24001018,152900,honest,0
n0b3bf9418c4b853d,rs16000280,rs24001419,14061,flagged,0
nd3e5200a50d7f43e,rs16000755,rs24002341,14061,honest,0
nc8fa20d19240dc11,rs16000273,rs24001308,14061,flagged,0
n3504607dd3db7bcf,rs16000112,rs24000200,14061,honest,0
nb3ae47e0a96ed97e,rs16000282,rs24001434,14061,honest,0
n0ee8d0edaa382930,rs16000120,rs24000303,14061,flagged,0
n690ccba1fd940ad3,rs16000682,rs24002199,396982,honest,0
n5e3403a76d50ef25,rs16000119,rs24000296,14061,flagged,0
n233b6015f835316f,rs16001244,rs24003047,16019,honest,0
nf9d5e3e24df0d540,rs16000242,rs24001048,14061,flagged,0
nd819c1322cd71535,rs16000145,rs24000440,14061,flagged,0
n6da1aed1d6ebd9d2,rs16000999,rs24002748,46475,honest,0
n0c8306440e588842,rs16000119,rs24000264,14061,flagged,0
n15f0a7331609e34b,rs16001253,rs24003058,57724,honest,0
n00bf58691f466643,rs16000270,rs24001266,14061,honest,0
nb80950856a39c2bd,rs16000117,rs24000247,14061,flagged,0
ne51444655712dc46,rs16000673,rs24002185,396982,flagged,0
n7d4cf64aac673f6d,rs16000173,rs24000637,14061,flagged,0
naa92f9101c59b1b8,rs16000452,rs24001834,152900,honest,0
n222956b70cb6c20f,rs16000192,rs24000719,16276,honest,0
nde480f1ce96160fc,rs16000549,rs24001975,14061,flagged,0
nec62056b93478421,rs16000149,rs24000506,14061,flagged,0
n187f5d73662cbe54,rs16000570,rs24002054,14061,honest,0
ncc131af03625cb07,rs16000141,rs24000422,14061,flagged,0
n078983d41cf46f63,rs16000270,rs24001272,14061,honest,0
n9b019f9b9888fa96,rs16000251,rs24001082,14061,flagged,0
n154b7b01da28033e,rs16000139,rs24000385,14061,flagged,0
n77984f0ddcc977b1,rs16000863,rs24002505,14061,flagged,0
n8e3d30fdc17dfc4c,rs16000270,rs24001272,14061,honest,0
nb6fc32a43abeb1d9,rs16000194,rs24000741,40021,honest,0
n2f36865810871aa5,rs16000013,rs24000015,64073,honest,0
n5ccfff113cad5162,rs16000027,rs24000045,63949,honest,0
n82f978995b805fee,rs16000175,rs24000644,14061,flagged,0
nf6f090b19746e4b6,rs16000141,rs24000408,14061,flagged,0
ncb7f67b127d5dcac,rs16001180,rs24002966,46475,honest,0
n19136604004cf0cc,rs16000251,rs24001091,14061,flagged,0
n5990f391e8953f2b,rs16000567,rs24002005,14061,honest,0
n57c3a0e638e29672,rs16000292,rs24001526,33588,honest,0
n5bb7b226d82a4c72,rs16000224,rs24000819,14061,honest,0
nc1b8ae7696f99d07,rs16000374,rs24001700,25693,honest,0
n24d833225a894b99,rs16000273,rs24001315,14061,flagged,0
ncb5e0a3d485a8c55,rs16000458,rs24001851,39351,honest,0
nd3e49f8d511f34e5,rs16000224,rs24000827,14061,flagged,0
n4996470c409c43ef,rs16001099,rs24002875,8434,honest,0
nb891aded17a4f043,rs16000112,rs24000209,14061,flagged,0
n768b93564792d2d4,rs16000175,rs24000646,14061,flagged,0
n95c4818635100ad2,rs16000187,rs24000695,14061,flagged,0
n64d90876f14fbb1a,rs16000112,rs24000203,14061,flagged,0
ne9eb28165ea001f5,rs16000721,rs24002256,16276,honest,0
n09d7a81f359aa56e,rs16000026,rs24000042,14061,flagged,0
n2e57ea50b8f09ce4,rs16000229,rs24000884,51167,honest,0
n4174ed8d2b9339cd,rs16000141,rs24000396,14061,flagged,0
n7b9f778e112fe217,rs16001180,rs24002966,46475,honest,0
nf199f05e1497610e,rs16000270,rs24001275,14061,honest,0
na95264058d29da9e,rs16000866,rs24002543,14061,flagged,0
n56647f959da3d905,rs16001180,rs24002969,46475,honest,0
n20678ba89f0399a9,rs16000344,rs24001649,8447,honest,0
ned9d235f47805177,rs16000999,rs24002748,46475,honest,0
n0fe0922ea0272986,rs16000270,rs24001273,14061,honest,0
n5e6633a49b0b8615,rs16000172,rs24000613,14061,flagged,0
neabe16d2ba96e8b5,rs16000026,rs24000040,14061,flagged,0
n0c29e3a95100df55,rs16000567,rs24002028,14061,honest,0
ndb624563d0f236de,rs16000782,rs24002375,24940,honest,0
n595c6a0ca5fb3548,rs16000606,rs24002095,141995,honest,0
nf512879368a374f7,rs16000277,rs24001352,14061,flagged,0
nb59b99ffffe86f8a,rs16000288,rs24001484,14061,flagged,0
n6c6cfb3db9cdb39f,rs16000782,rs24002371,24940,honest,0
n217923481b336f3d,rs16000282,rs24001438,14061,flagged,0
nac3eae995199e267,rs16000288,rs24001467,14061,flagged,0
n3fa93a92308f66d5,rs16000238,rs24000994,14061,flagged,0
na2daf7858720af17,rs16000234,rs24000933,14061,flagged,0
n76d9a27b6f753bab,rs16000348,rs24001653,8400,honest,0
nc2b4b60426398dd1,rs16000251,rs24001072,14061,flagged,0
n55db23670d95c801,rs16000119,rs24000285,14061,flagged,0
nd3ad4956f9d2d65d,rs16000187,rs24000709,14061,flagged,0
n27e9d08c8c1d9218,rs16000169,rs24000557,14061,flagged,0
n2e8723c18b330ec1,rs16000567,rs24002021,14061,flagged,0
n3ca0a185b2e3e022,rs16000505,rs24001908,12312,honest,0
nd06c3efaaa085038,rs16000119,rs24000288,14061,flagged,0
nbd8ba1cdb9998fb4,rs16000172,rs24000623,14061,honest,0
n204fe6666e5fad15,rs16000003,rs24000003,701,honest,0
n30b858a858051d53,rs16001082,rs24002858,1257,honest,0
n2a7530419e87a5f9,rs16000201,rs24000758,16276,honest,0
n5b36b41948fa9048,rs16000433,rs24001784,14061,flagged,0
nc207bda99e851a53,rs16000270,rs24001268,14061,honest,0
n926a2572d6e025c5,rs16000270,rs24001273,14061,honest,0
n83389b03afd5ecb1,rs16001113,rs24002892,12392,honest,0
ndc49bda6c01659cf,rs16000677,rs24002193,396982,honest,0
n89ea016036db7c9b,rs16000778,rs24002367,5650,honest,0
n1670ce34f12be6be,rs16000141,rs24000402,14061,flagged,0
n070e8af80dea963a,rs16000820,rs24002449,16276,honest,0
n069993fab777587f,rs16001177,rs24002960,2119,honest,0
n4dcdef888f18a6b3,rs16000267,rs24001193,14061,honest,0
n6496f7e276a30c0d,rs16000187,rs24000705,14061,honest,0
n452333f84960057b,rs16000240,rs24001018,152900,honest,0
na0fd9830c414b702,rs16000290,rs24001517,63949,honest,0
n33f78042c121256e,rs16000270,rs24001274,14061,honest,0
n4aeefd9e49febfd4,rs16000671,rs24002181,396982,honest,0
n9642383ebbccacc7,rs16001104,rs24002882,46475,honest,0
nd0e7d7f0e443d62f,rs16000282,rs24001434,14061,flagged,0
n238eb9df7cba219b,rs16000169,rs24000545,14061,flagged,0
n19b7565b87b1ede1,rs16000141,rs24000409,14061,flagged,0
n2fe547afa642379e,rs16000193,rs24000740,14061,flagged,0
n9606288d2d90986d,rs16000433,rs24001799,14061,flagged,0
nf9392e62028e212c,rs16000120,rs24000304,14061,flagged,0
n38161c1f5046d37d,rs16000270,rs24001299,14061,flagged,0
nab11670f28e13e4d,rs16000251,rs24001092,14061,flagged,0
n493d7a8a7a214f73,rs16000251,rs24001076,14061,flagged,0
n8003ce41c5ca0179,rs16000260,rs24001138,6181,honest,0
nbf9d4877c84a9e7f,rs16000304,rs24001541,852,honest,0
n19413309134b9d3d,rs16000224,rs24000818,14061,flagged,0
n67bba1ed3f508af8,rs16000993,rs24002741,46475,honest,0
n2c05e05834f909b5,rs16000042,rs24000104,14061,flagged,0
nd127b65e52744a6f,rs16000120,rs24000324,14061,flagged,0
n98edc210081128cb,rs16000145,rs24000448,14061,flagged,0
n5bbe23e8f1dd783d,rs16000725,rs24002266,132203,honest,0
n180677929d15409d,rs16001180,rs24002970,46475,honest,0
nabb486ba69107e8a,rs16000282,rs24001427,14061,flagged,0
ndd99e1e6cd6f122f,rs16000653,rs24002161,14061,honest,0
nc60f24042f90906f,rs16001266,rs24003079,24940,honest,0
nb4e77caf64a0ae34,rs16000721,rs24002259,16276,honest,0
n46dfb2c2bb6b02cd,rs16001104,rs24002882,46475,honest,0
n92899fc8698e2957,rs16000721,rs24002253,16276,honest,0
nfcacc91ef4870f6d,rs16000269,rs24001246,14061,flagged,0
nb692b895c4b1f383,rs16000280,rs24001409,14061,flagged,0
nb4a17b9f93142974,rs16000119,rs24000265,14061,honest,0
nf5d92f13dcbfb23b,rs16000184,rs24000665,13693,honest,0
n98063390f7aefc84,rs16000876,rs24002562,24940,honest,0
n0b720fe5a09ed1d1,rs16000042,rs24000099,14061,flagged,0
n40b2e9d0d9852f5b,rs16000802,rs24002415,24940,flagged,0
n2c09b1cad8e3b830,rs16000680,rs24002197,396982,honest,0
n73cdf7d0874082ff,rs16000282,rs24001452,14061,honest,0
nb4540dbf46d5a545,rs16000238,rs24000995,14061,flagged,0
n7ace59eb659155be,rs16001104,rs24002882,46475,honest,0
nb09f5a1700716aad,rs16000201,rs24000767,16276,honest,0
n44025a8f9a8e4cb7,rs16000866,rs24002539,14061,flagged,0
nd9eac7dd047960cd,rs16001086,rs24002862,1257,honest,0
n92400ef7d943b38f,rs16000340,rs24001635,14061,flagged,0
n720a1cfefa3ed10b,rs16000270,rs24001269,14061,flagged,0
n92a39ecd12b48d1d,rs16001286,rs24003101,209,honest,0
n240344d3726f8a3f,rs16000702,rs24002230,51167,honest,0
ncf1c74d64fc36096,rs16000141,rs24000429,14061,flagged,0
n3ea3faecb8249145,rs16000119,rs24000278,14061,flagged,0
nb5d2250658672107,rs16000269,rs24001244,14061,flagged,0
nda356b95b1abe2a6,rs16000155,rs24000519,31898,honest,0
n8de3c011bcedd85e,rs16000270,rs24001291,14061,flagged,0
n5b0329bceec6cdc4,rs16000149,rs24000509,14061,honest,0
nad18e383201e68cf,rs16000031,rs24000077,152900,honest,0
n75e03717cd657ac1,rs16000754,rs24002321,44709,honest,0
naf18af32eca8a850,rs16000270,rs24001264,14061,flagged,0
nc6cf39a68915dddb,rs16000288,rs24001475,14061,flagged,0
nbcec197b65d69826,rs16000042,rs24000115,14061,flagged,0
n1f734073373396d1,rs16000287,rs24001462,16863,honest,0
n4201b244638062f5,rs16000270,rs24001265,14061,flagged,0
nfbb750be29c3addd,rs16001180,rs24002968,46475,honest,0
n0b062973efece708,rs16000141,rs24000392,14061,flagged,0
n5cfa05b3313f54aa,rs16000866,rs24002548,14061,flagged,0
n517dcec520c821ec,rs16000233,rs24000908,14061,flagged,0
n86861c5967d47856,rs16000433,rs24001801,14061,flagged,0
n6bdf63c9c28672f5,rs16000123,rs24000334,24940,honest,0
nc963c84b3005deb8,rs16000238,rs24000993,14061,flagged,0
n731d1af92968173a,rs16000270,rs24001279,14061,honest,0
n6b2d85cf61ab140f,rs16000350,rs24001655,9123,honest,0
n9cdd7b495f2f5427,rs16000265,rs24001147,14061,flagged,0
nfb7958d5606cc7c6,rs16000112,rs24000218,14061,flagged,0
n0f67f69a06e6d656,rs16000172,rs24000617,14061,flagged,0
nef38e6268d26c5e5,rs16000600,rs24002088,32277,honest,0
nda6695cb0ce41ac9,rs16000433,rs24001778,14061,flagged,0
n1edc0bdebe98ed8d,rs16001233,rs24003035,3215,honest,0
n23722d39107ce567,rs16000277,rs24001355,14061,flagged,0
n564818da9768d177,rs16000454,rs24001840,14061,flagged,0
na0a3c251287af559,rs16000201,rs24000765,16276,honest,0
nd09365ffe4d39b58,rs16000999,rs24002748,46475,honest,0
ne624982fab9f7313,rs16000224,rs24000840,14061,flagged,0
n353209aa25e2c15f,rs16000270,rs24001273,14061,honest,0
ndd595e5405340858,rs16000119,rs24000294,14061,flagged,0
nb65abc634f42771d,rs16000169,rs24000547,14061,flagged,0
n360ea3375152e606,rs16000170,rs24000590,14061,honest,0
nc00dc99a9a7c1f96,rs16000862,rs24002499,14061,flagged,0
n3493c44312a6c9b8,rs16001275,rs24003090,5769,honest,0
nf83b7dc8f9fa8a8b,rs16000721,rs24002256,16276,honest,0
n8bd9a230079d9a6a,rs16000721,rs24002260,16276,honest,0
n7c20ea216f76daee,rs16000251,rs24001119,14061,flagged,0
n6b55876721dcbea7,rs16000282,rs24001427,14061,flagged,0
n707d14142f51f158,rs16000268,rs24001215,14061,flagged,0
n26eac5209a2b6921,rs16000282,rs24001437,14061,flagged,0
nbec5f62ee478856c,rs16001069,rs24002829,3209,honest,0
n962ae630157eed60,rs16000643,rs24002145,14061,flagged,0
n9c3ff42ba9513fb8,rs16000611,rs24002100,6871,honest,0
n7129fd6dfbae1604,rs16000266,rs24001167,14061,flagged,0
na5f6e9f7d24d4410,rs16000201,rs24000761,16276,honest,0
n390475dbbf83bc35,rs16000270,rs24001261,14061,flagged,0
nfa23fb953338b31f,rs16000288,rs24001486,14061,honest,0
nd249c0cb7942021e,rs16000783,rs24002378,24940,honest,0
n7e2e39f82a8b1990,rs16000266,rs24001161,14061,flagged,0
nc39da501df3e4fce,rs16000270,rs24001275,14061,honest,0
nedee226d4086cd89,rs16000270,rs24001292,14061,flagged,0
nf7ae5f2326ca2847,rs16000187,rs24000689,14061,honest,0
nfbc5c392100f7be6,rs16000266,rs24001169,14061,flagged,0
nb99ccebd550b05ab,rs16000112,rs24000219,14061,honest,0
n030f33e4f542f700,rs16001079,rs24002850,12322,honest,0
n8bc3c1b4517b225b,rs16000149,rs24000476,14061,flagged,0
nd6a93f970eaf63c4,rs16000288,rs24001471,14061,flagged,0
ne59384425582ea8a,rs16000433,rs24001796,14061,flagged,0
n4544d102d0d9df5c,rs16000268,rs24001208,14061,flagged,0
n3aca6a8fb71a92ca,rs16000268,rs24001232,14061,honest,0
n6287a44f5ea3f9fd,rs16000141,rs24000415,14061,flagged,0
n71c292d82f987573,rs16000029,rs24000054,14061,flagged,0
ncf962eb54ea2a3af,rs16000268,rs24001214,14061,flagged,0
nd5f40e75958f4c6b,rs16000280,rs24001389,14061,flagged,0
n7fb07de6a777981e,rs16000233,rs24000914,14061,honest,0
n818c2a977b41f4e7,rs16000251,rs24001114,14061,flagged,0
n15d837f82913ceb6,rs16000149,rs24000488,14061,flagged,0
nb4dc2371372471af,rs16000812,rs24002437,20055,honest,0
n5ca21d9cef7bfa4f,rs16000755,rs24002332,14061,flagged,0
n9004c4f2d983a114,rs16000234,rs24000931,14061,flagged,0
n9f09fbca939c54fe,rs16000273,rs24001325,14061,flagged,0
n9c9369c6146ff3ac,rs16000270,rs24001258,14061,honest,0
n615d5db0924c9397,rs16001104,rs24002882,46475,honest,0
n82d95d00f6f6c214,rs16000269,rs24001245,14061,flagged,0
n74e59ec367e21ad0,rs16000187,rs24000694,14061,flagged,0
n1924690c014505ff,rs16000433,rs24001785,14061,honest,0
n5d96e473abd3bf98,rs16001077,rs24002840,12322,honest,0
n6c624d2f280d0b82,rs16000894,rs24002599,40021,honest,0
n54a33baf73ce1c25,rs16000282,rs24001450,14061,flagged,0
n4f8cc42b88018664,rs16000320,rs24001575,33588,honest,0
n0bec11023c6b0bd8,rs16000721,rs24002252,16276,honest,0
n72456fb4dabf59e5,rs16000145,rs24000458,14061,honest,0
ndb23e0c3fbc71670,rs16001269,rs24003084,51803,honest,0
nfc499a7d21b3f740,rs16000172,rs24000608,14061,flagged,0
n95b1ae3278d49cb7,rs16000236,rs24000971,14061,honest,0
n8faa69d8c5afde67,rs16000353,rs24001671,14061,honest,0
n8c57da488faa277c,rs16000755,rs24002332,14061,flagged,0
nc1c5ed4450b3dd46,rs16000876,rs24002566,24940,honest,0
nbb65102990f71f72,rs16000545,rs24001957,14061,flagged,0
nb6b7f4ed110d63f3,rs16000139,rs24000366,14061,honest,0
n2294c308c4d64d5f,rs16000224,rs24000835,14061,flagged,0
n89b88c20ea880a76,rs16000234,rs24000940,14061,flagged,0
nfe839a4db3b5a2f5,rs16000721,rs24002260,16276,honest,0
n8877c48967b06943,rs16000267,rs24001181,14061,honest,0
n353a22a450160e51,rs16000119,rs24000279,14061,flagged,0
na316ff447c83afac,rs16000270,rs24001300,14061,honest,0
n6778b0c69c8623e8,rs16000266,rs24001165,14061,honest,0
n35fd7a953cc069a9,rs16000999,rs24002748,46475,honest,0
nf34f16822c56ac87,rs16000240,rs24001018,152900,honest,0
n2323fcb06dd2a556,rs16000139,rs24000369,14061,flagged,0
ncaf95b9e837d6813,rs16000119,rs24000261,14061,honest,0
n7d8cf595692c2b60,rs16000268,rs24001217,14061,flagged,0
na26f4b6f44707530,rs16000452,rs24001834,152900,honest,0
ncf04d3ea3242bafe,rs16001089,rs24002865,29226,honest,0
n0d2bcac91c65a77d,rs16001145,rs24002925,12578,honest,0
nd85d5f2c31da5c30,rs16000340,rs24001628,14061,flagged,0
n45981fff33b46542,rs16000225,rs24000876,14061,flagged,0
n06aad01e3309b9e8,rs16000434,rs24001805,57169,honest,0
n649d9bfee21822fd,rs16000755,rs24002338,14061,flagged,0
n108ba47e0d0f9150,rs16000419,rs24001756,49683,honest,0
nf9c7da005e0b6221,rs16001254,rs24003059,219399,honest,0
n9820e31dda055727,rs16000273,rs24001314,14061,flagged,0
n88621601e69e435b,rs16000273,rs24001334,14061,honest,0
n16cc5788144d61f4,rs16000433,rs24001790,14061,flagged,0
n2c33c64f9880604f,rs16000454,rs24001846,14061,flagged,0
nf7d72432a3104de4,rs16000120,rs24000300,14061,flagged,0
n9e18399378fa7c82,rs16000268,rs24001230,14061,honest,0
nf920fe6febf2b280,rs16000721,rs24002259,16276,honest,0
n16dba59c159557b1,rs16000236,rs24000980,14061,flagged,0
n672504f5e381e7a3,rs16000267,rs24001191,14061,flagged,0
n72aaf91e3044041c,rs16001180,rs24002969,46475,honest,0
nd972b7171ec50de5,rs16000267,rs24001200,14061,flagged,0
nee2e2bff6ea96ede,rs16000270,rs24001267,14061,honest,0
na9b5599f4acedabc,rs16001173,rs24002955,3352,honest,0
n8402436854624ccc,rs16000614,rs24002103,51167,honest,0
n3781a2009523ccda,rs16001005,rs24002756,62005,honest,0
n604f6c2716a96449,rs16000864,rs24002518,14061,flagged,0
n97e170ca071ae39d,rs16000242,rs24001038,14061,flagged,0
n905c1b774cebd8fe,rs16000314,rs24001568,14061,flagged,0
nb443fc0258a82bf7,rs16000225,rs24000851,14061,flagged,0
na34fa09cfd71c879,rs16000141,rs24000399,14061,flagged,0
nd825c6835a71f6f8,rs16000280,rs24001421,14061,flagged,0
n6a0c3546c0889f7d,rs16000267,rs24001194,14061,flagged,0
n7fc3aa85837a629a,rs16000257,rs24001133,24940,honest,0
n3db839b4bceb0686,rs16000233,rs24000892,14061,flagged,0
n1bb0bde0c4377342,rs16000340,rs24001613,14061,flagged,0
nef783cfa1b7f4f6b,rs16001180,rs24002969,46475,honest,0
n124279e3edc26828,rs16000270,rs24001280,14061,honest,0
nabb8acba4698937e,rs16000251,rs24001104,14061,flagged,0
nfc45860726462afc,rs16000234,rs24000924,14061,flagged,0
ne3cf5394caaab2ff,rs16000267,rs24001184,14061,honest,0
n17592ec801a4764d,rs16000193,rs24000726,14061,flagged,0
nddf3206ccf4988f5,rs16000139,rs24000379,14061,flagged,0
nb99ec95d8944ee97,rs16000225,rs24000865,14061,honest,0
nabdc8478211d370d,rs16000533,rs24001940,9500,honest,0
n96b06e6ef89fa68c,rs16000270,rs24001275,14061,honest,0
n0c2366ef458b60bf,rs16000329,rs24001586,5410,honest,0
n51a755a0b9000218,rs16000353,rs24001658,14061,flagged,0
n1794cc0663fc5e7d,rs16001101,rs24002877,51167,honest,0
nd8bcc7c9db1c5306,rs16000263,rs24001141,152900,honest,0
n16ef15b1a40dd00b,rs16000270,rs24001272,14061,honest,0
n0892d9ebf263052a,rs16000280,rs24001397,14061,flagged,0
n99345453671b5633,rs16000908,rs24002619,14061,flagged,0
nbf53dde64a0d7465,rs16000742,rs24002288,63949,honest,0
n3f9df833ca6969a9,rs16000288,rs24001474,14061,flagged,0
n5726ed67082aa457,rs16000288,rs24001479,14061,flagged,0
n242ae63c3ffa35aa,rs16000119,rs24000289,14061,honest,0
na9676275851510e9,rs16000042,rs24000091,14061,flagged,0
n93d297fd0ec094f9,rs16000236,rs24000972,14061,flagged,0
n0f81b76183b55462,rs16000172,rs24000603,14061,flagged,0
n79ac7c5698cc6a27,rs16000267,rs24001189,14061,flagged,0
nf9ff6594b8824e9f,rs16000172,rs24000605,14061,flagged,0
n3db81e0f03ce4aa0,rs16000270,rs24001270,14061,honest,0
nd1d9f82803e18b32,rs16000139,rs24000374,14061,flagged,0
n1f5dad6a3068c830,rs16000141,rs24000410,14061,flagged,0
n829a427cc26278e1,rs16000193,rs24000725,14061,flagged,0
n6a1c5bbf025ad503,rs16000266,rs24001159,14061,honest,0
n44cff6eba4a58c92,rs16001180,rs24002969,46475,honest,0
nbee91e8064f51fe5,rs16000864,rs24002517,14061,honest,0
na04a08349b392882,rs16000096,rs24000174,1221,honest,0
n9df2f28c170136cf,rs16001181,rs24002973,46475,honest,0
n4227be2be840c35e,rs16000112,rs24000211,14061,honest,0
nf3025ce28d5a5ebc,rs16000277,rs24001364,14061,flagged,0
n8c3299bc1086ee2c,rs16000721,rs24002262,16276,honest,0
nfe647605972657f6,rs16000270,rs24001259,14061,flagged,0
n6e26f4417a1c1591,rs16000233,rs24000901,14061,flagged,0
nf060ef00b7ffab45,rs16000119,rs24000279,14061,flagged,0
na2aaa0acbeeed274,rs16000783,rs24002379,24940,honest,0
n88f1b8d06732fb9a,rs16000512,rs24001917,16276,honest,0
n682823f9e0c62a70,rs16000236,rs24000963,14061,flagged,0
nb693493b8e5435d3,rs16000233,rs24000920,14061,flagged,0
nf3d8fff60eef09a1,rs16000273,rs24001318,14061,flagged,0
n04ab36381ec094da,rs16000242,rs24001030,14061,flagged,0
n9959e22d30d4fe4d,rs16000265,rs24001150,14061,flagged,0
n7b70460a11a6eb50,rs16000747,rs24002313,63949,honest,0
n8e83426df95f715a,rs16000999,rs24002748,46475,honest,0
n0a3736ef8f8d4afb,rs16000193,rs24000729,14061,flagged,0
n3c572f886f39b706,rs16000236,rs24000957,14061,honest,0
nc4db8dfbb47c90e8,rs16000141,rs24000412,14061,flagged,0
n02e2bb203dcabb16,rs16000864,rs24002528,14061,flagged,0
n6bfe15beb46eb302,rs16000187,rs24000674,14061,flagged,0
nd68dd6d0e4f6686d,rs16000119,rs24000289,14061,flagged,0
nfa5216622a977831,rs16000238,rs24000998,14061,flagged,0
nbfba0522a0d2a88f,rs16000902,rs24002611,14061,honest,0
n31585252788e01f7,rs16000238,rs24001002,14061,flagged,0
n0eb9e846fe7b08ec,rs16000266,rs24001164,14061,honest,0
naa1321f3550d0f00,rs16000251,rs24001117,14061,flagged,0
naa0454dadee9aa3d,rs16000905,rs24002615,19901,honest,0
nf4f5df0c14cdcf5d,rs16000266,rs24001174,14061,flagged,0
n5314eac1323ad913,rs16000599,rs24002087,19323,honest,0
n5258e90e8b4b64fe,rs16000797,rs24002402,215859,honest,0
n3d5092f543127685,rs16000863,rs24002506,14061,flagged,0
n04cf3bbbedbfdef6,rs16000881,rs24002579,24940,honest,0
n7659cb1b5e61d228,rs16000119,rs24000263,14061,honest,0
n1f3266559261b8d5,rs16000447,rs24001829,19429,honest,0
nab9383a3274e3e03,rs16000721,rs24002262,16276,honest,0
nb1f3e690fb415acc,rs16000282,rs24001437,14061,flagged,0
na0565bdf79483ce3,rs16000482,rs24001876,3255,honest,0
nb319293c1c4f235e,rs16000721,rs24002262,16276,honest,0
n952250c3321523a6,rs16000201,rs24000767,16276,honest,0
nd57565e236e1c623,rs16000570,rs24002051,14061,honest,0
nae7414eb86175a86,rs16000624,rs24002115,400226,honest,0
nd34aac62b765864a,rs16000233,rs24000910,14061,flagged,0
n43e7b0ac2ad839f9,rs16000201,rs24000762,16276,honest,0
n6d1b4f11df95b603,rs16000120,rs24000312,14061,flagged,0
n9364c8f077571e09,rs16000721,rs24002259,16276,honest,0
nc4d90d26f3a44dd4,rs16000908,rs24002651,14061,flagged,0
n2212caa25485cd4b,rs16000271,rs24001303,150818,honest,0
n68fafb23b43835e6,rs16000112,rs24000204,14061,honest,0
na478950764b8260d,rs16001212,rs24003011,3320,honest,0
n38d6d483fdccef65,rs16000211,rs24000792,14061,flagged,0
n6ec32836bc1d10a5,rs16000251,rs24001077,14061,flagged,0
n4f590309a15876e9,rs16000112,rs24000202,14061,honest,0
n3ed9b7d4dc83d562,rs16000224,rs24000836,14061,flagged,0
n87aadcfe7fca06f2,rs16000708,rs24002236,9009,honest,0
n97b7e5c8dc9d0877,rs16000270,rs24001274,14061,honest,0
naab9326087b4c512,rs16000149,rs24000497,14061,flagged,0
n80ca5dc0361a715d,rs16001180,rs24002968,46475,honest,0
n5badd83dcff5dfbe,rs16000169,rs24000567,14061,flagged,0
n6a7fd6ba48c5cac6,rs16000145,rs24000453,14061,flagged,0
nb9b7ed4a4134d91a,rs16000120,rs24000313,14061,flagged,0
n497ae4da62925de7,rs16000743,rs24002298,14061,flagged,0
n7095ee9a314b9a2c,rs16001180,rs24002971,46475,honest,0
n82dc194a17d57cd9,rs16000277,rs24001356,14061,flagged,0
n5af5103e12de84d2,rs16000224,rs24000823,14061,flagged,0
nb71279b038d87297,rs16000936,rs24002682,701,honest,0
n452875fa68087df1,rs16000881,rs24002578,24940,honest,0
n6db0c0f8d9557a50,rs16000119,rs24000273,14061,honest,0
nb0e059cf22bb44f5,rs16000119,rs24000287,14061,flagged,0
n20796f5ea18f5294,rs16000280,rs24001410,14061,flagged,0
nafa8a2e70fba40ac,rs16000112,rs24000223,14061,honest,0
n8d915949e2f10c45,rs16000520,rs24001926,46841,honest,0
nf6f8bacf79fa5ea6,rs16000237,rs24000985,24940,honest,0
n83829570daf30622,rs16000721,rs24002260,16276,honest,0
n72f7727e203cd932,rs16000321,rs24001576,33652,honest,0
n7aee81d098a0011f,rs16000214,rs24000805,14956,honest,0
n0bbe0d01471be4fd,rs16000521,rs24001927,3215,honest,0
n249d09e5cdcd5fe2,rs16000864,rs24002510,14061,honest,0
n6773a5193d25f9a0,rs16000288,rs24001500,14061,flagged,0
n90f5777a0a852c77,rs16000112,rs24000206,14061,honest,0
n4476bc11d7fb4f22,rs16000169,rs24000564,14061,flagged,0
n50693f71615a5de2,rs16000119,rs24000293,14061,flagged,0
n0fc2acfaadf43112,rs16000483,rs24001877,48314,honest,0
n510e979a2f1e38c1,rs16000270,rs24001271,14061,honest,0
nd7e95b8590a3591d,rs16000987,rs24002734,7018,honest,0
ndef96a1de864c202,rs16000606,rs24002095,141995,honest,0
n3ebe13ec7d95998b,rs16000149,rs24000510,14061,honest,0
ncf7b4f4f358327ac,rs16000100,rs24000179,9790,honest,0
n232965f675a1ce4c,rs16000169,rs24000563,14061,flagged,0
n70b6dd1c266a16b6,rs16000743,rs24002303,14061,flagged,0
na62ed7eeafe57346,rs16000169,rs24000568,14061,flagged,0
nbcd5c2584ad19d97,rs16000955,rs24002701,33651,honest,0
naf7be3a3dbf636c6,rs16000187,rs24000698,14061,flagged,0
n6444bbc701180b30,rs16000433,rs24001783,14061,flagged,0
nf73c1cfcf20d6b3b,rs16000031,rs24000077,152900,honest,0
n7216767a67a07263,rs16000231,rs24000887,197540,honest,0
ne7f20017d395c6e5,rs16000112,rs24000206,14061,honest,0
n84011ae85bce4161,rs16000270,rs24001274,14061,honest,0
n34a7180290ccc61a,rs16000160,rs24000525,680,honest,0
n15778c47c8fb5c55,rs16000723,rs24002264,132203,honest,0
ndd246ba9504d09c4,rs16000902,rs24002610,14061,flagged,0
n3c1e4a02cf407ac3,rs16001134,rs24002914,3215,honest,0
n793c515394df8ac1,rs16000225,rs24000861,14061,flagged,0
n10351be415d5ff39,rs16000755,rs24002329,14061,honest,0
n8fea20e495617067,rs16000175,rs24000648,14061,flagged,0
n01fc93bcb1e81f6a,rs16001219,rs24003018,35600,honest,0
n1ea8206ce1c092f0,rs16000755,rs24002322,14061,flagged,0
n3f12aeafaba6804f,rs16000225,rs24000869,14061,flagged,0
ndea2eefa5352c9b0,rs16000169,rs24000559,14061,honest,0
n3654299e3cf0967a,rs16000267,rs24001186,14061,flagged,0
n3c33d9889b9f8933,rs16000721,rs24002260,16276,honest,0
nb9e0429f9cbbb4f1,rs16000567,rs24002041,14061,flagged,0
n0faa22f777e739ce,rs16000282,rs24001443,14061,flagged,0
n7a9e3de50db5422c,rs16000224,rs24000817,14061,honest,0
n30ef1a61b0c01f7c,rs16000567,rs24002040,14061,flagged,0
nc7a757e5ae70d9ad,rs16000122,rs24000329,16276,honest,0
nb5d5ba9c46f9ac0d,rs16000273,rs24001309,14061,flagged,0
n4321cec52a3ba3ca,rs16000270,rs24001273,14061,honest,0
nce064e7f2ba9398d,rs16000743,rs24002295,14061,honest,0
n65e11bb9c9fea351,rs16000777,rs24002366,5650,honest,0
n97dcac3bed9da3da,rs16000019,rs24000024,14061,flagged,0
n32c850f77aaad24d,rs16000845,rs24002477,51167,honest,0
nae185f4eee2828a8,rs16000119,rs24000261,14061,honest,0
nf50af1e99460a74e,rs16000141,rs24000426,14061,flagged,0
n675ddfba3bf46e4d,rs16000730,rs24002273,62005,honest,0
nb700dc7d8884d402,rs16000270,rs24001271,14061,honest,0
n54cab9bc1364768c,rs16000112,rs24000214,14061,honest,0
n1315ecbc2de96df7,rs16000201,rs24000763,16276,honest,0
n142ac88ba17ff3d4,rs16001181,rs24002973,46475,honest,0
nf2782630a55f9ccc,rs16000201,rs24000766,16276,honest,0
ne83e86103d68de0a,rs16000746,rs24002310,20473,honest,0
n39b738611daf6cde,rs16000288,rs24001502,14061,honest,0
n0608460766e2a260,rs16000288,rs24001503,14061,honest,0
n6f1cd00de732f1f0,rs16001181,rs24002974,46475,honest,0
nb8ae16324f020ba3,rs16000270,rs24001274,14061,honest,0
naae2103d0c2d1880,rs16000270,rs24001273,14061,honest,0
n764e066bf826bf3f,rs16000251,rs24001120,14061,flagged,0
n7f5134a41dce0c0f,rs16000314,rs24001565,14061,flagged,0
n8d1db74836d85433,rs16000193,rs24000736,14061,flagged,0
n1cc4d8135f4eb4d3,rs16000570,rs24002055,14061,flagged,0
n2fde817a11c74469,rs16001104,rs24002882,46475,honest,0
nfe195d5d9b2c1572,rs16000433,rs24001794,14061,flagged,0
nc5bbe5de9d30d62f,rs16000266,rs24001160,14061,flagged,0
n05c66a5bd386cdb7,rs16000270,rs24001274,14061,honest,0
n9d9242f78dda6072,rs16001055,rs24002814,8339,honest,0
n6e3c4a26dbe9665f,rs16000029,rs24000066,14061,flagged,0
nd3bda45e3cf348f7,rs16000270,rs24001278,14061,honest,0
n7770c9bcb3ccc3ba,rs16000224,rs24000816,14061,flagged,0
n1a5e688a4e3c0104,rs16000290,rs24001517,63949,honest,0
ne0854122e9fdc99d,rs16000270,rs24001282,14061,honest,0
n540d81f2af7fb602,rs16000263,rs24001141,152900,honest,0
na0d3ec84e67d7993,rs16000267,rs24001182,14061,flagged,0
n5b2b8ea8918f68be,rs16001195,rs24002990,49981,honest,0
n02c172d918a01bb5,rs16000452,rs24001834,152900,honest,0
n390e3dfea6df5fe4,rs16000119,rs24000257,14061,flagged,0
na37ec811fad29c0d,rs16000288,rs24001484,14061,flagged,0
n7197f09bbfc657f5,rs16000149,rs24000492,14061,honest,0
na08e8e5cb113155a,rs16000270,rs24001268,14061,flagged,0
n5d2bccd0c5b0b681,rs16000234,rs24000934,14061,flagged,0
n267a3e13f02d827a,rs16000201,rs24000766,16276,honest,0
ned1b305fe272fecf,rs16000290,rs24001521,63949,honest,0
nc428bfe3f2d981a6,rs16000201,rs24000761,16276,honest,0
n11d9ac1d8e227fb9,rs16000233,rs24000903,14061,flagged,0
n8377f36cede0cd7f,rs16000721,rs24002259,16276,honest,0
n4ba2629ab0f85989,rs16000269,rs24001253,14061,honest,0
neff61d28cc2bd238,rs16001104,rs24002882,46475,honest,0
n0630056af172c191,rs16000270,rs24001273,14061,honest,0
ndeff9c4f1d52c8df,rs16000721,rs24002259,16276,honest,0
nb46a8fbc55b31c5f,rs16000270,rs24001272,14061,honest,0
n07daee2d8d48bcbb,rs16000271,rs24001303,150818,honest,0
nc0444fd2936c2865,rs16000270,rs24001275,14061,honest,0
n133567debc4cbd6f,rs16000341,rs24001644,13188,honest,0
n61a4dda076326933,rs16000954,rs24002700,7015,honest,0
nbfe9b7d3ed3dbb72,rs16000212,rs24000797,197540,honest,0
ndda9f295465683bb,rs16000413,rs24001750,209400,honest,0
n5f9d9674e080ab15,rs16000162,rs24000529,16276,honest,0
na78ced54a9fc2dfa,rs16000586,rs24002073,49453,honest,0
n82319f4806bf444a,rs16000990,rs24002737,5089,honest,0
n1d93e69abd1ea972,rs16001168,rs24002950,35042,honest,0
n0962347b2d944b55,rs16000593,rs24002081,209341,flagged,0
n1f8290e673be9e40,rs16000628,rs24002121,395502,honest,0
n02fc29bdbc7dbf22,rs16000092,rs24000170,9381,honest,0
na4f65e20fcda756f,rs16001271,rs24003086,42610,flagged,0
n41800e952fdaec12,rs16001179,rs24002963,24940,honest,0
n2efeb037d82a73af,rs16000544,rs24001952,577,honest,0
nfef7d8388d077dfa,rs16001206,rs24003003,12389,honest,0
n34ba5c3b41fc150f,rs16001136,rs24002916,3215,honest,0
n6c4eac7ba6ab3df4,rs16000859,rs24002491,20326,honest,0
nb571f81658c7b5cf,rs16000360,rs24001681,4764,honest,0
nd142d15a865e84e1,rs16001224,rs24003023,3320,honest,0
nadc70dca80a62ffe,rs16000946,rs24002692,11427,honest,0
n103aca5338cb3344,rs16001218,rs24003017,200019,honest,0
nf8d5a0ac316b8692,rs16000537,rs24001944,1221,honest,0
n8daabb3b596fa7eb,rs16000290,rs24001518,63949,honest,0
n33bc3dcbf7d671f7,rs16000890,rs24002594,63949,honest,0
n7c8537ca41560791,rs16000807,rs24002429,63949,honest,0
ndb5f8ac3d6e19f1a,rs16000889,rs24002593,852,honest,0
n1a05319d6daef4d9,rs16000893,rs24002598,11814,honest,0
n8328d7d0311ba377,rs16001149,rs24002930,3320,honest,0
nd33806ffc2d02b82,rs16000850,rs24002482,12312,honest,0
n9f7eb5dc15c2eb0c,rs16001067,rs24002827,16086,honest,0
nbed6432ddddb4c09,rs16000947,rs24002693,27364,honest,0
na46b9994c577a10a,rs16000332,rs24001589,5410,honest,0
n6c899affef8d3697,rs16000756,rs24002342,5483,honest,0
n9eb5517ff1615465,rs16000099,rs24000178,400587,honest,0
ne23578454ec47c24,rs16000798,rs24002405,34700,honest,0
n944906a2ed3d1132,rs16000283,rs24001457,37611,honest,0
n216df1e2deeb7de8,rs16000503,rs24001906,40021,honest,0
naac582cca0447b67,rs16001077,rs24002839,12322,honest,0
naf103c4e9f9896a2,rs16001148,rs24002929,3320,honest,0
ne567e1011895cb46,rs16000366,rs24001687,32489,honest,0
n7ded9904e062a7b6,rs16000364,rs24001685,1299,honest,0
nb7e6e8b91aba54dd,rs16000703,rs24002231,12389,honest,0
nbd13e48dd5efa721,rs16000138,rs24000360,16591,honest,0
n344f569a949ddd8e,rs16000695,rs24002217,6876,honest,0
nafa82b89ad246399,rs16000758,rs24002344,8881,honest,0
nd50d7c06580c4d4b,rs16000009,rs24000011,36925,honest,0
n802c1cb805bc141e,rs16000773,rs24002362,5650,honest,0
n14b4d2e91ec4a735,rs16001151,rs24002932,3320,honest,0
n36d05c392199610f,rs16000855,rs24002487,16086,honest,0
nda3731819c0be5e0,rs16001182,rs24002975,6805,honest,0
n1b136ae3e50a39d9,rs16000361,rs24001682,7303,honest,0
