dataset,ratio,algorithm,p,threshold
Oct 2026 data,1,/24 deduplication,0.394688644688645,3.46073298429319
Oct 2026 data,1,ASN deduplication,0.692926045016077,3.46073298429319
Oct 2026 data,1.01160864324958,/24 deduplication,0.394688644688645,3.46073298429319
Oct 2026 data,1.01160864324958,ASN deduplication,0.690464737085907,3.46073298429319
Oct 2026 data,1.02335204709726,/24 deduplication,0.394688644688645,3.46073298429319
Oct 2026 data,1.02335204709726,ASN deduplication,0.687992584038615,3.46073298429319
Oct 2026 data,1.03523177593074,/24 deduplication,0.394688644688645,3.46073298429319
Oct 2026 data,1.03523177593074,ASN deduplication,0.685509679780787,3.46073298429319
Oct 2026 data,1.04724941229815,/24 deduplication,0.394688644688645,3.46073298429319
Oct 2026 data,1.04724941229815,ASN deduplication,0.683016120475907,3.46073298429319
Oct 2026 data,1.05940655711885,/24 deduplication,0.394688644688645,3.46073298429319
Oct 2026 data,1.05940655711885,ASN deduplication,0.680512004539962,3.46073298429319
Oct 2026 data,1.07170482989671,/24 deduplication,0.394688644688645,3.46073298429319
Oct 2026 data,1.07170482989671,ASN deduplication,0.677997432636145,3.46073298429319
Oct 2026 data,1.08414586893583,/24 deduplication,0.394688644688645,3.46073298429319
Oct 2026 data,1.08414586893583,ASN deduplication,0.675472507668636,3.46073298429319
Oct 2026 data,1.09673133155882,/24 deduplication,0.394688644688645,3.46073298429319
Oct 2026 data,1.09673133155882,ASN deduplication,0.672937334775469,3.46073298429319
Oct 2026 data,1.10946289432752,/24 deduplication,0.394688644688645,3.46073298429319
Oct 2026 data,1.10946289432752,ASN deduplication,0.670392021320462,3.46073298429319
Oct 2026 data,1.12234225326642,/24 deduplication,0.394688644688645,3.46073298429319
Oct 2026 data,1.12234225326642,ASN deduplication,0.667836676884215,3.46073298429319
Oct 2026 data,1.13537112408852,/24 deduplication,0.394688644688645,3.46073298429319
Oct 2026 data,1.13537112408852,ASN deduplication,0.665271413254165,3.46073298429319
Oct 2026 data,1.14855124242394,/24 deduplication,0.394688644688645,3.46073298429319
Oct 2026 data,1.14855124242394,ASN deduplication,0.662696344413699,3.46073298429319
Oct 2026 data,1.1618843640511,/24 deduplication,0.394688644688645,3.46073298429319
Oct 2026 data,1.1618843640511,ASN deduplication,0.660111586530305,3.46073298429319
Oct 2026 data,1.17537226513064,/24 deduplication,0.394688644688645,3.46073298429319
Oct 2026 data,1.17537226513064,ASN deduplication,0.65751725794278,3.46073298429319
Oct 2026 data,1.18901674244199,/24 deduplication,0.394688644688645,3.46073298429319
Oct 2026 data,1.18901674244199,ASN deduplication,0.654913479147472,3.46073298429319
Oct 2026 data,1.20281961362278,/24 deduplication,0.394688644688645,3.46073298429319
Oct 2026 data,1.20281961362278,ASN deduplication,0.65230037278356,3.46073298429319
Oct 2026 data,1.21678271741092,/24 deduplication,0.394688644688645,3.46073298429319
Oct 2026 data,1.21678271741092,ASN deduplication,0.649678063617381,3.46073298429319
Oct 2026 data,1.2309079138896,/24 deduplication,0.394688644688645,3.46073298429319
Oct 2026 data,1.2309079138896,ASN deduplication,0.647046678525775,3.46073298429319
Oct 2026 data,1.24519708473503,/24 deduplication,0.394688644688645,3.46073298429319
Oct 2026 data,1.24519708473503,ASN deduplication,0.644406346478482,3.46073298429319
Oct 2026 data,1.25965213346714,/24 deduplication,0.394688644688645,3.46073298429319
Oct 2026 data,1.25965213346714,ASN deduplication,0.641757198519568,3.46073298429319
Oct 2026 data,1.27427498570313,/24 deduplication,0.394688644688645,3.46073298429319
Oct 2026 data,1.27427498570313,ASN deduplication,0.63909936774788,3.46073298429319
Oct 2026 data,1.28906758941403,/24 deduplication,0.394688644688645,3.46073298429319
Oct 2026 data,1.28906758941403,ASN deduplication,0.636432989296548,3.46073298429319
Oct 2026 data,1.30403191518413,/24 deduplication,0.394688644688645,3.46073298429319
Oct 2026 data,1.30403191518413,ASN deduplication,0.633758200311523,3.46073298429319
Oct 2026 data,1.31916995647357,/24 deduplication,0.394688644688645,3.46073298429319
Oct 2026 data,1.31916995647357,ASN deduplication,0.631075139929158,3.46073298429319
Oct 2026 data,1.33448372988384,/24 deduplication,0.394688644688645,3.46073298429319
Oct 2026 data,1.33448372988384,ASN deduplication,0.628383949252833,3.46073298429319
Oct 2026 data,1.34997527542643,/24 deduplication,0.394688644688645,3.46073298429319
Oct 2026 data,1.34997527542643,ASN deduplication,0.625684771328634,3.46073298429319
Oct 2026 data,1.36564665679461,/24 deduplication,0.394688644688645,3.46073298429319
Oct 2026 data,1.36564665679461,ASN deduplication,0.622977751120086,3.46073298429319
Oct 2026 data,1.38149996163832,/24 deduplication,0.394688644688645,3.46073298429319
Oct 2026 data,1.38149996163832,ASN deduplication,0.620263035481948,3.46073298429319
Oct 2026 data,1.39753730184229,/24 deduplication,0.394688644688645,3.46073298429319
Oct 2026 data,1.39753730184229,ASN deduplication,0.617540773133079,3.46073298429319
Oct 2026 data,1.41376081380736,/24 deduplication,0.394688644688645,3.46073298429319
Oct 2026 data,1.41376081380736,ASN deduplication,0.614811114628374,3.46073298429319
Oct 2026 data,1.43017265873509,/24 deduplication,0.394688644688645,3.46073298429319
Oct 2026 data,1.43017265873509,ASN deduplication,0.612074212329793,3.46073298429319
Oct 2026 data,1.44677502291565,/24 deduplication,0.394688644688645,3.46073298429319
Oct 2026 data,1.44677502291565,ASN deduplication,0.609330220376475,3.46073298429319
Oct 2026 data,1.46357011801908,/24 deduplication,0.394688644688645,3.46073298429319
Oct 2026 data,1.46357011801908,ASN deduplication,0.606579294653959,3.46073298429319
Oct 2026 data,1.48056018138991,/24 deduplication,0.394688644688645,3.46073298429319
Oct 2026 data,1.48056018138991,ASN deduplication,0.603821592762517,3.46073298429319
Oct 2026 data,1.4977474763452,/24 deduplication,0.394688644688645,3.46073298429319
Oct 2026 data,1.4977474763452,ASN deduplication,0.601057273984613,3.46073298429319
Oct 2026 data,1.51513429247605,/24 deduplication,0.394688644688645,3.46073298429319
Oct 2026 data,1.51513429247605,ASN deduplication,0.598286499251496,3.46073298429319
Oct 2026 data,1.53272294595261,/24 deduplication,0.394688644688645,3.46073298429319
Oct 2026 data,1.53272294595261,ASN deduplication,0.595509431108942,3.46073298429319
Oct 2026 data,1.55051577983262,/24 deduplication,0.394688644688645,3.46073298429319
Oct 2026 data,1.55051577983262,ASN deduplication,0.592726233682165,3.46073298429319
Oct 2026 data,1.56851516437355,/24 deduplication,0.394688644688645,3.46073298429319
Oct 2026 data,1.56851516437355,ASN deduplication,0.589937072639893,3.46073298429319
Oct 2026 data,1.58672349734832,/24 deduplication,0.394688644688645,3.46073298429319
Oct 2026 data,1.58672349734832,ASN deduplication,0.587142115157645,3.46073298429319
Oct 2026 data,1.60514320436476,/24 deduplication,0.394688644688645,3.46073298429319
Oct 2026 data,1.60514320436476,ASN deduplication,0.584341529880213,3.46073298429319
Oct 2026 data,1.62377673918872,/24 deduplication,0.394688644688645,3.46073298429319
Oct 2026 data,1.62377673918872,ASN deduplication,0.58153548688336,3.46073298429319
Oct 2026 data,1.64262658407093,/24 deduplication,0.394688644688645,3.46073298429319
Oct 2026 data,1.64262658407093,ASN deduplication,0.578724157634774,3.46073298429319
Oct 2026 data,1.66169525007769,/24 deduplication,0.394688644688645,3.46073298429319
Oct 2026 data,1.66169525007769,ASN deduplication,0.575907714954259,3.46073298429319
Oct 2026 data,1.68098527742536,/24 deduplication,0.394688644688645,3.46073298429319
Oct 2026 data,1.68098527742536,ASN deduplication,0.573086332973223,3.46073298429319
Oct 2026 data,1.70049923581879,/24 deduplication,0.394688644688645,3.46073298429319
Oct 2026 data,1.70049923581879,ASN deduplication,0.570260187093446,3.46073298429319
Oct 2026 data,1.7202397247936,/24 deduplication,0.394688644688645,3.46073298429319
Oct 2026 data,1.7202397247936,ASN deduplication,0.567429453945166,3.46073298429319
Oct 2026 data,1.74020937406249,/24 deduplication,0.394688644688645,3.46073298429319
Oct 2026 data,1.74020937406249,ASN deduplication,0.564594311344509,3.46073298429319
Oct 2026 data,1.76041084386555,/24 deduplication,0.394688644688645,3.46073298429319
Oct 2026 data,1.76041084386555,ASN deduplication,0.561754938250258,3.46073298429319
Oct 2026 data,1.78084682532468,/24 deduplication,0.394688644688645,3.46073298429319
Oct 2026 data,1.78084682532468,ASN deduplication,0.558911514720019,3.46073298429319
Oct 2026 data,1.80152004080203,/24 deduplication,0.394688644688645,3.46073298429319
Oct 2026 data,1.80152004080203,ASN deduplication,0.556064221865766,3.46073298429319
Oct 2026 data,1.82243324426267,/24 deduplication,0.394688644688645,3.46073298429319
Oct 2026 data,1.82243324426267,ASN deduplication,0.553213241808825,3.46073298429319
Oct 2026 data,1.84358922164149,/24 deduplication,0.394688644688645,3.46073298429319
Oct 2026 data,1.84358922164149,ASN deduplication,0.550358757634291,3.46073298429319
Oct 2026 data,1.8649907912143,/24 deduplication,0.394688644688645,3.46073298429319
Oct 2026 data,1.8649907912143,ASN deduplication,0.547500953344918,3.46073298429319
Oct 2026 data,1.88664080397326,/24 deduplication,0.394688644688645,3.46073298429319
Oct 2026 data,1.88664080397326,ASN deduplication,0.544640013814503,3.46073298429319
Oct 2026 data,1.90854214400669,/24 deduplication,0.394688644688645,3.46073298429319
Oct 2026 data,1.90854214400669,ASN deduplication,0.541776124740784,3.46073298429319
Oct 2026 data,1.93069772888325,/24 deduplication,0.394688644688645,3.46073298429319
Oct 2026 data,1.93069772888325,ASN deduplication,0.53890947259788,3.46073298429319
Oct 2026 data,1.95311051004063,/24 deduplication,0.394688644688645,3.46073298429319
Oct 2026 data,1.95311051004063,ASN deduplication,0.536040244588303,3.46073298429319
Oct 2026 data,1.9757834731787,/24 deduplication,0.394688644688645,3.46073298429319
Oct 2026 data,1.9757834731787,ASN deduplication,0.533168628594558,3.46073298429319
Oct 2026 data,1.99871963865725,/24 deduplication,0.394688644688645,3.46073298429319
Oct 2026 data,1.99871963865725,ASN deduplication,0.530294813130366,3.46073298429319
Oct 2026 data,2.02192206189835,/24 deduplication,0.394688644688645,3.46073298429319
Oct 2026 data,2.02192206189835,ASN deduplication,0.527418987291534,3.46073298429319
Oct 2026 data,2.04539383379339,/24 deduplication,0.394688644688645,3.46073298429319
Oct 2026 data,2.04539383379339,ASN deduplication,0.524541340706497,3.46073298429319
Oct 2026 data,2.06913808111479,/24 deduplication,0.394688644688645,3.46073298429319
Oct 2026 data,2.06913808111479,ASN deduplication,0.521662063486556,3.46073298429319
Oct 2026 data,2.09315796693257,/24 deduplication,0.394688644688645,3.46073298429319
Oct 2026 data,2.09315796693257,ASN deduplication,0.518781346175859,3.46073298429319
Oct 2026 data,2.11745669103571,/24 deduplication,0.394688644688645,3.46073298429319
Oct 2026 data,2.11745669103571,ASN deduplication,0.515899379701119,3.46073298429319
Oct 2026 data,2.14203749035838,/24 deduplication,0.394688644688645,3.46073298429319
Oct 2026 data,2.14203749035838,ASN deduplication,0.513016355321131,3.46073298429319
Oct 2026 data,2.16690363941118,/24 deduplication,0.394688644688645,3.46073298429319
Oct 2026 data,2.16690363941118,ASN deduplication,0.510132464576097,3.46073298429319
Oct 2026 data,2.19205845071733,/24 deduplication,0.394688644688645,3.46073298429319
Oct 2026 data,2.19205845071733,ASN deduplication,0.507247899236785,3.46073298429319
Oct 2026 data,2.21750527525393,/24 deduplication,0.394688644688645,3.46073298429319
Oct 2026 data,2.21750527525393,ASN deduplication,0.504362851253573,3.46073298429319
Oct 2026 data,2.24324750289842,/24 deduplication,0.394688644688645,3.46073298429319
Oct 2026 data,2.24324750289842,ASN deduplication,0.501477512705374,3.46073298429319
Oct 2026 data,2.26928856288008,/24 deduplication,0.394688644688645,3.46073298429319
Oct 2026 data,2.26928856288008,ASN deduplication,0.498592075748503,3.46073298429319
Oct 2026 data,2.29563192423691,/24 deduplication,0.394688644688645,3.46073298429319
Oct 2026 data,2.29563192423691,ASN deduplication,0.495706732565491,3.46073298429319
Oct 2026 data,2.32228109627773,/24 deduplication,0.394688644688645,3.46073298429319
Oct 2026 data,2.32228109627773,ASN deduplication,0.492821675313886,3.46073298429319
Oct 2026 data,2.34923962904966,/24 deduplication,0.394688644688645,3.46073298429319
Oct 2026 data,2.34923962904966,ASN deduplication,0.489937096075072,3.46073298429319
Oct 2026 data,2.37651111381108,/24 deduplication,0.394688644688645,3.46073298429319
Oct 2026 data,2.37651111381108,ASN deduplication,0.487053186803125,3.46073298429319
Oct 2026 data,2.40409918350997,/24 deduplication,0.394688644688645,3.46073298429319
Oct 2026 data,2.40409918350997,ASN deduplication,0.484170139273749,3.46073298429319
Oct 2026 data,2.43200751326795,/24 deduplication,0.394688644688645,3.46073298429319
Oct 2026 data,2.43200751326795,ASN deduplication,0.481288145033302,3.46073298429319
Oct 2026 data,2.46023982086978,/24 deduplication,0.394688644688645,3.46073298429319
Oct 2026 data,2.46023982086978,ASN deduplication,0.478407395347964,3.46073298429319
Oct 2026 data,2.48879986725867,/24 deduplication,0.394688644688645,3.46073298429319
Oct 2026 data,2.48879986725867,ASN deduplication,0.475528081153053,3.46073298429319
Oct 2026 data,2.51769145703728,/24 deduplication,0.394688644688645,3.46073298429319
Oct 2026 data,2.51769145703728,ASN deduplication,0.472650393002534,3.46073298429319
Oct 2026 data,2.54691843897454,/24 deduplication,0.394688644688645,3.46073298429319
Oct 2026 data,2.54691843897454,ASN deduplication,0.469774521018738,3.46073298429319
Oct 2026 data,2.57648470651838,/24 deduplication,0.394688644688645,3.46073298429319
Oct 2026 data,2.57648470651838,ASN deduplication,0.466900654842332,3.46073298429319
Oct 2026 data,2.60639419831435,/24 deduplication,0.394688644688645,3.46073298429319
Oct 2026 data,2.60639419831435,ASN deduplication,0.464028983582552,3.46073298429319
Oct 2026 data,2.63665089873036,/24 deduplication,0.394688644688645,3.46073298429319
Oct 2026 data,2.63665089873036,ASN deduplication,0.461159695767736,3.46073298429319
Oct 2026 data,2.66725883838741,/24 deduplication,0.394688644688645,3.46073298429319
Oct 2026 data,2.66725883838741,ASN deduplication,0.458292979296188,3.46073298429319
Oct 2026 data,2.69822209469654,/24 deduplication,0.394688644688645,3.46073298429319
Oct 2026 data,2.69822209469654,ASN deduplication,0.455429021387391,3.46073298429319
Oct 2026 data,2.72954479240201,/24 deduplication,0.394688644688645,3.46073298429319
Oct 2026 data,2.72954479240201,ASN deduplication,0.452568008533597,3.46073298429319
Oct 2026 data,2.76123110413075,/24 deduplication,0.394688644688645,3.46073298429319
Oct 2026 data,2.76123110413075,ASN deduplication,0.44971012645183,3.46073298429319
Oct 2026 data,2.79328525094825,/24 deduplication,0.394688644688645,3.46073298429319
Oct 2026 data,2.79328525094825,ASN deduplication,0.446855560036314,3.46073298429319
Oct 2026 data,2.82571150292083,/24 deduplication,0.394688644688645,3.46073298429319
Oct 2026 data,2.82571150292083,ASN deduplication,0.444004493311361,3.46073298429319
Oct 2026 data,2.85851417968447,/24 deduplication,0.394688644688645,3.46073298429319
Oct 2026 data,2.85851417968447,ASN deduplication,0.441157109384742,3.46073298429319
Oct 2026 data,2.8916976510203,/24 deduplication,0.394688644688645,3.46073298429319
Oct 2026 data,2.8916976510203,ASN deduplication,0.438313590401565,3.46073298429319
Oct 2026 data,2.92526633743665,/24 deduplication,0.394688644688645,3.46073298429319
Oct 2026 data,2.92526633743665,ASN deduplication,0.435474117498679,3.46073298429319
Oct 2026 data,2.95922471075796,/24 deduplication,0.394688644688645,3.46073298429319
Oct 2026 data,2.95922471075796,ASN deduplication,0.432638870759643,3.46073298429319
Oct 2026 data,2.99357729472049,/24 deduplication,0.394688644688645,3.46073298429319
Oct 2026 data,2.99357729472049,ASN deduplication,0.429808029170261,3.46073298429319
Oct 2026 data,3.02832866557495,/24 deduplication,0.394688644688645,3.46073298429319
Oct 2026 data,3.02832866557495,ASN deduplication,0.426981770574726,3.46073298429319
Oct 2026 data,3.06348345269609,/24 deduplication,0.394688644688645,3.46073298429319
Oct 2026 data,3.06348345269609,ASN deduplication,0.424160271632382,3.46073298429319
Oct 2026 data,3.09904633919943,/24 deduplication,0.394688644688645,3.46073298429319
Oct 2026 data,3.09904633919943,ASN deduplication,0.42134370777513,3.46073298429319
Oct 2026 data,3.13502206256512,/24 deduplication,0.394688644688645,3.46073298429319
Oct 2026 data,3.13502206256512,ASN deduplication,0.418532253165504,3.46073298429319
Oct 2026 data,3.171415415269,/24 deduplication,0.394688644688645,3.46073298429319
Oct 2026 data,3.171415415269,ASN deduplication,0.415726080655421,3.46073298429319
Oct 2026 data,3.20823124542108,/24 deduplication,0.394688644688645,3.46073298429319
Oct 2026 data,3.20823124542108,ASN deduplication,0.412925361745648,3.46073298429319
Oct 2026 data,3.24547445741133,/24 deduplication,0.394688644688645,3.46073298429319
Oct 2026 data,3.24547445741133,ASN deduplication,0.410130266545983,3.46073298429319
Oct 2026 data,3.28315001256305,/24 deduplication,0.394688644688645,3.46073298429319
Oct 2026 data,3.28315001256305,ASN deduplication,0.407340963736181,3.46073298429319
Oct 2026 data,3.32126292979375,/24 deduplication,0.394688644688645,3.46073298429319
Oct 2026 data,3.32126292979375,ASN deduplication,0.40455762052764,3.46073298429319
Oct 2026 data,3.35981828628378,/24 deduplication,0.394688644688645,3.46073298429319
Oct 2026 data,3.35981828628378,ASN deduplication,0.401780402625864,3.46073298429319
Oct 2026 data,3.39882121815267,/24 deduplication,0.394688644688645,3.46073298429319
Oct 2026 data,3.39882121815267,ASN deduplication,0.399009474193718,3.46073298429319
Oct 2026 data,3.43827692114331,/24 deduplication,0.394688644688645,3.46073298429319
Oct 2026 data,3.43827692114331,ASN deduplication,0.396244997815485,3.46073298429319
Oct 2026 data,3.47819065131413,/24 deduplication,0.394688644688645,3.46073298429319
Oct 2026 data,3.47819065131413,ASN deduplication,0.393487134461761,3.46073298429319
Oct 2026 data,3.51856772573926,/24 deduplication,0.394688644688645,3.46073298429319
Oct 2026 data,3.51856772573926,ASN deduplication,0.390736043455168,3.46073298429319
Oct 2026 data,3.55941352321686,/24 deduplication,0.394688644688645,3.46073298429319
Oct 2026 data,3.55941352321686,ASN deduplication,0.387991882436937,3.46073298429319
Oct 2026 data,3.60073348498562,/24 deduplication,0.394688644688645,3.46073298429319
Oct 2026 data,3.60073348498562,ASN deduplication,0.385254807334336,3.46073298429319
Oct 2026 data,3.64253311544964,/24 deduplication,0.394688644688645,3.46073298429319
Oct 2026 data,3.64253311544964,ASN deduplication,0.382524972328988,3.46073298429319
Oct 2026 data,3.68481798291168,/24 deduplication,0.394688644688645,3.46073298429319
Oct 2026 data,3.68481798291168,ASN deduplication,0.37980252982607,3.46073298429319
Oct 2026 data,3.72759372031494,/24 deduplication,0.394688644688645,3.46073298429319
Oct 2026 data,3.72759372031494,ASN deduplication,0.377087630424402,3.46073298429319
Oct 2026 data,3.77086602599346,/24 deduplication,0.394688644688645,3.46073298429319
Oct 2026 data,3.77086602599346,ASN deduplication,0.374380422887458,3.46073298429319
Oct 2026 data,3.81464066443118,/24 deduplication,0.394688644688645,3.46073298429319
Oct 2026 data,3.81464066443118,ASN deduplication,0.371681054115277,3.46073298429319
Oct 2026 data,3.85892346702991,/24 deduplication,0.394688644688645,3.46073298429319
Oct 2026 data,3.85892346702991,ASN deduplication,0.368989669117308,3.46073298429319
Oct 2026 data,3.90372033288609,/24 deduplication,0.394688644688645,3.46073298429319
Oct 2026 data,3.90372033288609,ASN deduplication,0.36630641098618,3.46073298429319
Oct 2026 data,3.9490372295767,/24 deduplication,0.394688644688645,3.46073298429319
Oct 2026 data,3.9490372295767,ASN deduplication,0.363631420872417,3.46073298429319
Oct 2026 data,3.99488019395417,/24 deduplication,0.394688644688645,3.46073298429319
Oct 2026 data,3.99488019395417,ASN deduplication,0.360964837960089,3.46073298429319
Oct 2026 data,4.0412553329506,/24 deduplication,0.394688644688645,3.46073298429319
Oct 2026 data,4.0412553329506,ASN deduplication,0.358306799443418,3.46073298429319
Oct 2026 data,4.08816882439129,/24 deduplication,0.394688644688645,3.46073298429319
Oct 2026 data,4.08816882439129,ASN deduplication,0.355657440504336,3.46073298429319
Oct 2026 data,4.13562691781771,/24 deduplication,0.394688644688645,3.46073298429319
Oct 2026 data,4.13562691781771,ASN deduplication,0.353016894290995,3.46073298429319
Oct 2026 data,4.18363593532002,/24 deduplication,0.394688644688645,3.46073298429319
Oct 2026 data,4.18363593532002,ASN deduplication,0.35038529189725,3.46073298429319
Oct 2026 data,4.23220227237928,/24 deduplication,0.394688644688645,3.46073298429319
Oct 2026 data,4.23220227237928,ASN deduplication,0.34776276234309,3.46073298429319
Oct 2026 data,4.28133239871939,/24 deduplication,0.394688644688645,3.46073298429319
Oct 2026 data,4.28133239871939,ASN deduplication,0.345149432556044,3.46073298429319
Oct 2026 data,4.331032859169,/24 deduplication,0.394688644688645,3.46073298429319
Oct 2026 data,4.331032859169,ASN deduplication,0.342545427353545,3.46073298429319
Oct 2026 data,4.38131027453331,/24 deduplication,0.394688644688645,3.46073298429319
Oct 2026 data,4.38131027453331,ASN deduplication,0.339950869426264,3.46073298429319
Oct 2026 data,4.43217134247609,/24 deduplication,0.394688644688645,3.46073298429319
Oct 2026 data,4.43217134247609,ASN deduplication,0.337365879322405,3.46073298429319
Oct 2026 data,4.48362283841191,/24 deduplication,0.394688644688645,3.46073298429319
Oct 2026 data,4.48362283841191,ASN deduplication,0.334790575432963,3.46073298429319
Oct 2026 data,4.53567161640871,/24 deduplication,0.394688644688645,3.46073298429319
Oct 2026 data,4.53567161640871,ASN deduplication,0.332225073977949,3.46073298429319
Oct 2026 data,4.58832461010085,/24 deduplication,0.394688644688645,3.46073298429319
Oct 2026 data,4.58832461010085,ASN deduplication,0.329669488993566,3.46073298429319
Oct 2026 data,4.64158883361278,/24 deduplication,0.394688644688645,3.46073298429319
Oct 2026 data,4.64158883361278,ASN deduplication,0.327123932320344,3.46073298429319
Oct 2026 data,4.69547138249343,/24 deduplication,0.394688644688645,3.46073298429319
Oct 2026 data,4.69547138249343,ASN deduplication,0.324588513592227,3.46073298429319
Oct 2026 data,4.74997943466141,/24 deduplication,0.394688644688645,3.46073298429319
Oct 2026 data,4.74997943466141,ASN deduplication,0.322063340226604,3.46073298429319
Oct 2026 data,4.80512025136124,/24 deduplication,0.394688644688645,3.46073298429319
Oct 2026 data,4.80512025136124,ASN deduplication,0.319548517415288,3.46073298429319
Oct 2026 data,4.86090117813063,/24 deduplication,0.394688644688645,3.46073298429319
Oct 2026 data,4.86090117813063,ASN deduplication,0.317044148116423,3.46073298429319
Oct 2026 data,4.91732964577902,/24 deduplication,0.394688644688645,3.46073298429319
Oct 2026 data,4.91732964577902,ASN deduplication,0.314550333047323,3.46073298429319
Oct 2026 data,4.97441317137746,/24 deduplication,0.394688644688645,3.46073298429319
Oct 2026 data,4.97441317137746,ASN deduplication,0.312067170678239,3.46073298429319
Oct 2026 data,5.03215935925999,/24 deduplication,0.394688644688645,3.46073298429319
Oct 2026 data,5.03215935925999,ASN deduplication,0.309594757227034,3.46073298429319
Oct 2026 data,5.09057590203669,/24 deduplication,0.394688644688645,3.46073298429319
Oct 2026 data,5.09057590203669,ASN deduplication,0.307133186654768,3.46073298429319
Oct 2026 data,5.14967058161834,/24 deduplication,0.394688644688645,3.46073298429319
Oct 2026 data,5.14967058161834,ASN deduplication,0.304682550662183,3.46073298429319
Oct 2026 data,5.20945127025321,/24 deduplication,0.394688644688645,3.46073298429319
Oct 2026 data,5.20945127025321,ASN deduplication,0.302242938687073,3.46073298429319
Oct 2026 data,5.26992593157566,/24 deduplication,0.394688644688645,3.46073298429319
Oct 2026 data,5.26992593157566,ASN deduplication,0.29981443790254,3.46073298429319
Oct 2026 data,5.33110262166704,/24 deduplication,0.394688644688645,3.46073298429319
Oct 2026 data,5.33110262166704,ASN deduplication,0.297397133216114,3.46073298429319
Oct 2026 data,5.39298949012887,/24 deduplication,0.394688644688645,3.46073298429319
Oct 2026 data,5.39298949012887,ASN deduplication,0.294991107269733,3.46073298429319
Oct 2026 data,5.45559478116852,/24 deduplication,0.394688644688645,3.46073298429319
Oct 2026 data,5.45559478116852,ASN deduplication,0.292596440440575,3.46073298429319
Oct 2026 data,5.51892683469738,/24 deduplication,0.394688644688645,3.46073298429319
Oct 2026 data,5.51892683469738,ASN deduplication,0.290213210842723,3.46073298429319
Oct 2026 data,5.58299408744192,/24 deduplication,0.394688644688645,3.46073298429319
Oct 2026 data,5.58299408744192,ASN deduplication,0.287841494329657,3.46073298429319
Oct 2026 data,5.64780507406756,/24 deduplication,0.394688644688645,3.46073298429319
Oct 2026 data,5.64780507406756,ASN deduplication,0.285481364497554,3.46073298429319
Oct 2026 data,5.71336842831558,/24 deduplication,0.394688644688645,3.46073298429319
Oct 2026 data,5.71336842831558,ASN deduplication,0.283132892689397,3.46073298429319
Oct 2026 data,5.77969288415332,/24 deduplication,0.394688644688645,3.46073298429319
Oct 2026 data,5.77969288415332,ASN deduplication,0.280796147999861,3.46073298429319
Oct 2026 data,5.84678727693759,/24 deduplication,0.394688644688645,3.46073298429319
Oct 2026 data,5.84678727693759,ASN deduplication,0.27847119728098,3.46073298429319
Oct 2026 data,5.91466054459175,/24 deduplication,0.394688644688645,3.46073298429319
Oct 2026 data,5.91466054459175,ASN deduplication,0.276158105148568,3.46073298429319
Oct 2026 data,5.98332172879629,/24 deduplication,0.394688644688645,3.46073298429319
Oct 2026 data,5.98332172879629,ASN deduplication,0.273856933989394,3.46073298429319
Oct 2026 data,6.05277997619335,/24 deduplication,0.394688644688645,3.46073298429319
Oct 2026 data,6.05277997619335,ASN deduplication,0.271567743969081,3.46073298429319
Oct 2026 data,6.12304453960519,/24 deduplication,0.394688644688645,3.46073298429319
Oct 2026 data,6.12304453960519,ASN deduplication,0.269290593040726,3.46073298429319
Oct 2026 data,6.19412477926676,/24 deduplication,0.394688644688645,3.46073298429319
Oct 2026 data,6.19412477926676,ASN deduplication,0.267025536954225,3.46073298429319
Oct 2026 data,6.26603016407266,/24 deduplication,0.394688644688645,3.46073298429319
Oct 2026 data,6.26603016407266,ASN deduplication,0.264772629266278,3.46073298429319
Oct 2026 data,6.33877027283849,/24 deduplication,0.394688644688645,3.46073298429319
Oct 2026 data,6.33877027283849,ASN deduplication,0.262531921351072,3.46073298429319
Oct 2026 data,6.41235479557692,/24 deduplication,0.394688644688645,3.46073298429319
Oct 2026 data,6.41235479557692,ASN deduplication,0.260303462411626,3.46073298429319
Oct 2026 data,6.48679353478851,/24 deduplication,0.394688644688645,3.46073298429319
Oct 2026 data,6.48679353478851,ASN deduplication,0.258087299491762,3.46073298429319
Oct 2026 data,6.56209640676756,/24 deduplication,0.394688644688645,3.46073298429319
Oct 2026 data,6.56209640676756,ASN deduplication,0.255883477488718,3.46073298429319
Oct 2026 data,6.63827344292308,/24 deduplication,0.394688644688645,3.46073298429319
Oct 2026 data,6.63827344292308,ASN deduplication,0.25369203916636,3.46073298429319
Oct 2026 data,6.71533479111515,/24 deduplication,0.394688644688645,3.46073298429319
Oct 2026 data,6.71533479111515,ASN deduplication,0.251513025168991,3.46073298429319
Oct 2026 data,6.7932907170067,/24 deduplication,0.394688644688645,3.46073298429319
Oct 2026 data,6.7932907170067,ASN deduplication,0.249346474035737,3.46073298429319
Oct 2026 data,6.87215160543112,/24 deduplication,0.394688644688645,3.46073298429319
Oct 2026 data,6.87215160543112,ASN deduplication,0.247192422215498,3.46073298429319
Oct 2026 data,6.95192796177561,/24 deduplication,0.394688644688645,3.46073298429319
Oct 2026 data,6.95192796177561,ASN deduplication,0.245050904082434,3.46073298429319
Oct 2026 data,7.03263041338065,/24 deduplication,0.394688644688645,3.46073298429319
Oct 2026 data,7.03263041338065,ASN deduplication,0.242921951951989,3.46073298429319
Oct 2026 data,7.11426971095574,/24 deduplication,0.394688644688645,3.46073298429319
Oct 2026 data,7.11426971095574,ASN deduplication,0.240805596097425,3.46073298429319
Oct 2026 data,7.19685673001152,/24 deduplication,0.394688644688645,3.46073298429319
Oct 2026 data,7.19685673001152,ASN deduplication,0.238701864766844,3.46073298429319
Oct 2026 data,7.28040247230857,/24 deduplication,0.394688644688645,3.46073298429319
Oct 2026 data,7.28040247230857,ASN deduplication,0.236610784200698,3.46073298429319
Oct 2026 data,7.36491806732297,/24 deduplication,0.394688644688645,3.46073298429319
Oct 2026 data,7.36491806732297,ASN deduplication,0.234532378649756,3.46073298429319
Oct 2026 data,7.45041477372891,/24 deduplication,0.394688644688645,3.46073298429319
Oct 2026 data,7.45041477372891,ASN deduplication,0.232466670393519,3.46073298429319
Oct 2026 data,7.53690398089854,/24 deduplication,0.394688644688645,3.46073298429319
Oct 2026 data,7.53690398089854,ASN deduplication,0.230413679759061,3.46073298429319
Oct 2026 data,7.62439721041914,/24 deduplication,0.394688644688645,3.46073298429319
Oct 2026 data,7.62439721041914,ASN deduplication,0.228373425140289,3.46073298429319
Oct 2026 data,7.712906117628,/24 deduplication,0.394688644688645,3.46073298429319
Oct 2026 data,7.712906117628,ASN deduplication,0.226345923017588,3.46073298429319
Oct 2026 data,7.80244249316505,/24 deduplication,0.394688644688645,3.46073298429319
Oct 2026 data,7.80244249316505,ASN deduplication,0.224331187977859,3.46073298429319
Oct 2026 data,7.89301826454358,/24 deduplication,0.394688644688645,3.46073298429319
Oct 2026 data,7.89301826454358,ASN deduplication,0.22232923273491,3.46073298429319
Oct 2026 data,7.98464549773909,/24 deduplication,0.394688644688645,3.46073298429319
Oct 2026 data,7.98464549773909,ASN deduplication,0.220340068150202,3.46073298429319
Oct 2026 data,8.07733639879672,/24 deduplication,0.394688644688645,3.46073298429319
Oct 2026 data,8.07733639879672,ASN deduplication,0.218363703253917,3.46073298429319
Oct 2026 data,8.1711033154572,/24 deduplication,0.394688644688645,3.46073298429319
Oct 2026 data,8.1711033154572,ASN deduplication,0.216400145266353,3.46073298429319
Oct 2026 data,8.26595873880181,/24 deduplication,0.394688644688645,3.46073298429319
Oct 2026 data,8.26595873880181,ASN deduplication,0.214449399619607,3.46073298429319
Oct 2026 data,8.36191530491632,/24 deduplication,0.394688644688645,3.46073298429319
Oct 2026 data,8.36191530491632,ASN deduplication,0.212511469979546,3.46073298429319
Oct 2026 data,8.45898579657431,/24 deduplication,0.394688644688645,3.46073298429319
Oct 2026 data,8.45898579657431,ASN deduplication,0.210586358268049,3.46073298429319
Oct 2026 data,8.55718314494001,/24 deduplication,0.394688644688645,3.46073298429319
Oct 2026 data,8.55718314494001,ASN deduplication,0.208674064685495,3.46073298429319
Oct 2026 data,8.65652043129095,/24 deduplication,0.394688644688645,3.46073298429319
Oct 2026 data,8.65652043129095,ASN deduplication,0.206774587733491,3.46073298429319
Oct 2026 data,8.75701088876051,/24 deduplication,0.394688644688645,3.46073298429319
Oct 2026 data,8.75701088876051,ASN deduplication,0.204887924237824,3.46073298429319
Oct 2026 data,8.85866790410083,/24 deduplication,0.394688644688645,3.46073298429319
Oct 2026 data,8.85866790410083,ASN deduplication,0.203014069371614,3.46073298429319
Oct 2026 data,8.96150501946605,/24 deduplication,0.394688644688645,3.46073298429319
Oct 2026 data,8.96150501946605,ASN deduplication,0.201153016678663,3.46073298429319
Oct 2026 data,9.06553593421636,/24 deduplication,0.394688644688645,3.46073298429319
Oct 2026 data,9.06553593421636,ASN deduplication,0.199304758096982,3.46073298429319
Oct 2026 data,9.17077450674294,/24 deduplication,0.394688644688645,3.46073298429319
Oct 2026 data,9.17077450674294,ASN deduplication,0.197469283982476,3.46073298429319
Oct 2026 data,9.27723475631407,/24 deduplication,0.394688644688645,3.46073298429319
Oct 2026 data,9.27723475631407,ASN deduplication,0.195646583132785,3.46073298429319
Oct 2026 data,9.38493086494273,/24 deduplication,0.394688644688645,3.46073298429319
Oct 2026 data,9.38493086494273,ASN deduplication,0.19383664281125,3.46073298429319
Oct 2026 data,9.49387717927583,/24 deduplication,0.394688644688645,3.46073298429319
Oct 2026 data,9.49387717927583,ASN deduplication,0.192039448771012,3.46073298429319
Oct 2026 data,9.60408821250538,/24 deduplication,0.394688644688645,3.46073298429319
Oct 2026 data,9.60408821250538,ASN deduplication,0.190254985279204,3.46073298429319
Oct 2026 data,9.71557864630187,/24 deduplication,0.394688644688645,3.46073298429319
Oct 2026 data,9.71557864630187,ASN deduplication,0.188483235141248,3.46073298429319
Oct 2026 data,9.82836333277003,/24 deduplication,0.394688644688645,3.46073298429319
Oct 2026 data,9.82836333277003,ASN deduplication,0.18672417972523,3.46073298429319
Oct 2026 data,9.94245729642742,/24 deduplication,0.394688644688645,3.46073298429319
Oct 2026 data,9.94245729642742,ASN deduplication,0.184977798986341,3.46073298429319
Oct 2026 data,10.0578757362058,/24 deduplication,0.394688644688645,3.46073298429319
Oct 2026 data,10.0578757362058,ASN deduplication,0.183244071491372,3.46073298429319
Oct 2026 data,10.1746340274761,/24 deduplication,0.394688644688645,3.46073298429319
Oct 2026 data,10.1746340274761,ASN deduplication,0.181522974443257,3.46073298429319
Oct 2026 data,10.2927477240961,/24 deduplication,0.394688644688645,3.46073298429319
Oct 2026 data,10.2927477240961,ASN deduplication,0.179814483705643,3.46073298429319
Oct 2026 data,10.4122325604831,/24 deduplication,0.394688644688645,3.46073298429319
Oct 2026 data,10.4122325604831,ASN deduplication,0.178118573827479,3.46073298429319
Oct 2026 data,10.5331044537094,/24 deduplication,0.394688644688645,3.46073298429319
Oct 2026 data,10.5331044537094,ASN deduplication,0.176435218067613,3.46073298429319
Oct 2026 data,10.6553795056231,/24 deduplication,0.394688644688645,3.46073298429319
Oct 2026 data,10.6553795056231,ASN deduplication,0.174764388419386,3.46073298429319
Oct 2026 data,10.7790740049927,/24 deduplication,0.394688644688645,3.46073298429319
Oct 2026 data,10.7790740049927,ASN deduplication,0.17310605563521,3.46073298429319
Oct 2026 data,10.9042044296775,/24 deduplication,0.394688644688645,3.46073298429319
Oct 2026 data,10.9042044296775,ASN deduplication,0.171460189251118,3.46073298429319
Oct 2026 data,11.0307874488222,/24 deduplication,0.394688644688645,3.46073298429319
Oct 2026 data,11.0307874488222,ASN deduplication,0.169826757611279,3.46073298429319
Oct 2026 data,11.1588399250775,/24 deduplication,0.394688644688645,3.46073298429319
Oct 2026 data,11.1588399250775,ASN deduplication,0.168205727892471,3.46073298429319
Oct 2026 data,11.2883789168469,/24 deduplication,0.394688644688645,3.46073298429319
Oct 2026 data,11.2883789168469,ASN deduplication,0.166597066128483,3.46073298429319
Oct 2026 data,11.4194216805587,/24 deduplication,0.394688644688645,3.46073298429319
Oct 2026 data,11.4194216805587,ASN deduplication,0.16500073723447,3.46073298429319
Oct 2026 data,11.5519856729648,/24 deduplication,0.394688644688645,3.46073298429319
Oct 2026 data,11.5519856729648,ASN deduplication,0.163416705031214,3.46073298429319
Oct 2026 data,11.6860885534665,/24 deduplication,0.394688644688645,3.46073298429319
Oct 2026 data,11.6860885534665,ASN deduplication,0.161844932269309,3.46073298429319
Oct 2026 data,11.8217481864667,/24 deduplication,0.394688644688645,3.46073298429319
Oct 2026 data,11.8217481864667,ASN deduplication,0.160285380653252,3.46073298429319
Oct 2026 data,11.9589826437498,/24 deduplication,0.394688644688645,3.46073298429319
Oct 2026 data,11.9589826437498,ASN deduplication,0.158738010865422,3.46073298429319
Oct 2026 data,12.097810206889,/24 deduplication,0.394688644688645,3.46073298429319
Oct 2026 data,12.097810206889,ASN deduplication,0.157202782589962,3.46073298429319
Oct 2026 data,12.2382493696819,/24 deduplication,0.394688644688645,3.46073298429319
Oct 2026 data,12.2382493696819,ASN deduplication,0.155679654536528,3.46073298429319
Oct 2026 data,12.380318840614,/24 deduplication,0.394688644688645,3.46073298429319
Oct 2026 data,12.380318840614,ASN deduplication,0.154168584463914,3.46073298429319
Oct 2026 data,12.5240375453507,/24 deduplication,0.394688644688645,3.46073298429319
Oct 2026 data,12.5240375453507,ASN deduplication,0.15266952920355,3.46073298429319
Oct 2026 data,12.6694246292591,/24 deduplication,0.394688644688645,3.46073298429319
Oct 2026 data,12.6694246292591,ASN deduplication,0.151182444682843,3.46073298429319
Oct 2026 data,12.8164994599576,/24 deduplication,0.394688644688645,3.46073298429319
Oct 2026 data,12.8164994599576,ASN deduplication,0.149707285948382,3.46073298429319
Oct 2026 data,12.9652816298967,/24 deduplication,0.394688644688645,3.46073298429319
Oct 2026 data,12.9652816298967,ASN deduplication,0.148244007188975,3.46073298429319
Oct 2026 data,13.1157909589685,/24 deduplication,0.394688644688645,3.46073298429319
Oct 2026 data,13.1157909589685,ASN deduplication,0.146792561758533,3.46073298429319
Oct 2026 data,13.2680474971473,/24 deduplication,0.394688644688645,3.46073298429319
Oct 2026 data,13.2680474971473,ASN deduplication,0.145352902198779,3.46073298429319
Oct 2026 data,13.4220715271601,/24 deduplication,0.394688644688645,3.46073298429319
Oct 2026 data,13.4220715271601,ASN deduplication,0.143924980261779,3.46073298429319
Oct 2026 data,13.5778835671893,/24 deduplication,0.394688644688645,3.46073298429319
Oct 2026 data,13.5778835671893,ASN deduplication,0.142508746932297,3.46073298429319
Oct 2026 data,13.7355043736051,/24 deduplication,0.394688644688645,3.46073298429319
Oct 2026 data,13.7355043736051,ASN deduplication,0.141104152449962,3.46073298429319
Oct 2026 data,13.8949549437314,/24 deduplication,0.394688644688645,3.46073298429319
Oct 2026 data,13.8949549437314,ASN deduplication,0.139711146331238,3.46073298429319
Oct 2026 data,14.0562565186422,/24 deduplication,0.394688644688645,3.46073298429319
Oct 2026 data,14.0562565186422,ASN deduplication,0.138329677391204,3.46073298429319
Oct 2026 data,14.2194305859917,/24 deduplication,0.394688644688645,3.46073298429319
Oct 2026 data,14.2194305859917,ASN deduplication,0.136959693765126,3.46073298429319
Oct 2026 data,14.3844988828766,/24 deduplication,0.394688644688645,3.46073298429319
Oct 2026 data,14.3844988828766,ASN deduplication,0.135601142929822,3.46073298429319
Oct 2026 data,14.5514833987319,/24 deduplication,0.394688644688645,3.46073298429319
Oct 2026 data,14.5514833987319,ASN deduplication,0.13425397172482,3.46073298429319
Oct 2026 data,14.72040637826,/24 deduplication,0.394688644688645,3.46073298429319
Oct 2026 data,14.72040637826,ASN deduplication,0.132918126373299,3.46073298429319
Oct 2026 data,14.8912903243941,/24 deduplication,0.394688644688645,3.46073298429319
Oct 2026 data,14.8912903243941,ASN deduplication,0.131593552502804,3.46073298429319
Oct 2026 data,15.0641580012959,/24 deduplication,0.394688644688645,3.46073298429319
Oct 2026 data,15.0641580012959,ASN deduplication,0.130280195165752,3.46073298429319
Oct 2026 data,15.2390324373883,/24 deduplication,0.394688644688645,3.46073298429319
Oct 2026 data,15.2390324373883,ASN deduplication,0.128977998859694,3.46073298429319
Oct 2026 data,15.4159369284227,/24 deduplication,0.394688644688645,3.46073298429319
Oct 2026 data,15.4159369284227,ASN deduplication,0.127686907547365,3.46073298429319
Oct 2026 data,15.5948950405828,/24 deduplication,0.394688644688645,3.46073298429319
Oct 2026 data,15.5948950405828,ASN deduplication,0.126406864676484,3.46073298429319
Oct 2026 data,15.7759306136236,/24 deduplication,0.394688644688645,3.46073298429319
Oct 2026 data,15.7759306136236,ASN deduplication,0.125137813199331,3.46073298429319
Oct 2026 data,15.9590677640473,/24 deduplication,0.394688644688645,3.46073298429319
Oct 2026 data,15.9590677640473,ASN deduplication,0.123879695592078,3.46073298429319
Oct 2026 data,16.144330888316,/24 deduplication,0.394688644688645,3.46073298429319
Oct 2026 data,16.144330888316,ASN deduplication,0.122632453873885,3.46073298429319
Oct 2026 data,16.3317446661017,/24 deduplication,0.394688644688645,3.46073298429319
Oct 2026 data,16.3317446661017,ASN deduplication,0.121396029625746,3.46073298429319
Oct 2026 data,16.5213340635737,/24 deduplication,0.394688644688645,3.46073298429319
Oct 2026 data,16.5213340635737,ASN deduplication,0.120170364009094,3.46073298429319
Oct 2026 data,16.7131243367249,/24 deduplication,0.394688644688645,3.46073298429319
Oct 2026 data,16.7131243367249,ASN deduplication,0.11895539778416,3.46073298429319
Oct 2026 data,16.9071410347358,/24 deduplication,0.394688644688645,3.46073298429319
Oct 2026 data,16.9071410347358,ASN deduplication,0.117751071328079,3.46073298429319
Oct 2026 data,17.1034100033784,/24 deduplication,0.394688644688645,3.46073298429319
Oct 2026 data,17.1034100033784,ASN deduplication,0.116557324652746,3.46073298429319
Oct 2026 data,17.3019573884589,/24 deduplication,0.394688644688645,3.46073298429319
Oct 2026 data,17.3019573884589,ASN deduplication,0.115374097422426,3.46073298429319
Oct 2026 data,17.502809639301,/24 deduplication,0.394688644688645,3.46073298429319
Oct 2026 data,17.502809639301,ASN deduplication,0.114201328971103,3.46073298429319
Oct 2026 data,17.705993512269,/24 deduplication,0.394688644688645,3.46073298429319
Oct 2026 data,17.705993512269,ASN deduplication,0.113038958319579,3.46073298429319
Oct 2026 data,17.9115360743323,/24 deduplication,0.394688644688645,3.46073298429319
Oct 2026 data,17.9115360743323,ASN deduplication,0.111886924192319,3.46073298429319
Oct 2026 data,18.1194647066713,/24 deduplication,0.394688644688645,3.46073298429319
Oct 2026 data,18.1194647066713,ASN deduplication,0.110745165034038,3.46073298429319
Oct 2026 data,18.3298071083244,/24 deduplication,0.394688644688645,3.46073298429319
Oct 2026 data,18.3298071083244,ASN deduplication,0.109613619026034,3.46073298429319
Oct 2026 data,18.5425912998785,/24 deduplication,0.394688644688645,3.46073298429319
Oct 2026 data,18.5425912998785,ASN deduplication,0.108492224102261,3.46073298429319
Oct 2026 data,18.7578456272016,/24 deduplication,0.394688644688645,3.46073298429319
Oct 2026 data,18.7578456272016,ASN deduplication,0.10738091796515,3.46073298429319
Oct 2026 data,18.9755987652185,/24 deduplication,0.394688644688645,3.46073298429319
Oct 2026 data,18.9755987652185,ASN deduplication,0.106279638101168,3.46073298429319
Oct 2026 data,19.1958797217311,/24 deduplication,0.394688644688645,3.46073298429319
Oct 2026 data,19.1958797217311,ASN deduplication,0.105188321796125,3.46073298429319
Oct 2026 data,19.4187178412826,/24 deduplication,0.394688644688645,3.46073298429319
Oct 2026 data,19.4187178412826,ASN deduplication,0.104106906150219,3.46073298429319
Oct 2026 data,19.6441428090663,/24 deduplication,0.394688644688645,3.46073298429319
Oct 2026 data,19.6441428090663,ASN deduplication,0.103035328092828,3.46073298429319
Oct 2026 data,19.8721846548806,/24 deduplication,0.394688644688645,3.46073298429319
Oct 2026 data,19.8721846548806,ASN deduplication,0.101973524397047,3.46073298429319
Oct 2026 data,20.1028737571289,/24 deduplication,0.394688644688645,3.46073298429319
Oct 2026 data,20.1028737571289,ASN deduplication,0.100921431693964,3.46073298429319
Oct 2026 data,20.3362408468667,/24 deduplication,0.394688644688645,3.46073298429319
Oct 2026 data,20.3362408468667,ASN deduplication,0.0998789864866876,3.46073298429319
Oct 2026 data,20.5723170118956,/24 deduplication,0.394688644688645,3.46073298429319
Oct 2026 data,20.5723170118956,ASN deduplication,0.0988461251641134,3.46073298429319
Oct 2026 data,20.811133700904,/24 deduplication,0.394688644688645,3.46073298429319
Oct 2026 data,20.811133700904,ASN deduplication,0.0978227840144437,3.46073298429319
Oct 2026 data,21.0527227276571,/24 deduplication,0.394688644688645,3.46073298429319
Oct 2026 data,21.0527227276571,ASN deduplication,0.0968088992384506,3.46073298429319
Oct 2026 data,21.2971162752348,/24 deduplication,0.394688644688645,3.46073298429319
Oct 2026 data,21.2971162752348,ASN deduplication,0.0958044069624888,3.46073298429319
Oct 2026 data,21.5443469003188,/24 deduplication,0.394688644688645,3.46073298429319
Oct 2026 data,21.5443469003188,ASN deduplication,0.0948092432512582,3.46073298429319
Oct 2026 data,21.7944475375299,/24 deduplication,0.394688644688645,3.46073298429319
Oct 2026 data,21.7944475375299,ASN deduplication,0.0938233441203179,3.46073298429319
Oct 2026 data,22.0474515038148,/24 deduplication,0.394688644688645,3.46073298429319
Oct 2026 data,22.0474515038148,ASN deduplication,0.0928466455483518,3.46073298429319
Oct 2026 data,22.303392502885,/24 deduplication,0.394688644688645,3.46073298429319
Oct 2026 data,22.303392502885,ASN deduplication,0.0918790834891885,3.46073298429319
Oct 2026 data,22.5623046297064,/24 deduplication,0.394688644688645,3.46073298429319
Oct 2026 data,22.5623046297064,ASN deduplication,0.0909205938835766,3.46073298429319
Oct 2026 data,22.824222375041,/24 deduplication,0.394688644688645,3.46073298429319
Oct 2026 data,22.824222375041,ASN deduplication,0.089971112670716,3.46073298429319
Oct 2026 data,23.0891806300419,/24 deduplication,0.394688644688645,3.46073298429319
Oct 2026 data,23.0891806300419,ASN deduplication,0.0890305757995491,3.46073298429319
Oct 2026 data,23.3572146909012,/24 deduplication,0.394688644688645,3.46073298429319
Oct 2026 data,23.3572146909012,ASN deduplication,0.088098919239811,3.46073298429319
Oct 2026 data,23.6283602635518,/24 deduplication,0.394688644688645,3.46073298429319
Oct 2026 data,23.6283602635518,ASN deduplication,0.0871760789928424,3.46073298429319
Oct 2026 data,23.9026534684239,/24 deduplication,0.394688644688645,3.46073298429319
Oct 2026 data,23.9026534684239,ASN deduplication,0.086261991102166,3.46073298429319
Oct 2026 data,24.1801308452572,/24 deduplication,0.394688644688645,3.46073298429319
Oct 2026 data,24.1801308452572,ASN deduplication,0.0853565916638297,3.46073298429319
Oct 2026 data,24.460829357968,/24 deduplication,0.394688644688645,3.46073298429319
Oct 2026 data,24.460829357968,ASN deduplication,0.0844598168365161,3.46073298429319
Oct 2026 data,24.7447863995735,/24 deduplication,0.394688644688645,3.46073298429319
Oct 2026 data,24.7447863995735,ASN deduplication,0.0835716028514234,3.46073298429319
Oct 2026 data,25.0320397971733,/24 deduplication,0.394688644688645,3.46073298429319
Oct 2026 data,25.0320397971733,ASN deduplication,0.0826918860219172,3.46073298429319
Oct 2026 data,25.322627816988,/24 deduplication,0.394688644688645,3.46073298429319
Oct 2026 data,25.322627816988,ASN deduplication,0.0818206027529567,3.46073298429319
Oct 2026 data,25.6165891694573,/24 deduplication,0.394688644688645,3.46073298429319
Oct 2026 data,25.6165891694573,ASN deduplication,0.0809576895502976,3.46073298429319
Oct 2026 data,25.9139630143966,/24 deduplication,0.394688644688645,3.46073298429319
Oct 2026 data,25.9139630143966,ASN deduplication,0.0801030830294731,3.46073298429319
Oct 2026 data,26.2147889662136,/24 deduplication,0.394688644688645,3.46073298429319
Oct 2026 data,26.2147889662136,ASN deduplication,0.0792567199245559,3.46073298429319
Oct 2026 data,26.5191070991854,/24 deduplication,0.394688644688645,3.46073298429319
Oct 2026 data,26.5191070991854,ASN deduplication,0.0784185370967029,3.46073298429319
Oct 2026 data,26.8269579527973,/24 deduplication,0.394688644688645,3.46073298429319
Oct 2026 data,26.8269579527973,ASN deduplication,0.0775884715424862,3.46073298429319
Oct 2026 data,27.1383825371428,/24 deduplication,0.394688644688645,3.46073298429319
Oct 2026 data,27.1383825371428,ASN deduplication,0.0767664604020115,3.46073298429319
Oct 2026 data,27.4534223383872,/24 deduplication,0.394688644688645,3.46073298429319
Oct 2026 data,27.4534223383872,ASN deduplication,0.0759524409668265,3.46073298429319
Oct 2026 data,27.7721193242936,/24 deduplication,0.394688644688645,3.46073298429319
Oct 2026 data,27.7721193242936,ASN deduplication,0.0751463506876223,3.46073298429319
Oct 2026 data,28.0945159498141,/24 deduplication,0.394688644688645,3.46073298429319
Oct 2026 data,28.0945159498141,ASN deduplication,0.0743481271817306,3.46073298429319
Oct 2026 data,28.4206551627451,/24 deduplication,0.394688644688645,3.46073298429319
Oct 2026 data,28.4206551627451,ASN deduplication,0.0735577082404175,3.46073298429319
Oct 2026 data,28.7505804094488,/24 deduplication,0.394688644688645,3.46073298429319
Oct 2026 data,28.7505804094488,ASN deduplication,0.0727750318359782,3.46073298429319
Oct 2026 data,29.0843356406405,/24 deduplication,0.394688644688645,3.46073298429319
Oct 2026 data,29.0843356406405,ASN deduplication,0.0720000361286345,3.46073298429319
Oct 2026 data,29.4219653172438,/24 deduplication,0.394688644688645,3.46073298429319
Oct 2026 data,29.4219653172438,ASN deduplication,0.0712326594732372,3.46073298429319
Oct 2026 data,29.7635144163132,/24 deduplication,0.394688644688645,3.46073298429319
Oct 2026 data,29.7635144163132,ASN deduplication,0.070472840425777,3.46073298429319
Oct 2026 data,30.1090284370259,/24 deduplication,0.394688644688645,3.46073298429319
Oct 2026 data,30.1090284370259,ASN deduplication,0.0697205177497049,3.46073298429319
Oct 2026 data,30.4585534067429,/24 deduplication,0.394688644688645,3.46073298429319
Oct 2026 data,30.4585534067429,ASN deduplication,0.0689756304220671,3.46073298429319
Oct 2026 data,30.81213588714,/24 deduplication,0.394688644688645,3.46073298429319
Oct 2026 data,30.81213588714,ASN deduplication,0.068238117639454,3.46073298429319
Oct 2026 data,31.1698229804115,/24 deduplication,0.394688644688645,3.46073298429319
Oct 2026 data,31.1698229804115,ASN deduplication,0.0675079188237687,3.46073298429319
Oct 2026 data,31.5316623355437,/24 deduplication,0.394688644688645,3.46073298429319
Oct 2026 data,31.5316623355437,ASN deduplication,0.0667849736278159,3.46073298429319
Oct 2026 data,31.8977021546632,/24 deduplication,0.394688644688645,3.46073298429319
Oct 2026 data,31.8977021546632,ASN deduplication,0.0660692219407143,3.46073298429319
Oct 2026 data,32.2679911994581,/24 deduplication,0.394688644688645,3.46073298429319
Oct 2026 data,32.2679911994581,ASN deduplication,0.0653606038931356,3.46073298429319
Oct 2026 data,32.6425787976732,/24 deduplication,0.394688644688645,3.46073298429319
Oct 2026 data,32.6425787976732,ASN deduplication,0.0646590598623715,3.46073298429319
Oct 2026 data,33.0215148496818,/24 deduplication,0.394688644688645,3.46073298429319
Oct 2026 data,33.0215148496818,ASN deduplication,0.063964530477233,3.46073298429319
Oct 2026 data,33.4048498351325,/24 deduplication,0.394688644688645,3.46073298429319
Oct 2026 data,33.4048498351325,ASN deduplication,0.0632769566227835,3.46073298429319
Oct 2026 data,33.7926348196743,/24 deduplication,0.394688644688645,3.46073298429319
Oct 2026 data,33.7926348196743,ASN deduplication,0.0625962794449081,3.46073298429319
Oct 2026 data,34.1849214617593,/24 deduplication,0.394688644688645,3.46073298429319
Oct 2026 data,34.1849214617593,ASN deduplication,0.0619224403547228,3.46073298429319
Oct 2026 data,34.5817620195238,/24 deduplication,0.394688644688645,3.46073298429319
Oct 2026 data,34.5817620195238,ASN deduplication,0.0612553810328254,3.46073298429319
Oct 2026 data,34.9832093577504,/24 deduplication,0.394688644688645,3.46073298429319
Oct 2026 data,34.9832093577504,ASN deduplication,0.060595043433391,3.46073298429319
Oct 2026 data,35.3893169549099,/24 deduplication,0.394688644688645,3.46073298429319
Oct 2026 data,35.3893169549099,ASN deduplication,0.0599413697881146,3.46073298429319
Oct 2026 data,35.8001389102858,/24 deduplication,0.394688644688645,3.46073298429319
Oct 2026 data,35.8001389102858,ASN deduplication,0.0592943026100033,3.46073298429319
Oct 2026 data,36.2157299511808,/24 deduplication,0.394688644688645,3.46073298429319
Oct 2026 data,36.2157299511808,ASN deduplication,0.058653784697021,3.46073298429319
Oct 2026 data,36.6361454402072,/24 deduplication,0.394688644688645,3.46073298429319
Oct 2026 data,36.6361454402072,ASN deduplication,0.0580197591355877,3.46073298429319
Oct 2026 data,37.0614413826623,/24 deduplication,0.394688644688645,3.46073298429319
Oct 2026 data,37.0614413826623,ASN deduplication,0.057392169303937,3.46073298429319
Oct 2026 data,37.4916744339889,/24 deduplication,0.394688644688645,3.46073298429319
Oct 2026 data,37.4916744339889,ASN deduplication,0.0567709588753322,3.46073298429319
Oct 2026 data,37.9269019073225,/24 deduplication,0.394688644688645,3.46073298429319
Oct 2026 data,37.9269019073225,ASN deduplication,0.0561560718211465,3.46073298429319
Oct 2026 data,38.3671817811265,/24 deduplication,0.394688644688645,3.46073298429319
Oct 2026 data,38.3671817811265,ASN deduplication,0.0555474524138069,3.46073298429319
Oct 2026 data,38.8125727069154,/24 deduplication,0.394688644688645,3.46073298429319
Oct 2026 data,38.8125727069154,ASN deduplication,0.0549450452296062,3.46073298429319
Oct 2026 data,39.2631340170684,/24 deduplication,0.394688644688645,3.46073298429319
Oct 2026 data,39.2631340170684,ASN deduplication,0.0543487951513854,3.46073298429319
Oct 2026 data,39.718925732733,/24 deduplication,0.394688644688645,3.46073298429319
Oct 2026 data,39.718925732733,ASN deduplication,0.0537586473710874,3.46073298429319
Oct 2026 data,40.1800085718209,/24 deduplication,0.394688644688645,3.46073298429319
Oct 2026 data,40.1800085718209,ASN deduplication,0.053174547392187,3.46073298429319
Oct 2026 data,40.6464439570963,/24 deduplication,0.394688644688645,3.46073298429319
Oct 2026 data,40.6464439570963,ASN deduplication,0.052596441031997,3.46073298429319
Oct 2026 data,41.1182940243583,/24 deduplication,0.394688644688645,3.46073298429319
Oct 2026 data,41.1182940243583,ASN deduplication,0.0520242744238549,3.46073298429319
Oct 2026 data,41.5956216307185,/24 deduplication,0.394688644688645,3.46073298429319
Oct 2026 data,41.5956216307185,ASN deduplication,0.0514579940191913,3.46073298429319
Oct 2026 data,42.0784903629741,/24 deduplication,0.394688644688645,3.46073298429319
Oct 2026 data,42.0784903629741,ASN deduplication,0.0508975465894827,3.46073298429319
Oct 2026 data,42.5669645460788,/24 deduplication,0.394688644688645,3.46073298429319
Oct 2026 data,42.5669645460788,ASN deduplication,0.0503428792280916,3.46073298429319
Oct 2026 data,43.0611092517117,/24 deduplication,0.394688644688645,3.46073298429319
Oct 2026 data,43.0611092517117,ASN deduplication,0.0497939393519952,3.46073298429319
Oct 2026 data,43.5609903069461,/24 deduplication,0.394688644688645,3.46073298429319
Oct 2026 data,43.5609903069461,ASN deduplication,0.0492506747034058,3.46073298429319
Oct 2026 data,44.0666743030179,/24 deduplication,0.394688644688645,3.46073298429319
Oct 2026 data,44.0666743030179,ASN deduplication,0.0487130333512849,3.46073298429319
Oct 2026 data,44.5782286041971,/24 deduplication,0.394688644688645,3.46073298429319
Oct 2026 data,44.5782286041971,ASN deduplication,0.0481809636927536,3.46073298429319
Oct 2026 data,45.0957213567615,/24 deduplication,0.394688644688645,3.46073298429319
Oct 2026 data,45.0957213567615,ASN deduplication,0.0476544144544001,3.46073298429319
Oct 2026 data,45.6192214980747,/24 deduplication,0.394688644688645,3.46073298429319
Oct 2026 data,45.6192214980747,ASN deduplication,0.047133334693489,3.46073298429319
Oct 2026 data,46.1487987657694,/24 deduplication,0.394688644688645,3.46073298429319
Oct 2026 data,46.1487987657694,ASN deduplication,0.0466176737990724,3.46073298429319
Oct 2026 data,46.6845237070379,/24 deduplication,0.394688644688645,3.46073298429319
Oct 2026 data,46.6845237070379,ASN deduplication,0.0461073814930055,3.46073298429319
Oct 2026 data,47.2264676880296,/24 deduplication,0.394688644688645,3.46073298429319
Oct 2026 data,47.2264676880296,ASN deduplication,0.0456024078308698,3.46073298429319
Oct 2026 data,47.7747029033578,/24 deduplication,0.394688644688645,3.46073298429319
Oct 2026 data,47.7747029033578,ASN deduplication,0.0451027032028046,3.46073298429319
Oct 2026 data,48.3293023857176,/24 deduplication,0.394688644688645,3.46073298429319
Oct 2026 data,48.3293023857176,ASN deduplication,0.0446082183342499,3.46073298429319
Oct 2026 data,48.8903400156145,/24 deduplication,0.394688644688645,3.46073298429319
Oct 2026 data,48.8903400156145,ASN deduplication,0.0441189042866025,3.46073298429319
Oct 2026 data,49.4578905312065,/24 deduplication,0.394688644688645,3.46073298429319
Oct 2026 data,49.4578905312065,ASN deduplication,0.0436347124577865,3.46073298429319
Oct 2026 data,50.0320295382601,/24 deduplication,0.394688644688645,3.46073298429319
Oct 2026 data,50.0320295382601,ASN deduplication,0.0431555945827418,3.46073298429319
Oct 2026 data,50.6128335202222,/24 deduplication,0.394688644688645,3.46073298429319
Oct 2026 data,50.6128335202222,ASN deduplication,0.0426815027338312,3.46073298429319
Oct 2026 data,51.2003798484089,/24 deduplication,0.394688644688645,3.46073298429319
Oct 2026 data,51.2003798484089,ASN deduplication,0.0422123893211687,3.46073298429319
Oct 2026 data,51.7947467923121,/24 deduplication,0.394688644688645,3.46073298429319
Oct 2026 data,51.7947467923121,ASN deduplication,0.0417482070928705,3.46073298429319
Oct 2026 data,52.3960135300265,/24 deduplication,0.394688644688645,3.46073298429319
Oct 2026 data,52.3960135300265,ASN deduplication,0.0412889091352312,3.46073298429319
Oct 2026 data,53.0042601587968,/24 deduplication,0.394688644688645,3.46073298429319
Oct 2026 data,53.0042601587968,ASN deduplication,0.0408344488728268,3.46073298429319
Oct 2026 data,53.6195677056882,/24 deduplication,0.394688644688645,3.46073298429319
Oct 2026 data,53.6195677056882,ASN deduplication,0.0403847800685454,3.46073298429319
Oct 2026 data,54.2420181383803,/24 deduplication,0.394688644688645,3.46073298429319
Oct 2026 data,54.2420181383803,ASN deduplication,0.0399398568235494,3.46073298429319
Oct 2026 data,54.8716943760861,/24 deduplication,0.394688644688645,3.46073298429319
Oct 2026 data,54.8716943760861,ASN deduplication,0.0394996335771693,3.46073298429319
Oct 2026 data,55.5086803005981,/24 deduplication,0.394688644688645,3.46073298429319
Oct 2026 data,55.5086803005981,ASN deduplication,0.0390640651067314,3.46073298429319
Oct 2026 data,56.1530607674628,/24 deduplication,0.394688644688645,3.46073298429319
Oct 2026 data,56.1530607674628,ASN deduplication,0.0386331065273211,3.46073298429319
Oct 2026 data,56.8049216172843,/24 deduplication,0.394688644688645,3.46073298429319
Oct 2026 data,56.8049216172843,ASN deduplication,0.0382067132914841,3.46073298429319
Oct 2026 data,57.4643496871598,/24 deduplication,0.394688644688645,3.46073298429319
Oct 2026 data,57.4643496871598,ASN deduplication,0.0377848411888657,3.46073298429319
Oct 2026 data,58.1314328222472,/24 deduplication,0.394688644688645,3.46073298429319
Oct 2026 data,58.1314328222472,ASN deduplication,0.0373674463457921,3.46073298429319
Oct 2026 data,58.8062598874676,/24 deduplication,0.394688644688645,3.46073298429319
Oct 2026 data,58.8062598874676,ASN deduplication,0.0369544852247924,3.46073298429319
Oct 2026 data,59.4889207793434,/24 deduplication,0.394688644688645,3.46073298429319
Oct 2026 data,59.4889207793434,ASN deduplication,0.0365459146240663,3.46073298429319
Oct 2026 data,60.1795064379734,/24 deduplication,0.394688644688645,3.46073298429319
Oct 2026 data,60.1795064379734,ASN deduplication,0.0361416916768957,3.46073298429319
Oct 2026 data,60.8781088591477,/24 deduplication,0.394688644688645,3.46073298429319
Oct 2026 data,60.8781088591477,ASN deduplication,0.0357417738510048,3.46073298429319
Oct 2026 data,61.5848211066027,/24 deduplication,0.394688644688645,3.46073298429319
Oct 2026 data,61.5848211066027,ASN deduplication,0.0353461189478675,3.46073298429319
Oct 2026 data,62.2997373244185,/24 deduplication,0.394688644688645,3.46073298429319
Oct 2026 data,62.2997373244185,ASN deduplication,0.0349546851019656,3.46073298429319
Oct 2026 data,63.0229527495603,/24 deduplication,0.394688644688645,3.46073298429319
Oct 2026 data,63.0229527495603,ASN deduplication,0.034567430779999,3.46073298429319
Oct 2026 data,63.7545637245651,/24 deduplication,0.394688644688645,3.46073298429319
Oct 2026 data,63.7545637245651,ASN deduplication,0.0341843147800474,3.46073298429319
Oct 2026 data,64.4946677103763,/24 deduplication,0.394688644688645,3.46073298429319
Oct 2026 data,64.4946677103763,ASN deduplication,0.0338052962306883,3.46073298429319
Oct 2026 data,65.2433632993263,/24 deduplication,0.394688644688645,3.46073298429319
Oct 2026 data,65.2433632993263,ASN deduplication,0.033430334590069,3.46073298429319
Oct 2026 data,66.000750228271,/24 deduplication,0.394688644688645,3.46073298429319
Oct 2026 data,66.000750228271,ASN deduplication,0.0330593896449376,3.46073298429319
Oct 2026 data,66.7669293918757,/24 deduplication,0.394688644688645,3.46073298429319
Oct 2026 data,66.7669293918757,ASN deduplication,0.0326924215096311,3.46073298429319
Oct 2026 data,67.5420028560559,/24 deduplication,0.394688644688645,3.46073298429319
Oct 2026 data,67.5420028560559,ASN deduplication,0.032329390625024,3.46073298429319
Oct 2026 data,68.326073871574,/24 deduplication,0.394688644688645,3.46073298429319
Oct 2026 data,68.326073871574,ASN deduplication,0.0319702577574381,3.46073298429319
Oct 2026 data,69.1192468877937,/24 deduplication,0.394688644688645,3.46073298429319
Oct 2026 data,69.1192468877937,ASN deduplication,0.0316149839975146,3.46073298429319
Oct 2026 data,69.9216275665938,/24 deduplication,0.394688644688645,3.46073298429319
Oct 2026 data,69.9216275665938,ASN deduplication,0.03126353075905,3.46073298429319
Oct 2026 data,70.7333227964445,/24 deduplication,0.394688644688645,3.46073298429319
Oct 2026 data,70.7333227964445,ASN deduplication,0.0309158597777967,3.46073298429319
Oct 2026 data,71.5544407066459,/24 deduplication,0.394688644688645,3.46073298429319
Oct 2026 data,71.5544407066459,ASN deduplication,0.0305719331102302,3.46073298429319
Oct 2026 data,72.3850906817326,/24 deduplication,0.394688644688645,3.46073298429319
Oct 2026 data,72.3850906817326,ASN deduplication,0.030231713132283,3.46073298429319
Oct 2026 data,73.2253833760454,/24 deduplication,0.394688644688645,3.46073298429319
Oct 2026 data,73.2253833760454,ASN deduplication,0.0298951625380473,3.46073298429319
Oct 2026 data,74.0754307284717,/24 deduplication,0.394688644688645,3.46073298429319
Oct 2026 data,74.0754307284717,ASN deduplication,0.0295622443384476,3.46073298429319
Oct 2026 data,74.9353459773576,/24 deduplication,0.394688644688645,3.46073298429319
Oct 2026 data,74.9353459773576,ASN deduplication,0.0292329218598835,3.46073298429319
Oct 2026 data,75.8052436755926,/24 deduplication,0.394688644688645,3.46073298429319
Oct 2026 data,75.8052436755926,ASN deduplication,0.0289071587428441,3.46073298429319
Oct 2026 data,76.6852397058702,/24 deduplication,0.394688644688645,3.46073298429319
Oct 2026 data,76.6852397058702,ASN deduplication,0.0285849189404966,3.46073298429319
Oct 2026 data,77.5754512961242,/24 deduplication,0.394688644688645,3.46073298429319
Oct 2026 data,77.5754512961242,ASN deduplication,0.028266166717247,3.46073298429319
Oct 2026 data,78.4759970351462,/24 deduplication,0.394688644688645,3.46073298429319
Oct 2026 data,78.4759970351462,ASN deduplication,0.0279508666472771,3.46073298429319
Oct 2026 data,79.3869968883824,/24 deduplication,0.394688644688645,3.46073298429319
Oct 2026 data,79.3869968883824,ASN deduplication,0.0276389836130571,3.46073298429319
Oct 2026 data,80.3085722139152,/24 deduplication,0.394688644688645,3.46073298429319
Oct 2026 data,80.3085722139152,ASN deduplication,0.0273304828038346,3.46073298429319
Oct 2026 data,81.2408457786297,/24 deduplication,0.394688644688645,3.46073298429319
Oct 2026 data,81.2408457786297,ASN deduplication,0.0270253297141024,3.46073298429319
Oct 2026 data,82.1839417745681,/24 deduplication,0.394688644688645,3.46073298429319
Oct 2026 data,82.1839417745681,ASN deduplication,0.0267234901420443,3.46073298429319
Oct 2026 data,83.1379858354734,/24 deduplication,0.394688644688645,3.46073298429319
Oct 2026 data,83.1379858354734,ASN deduplication,0.0264249301879613,3.46073298429319
Oct 2026 data,84.1031050535262,/24 deduplication,0.394688644688645,3.46073298429319
Oct 2026 data,84.1031050535262,ASN deduplication,0.0261296162526781,3.46073298429319
Oct 2026 data,85.0794279962746,/24 deduplication,0.394688644688645,3.46073298429319
Oct 2026 data,85.0794279962746,ASN deduplication,0.0258375150359312,3.46073298429319
Oct 2026 data,86.0670847237617,/24 deduplication,0.394688644688645,3.46073298429319
Oct 2026 data,86.0670847237617,ASN deduplication,0.0255485935347394,3.46073298429319
Oct 2026 data,87.0662068058513,/24 deduplication,0.394688644688645,3.46073298429319
Oct 2026 data,87.0662068058513,ASN deduplication,0.0252628190417579,3.46073298429319
Oct 2026 data,88.0769273397547,/24 deduplication,0.394688644688645,3.46073298429319
Oct 2026 data,88.0769273397547,ASN deduplication,0.0249801591436158,3.46073298429319
Oct 2026 data,89.0993809677612,/24 deduplication,0.394688644688645,3.46073298429319
Oct 2026 data,89.0993809677612,ASN deduplication,0.024700581719239,3.46073298429319
Oct 2026 data,90.1337038951744,/24 deduplication,0.394688644688645,3.46073298429319
Oct 2026 data,90.1337038951744,ASN deduplication,0.0244240549381587,3.46073298429319
Oct 2026 data,91.1800339084568,/24 deduplication,0.394688644688645,3.46073298429319
Oct 2026 data,91.1800339084568,ASN deduplication,0.0241505472588061,3.46073298429319
Oct 2026 data,92.2385103935848,/24 deduplication,0.394688644688645,3.46073298429319
Oct 2026 data,92.2385103935848,ASN deduplication,0.0238800274267948,3.46073298429319
Oct 2026 data,93.3092743546168,/24 deduplication,0.394688644688645,3.46073298429319
Oct 2026 data,93.3092743546168,ASN deduplication,0.0236124644731904,3.46073298429319
Oct 2026 data,94.3924684324768,/24 deduplication,0.394688644688645,3.46073298429319
Oct 2026 data,94.3924684324768,ASN deduplication,0.0233478277127693,3.46073298429319
Oct 2026 data,95.4882369239568,/24 deduplication,0.394688644688645,3.46073298429319
Oct 2026 data,95.4882369239568,ASN deduplication,0.0230860867422667,3.46073298429319
Oct 2026 data,96.5967258009384,/24 deduplication,0.394688644688645,3.46073298429319
Oct 2026 data,96.5967258009384,ASN deduplication,0.0228272114386146,3.46073298429319
Oct 2026 data,97.7180827298391,/24 deduplication,0.394688644688645,3.46073298429319
Oct 2026 data,97.7180827298391,ASN deduplication,0.0225711719571705,3.46073298429319
Oct 2026 data,98.8524570912828,/24 deduplication,0.394688644688645,3.46073298429319
Oct 2026 data,98.8524570912828,ASN deduplication,0.0223179387299372,3.46073298429319
Oct 2026 data,100,/24 deduplication,0.394688644688645,3.46073298429319
Oct 2026 data,100,ASN deduplication,0.0220674824637755,3.46073298429319
May 2025 data,1,/24 deduplication,0.410467706013363,3.33375314861461
May 2025 data,1,ASN deduplication,0.698900265453167,3.33375314861461
May 2025 data,1.01160864324958,/24 deduplication,0.410467706013363,3.33375314861461
May 2025 data,1.01160864324958,ASN deduplication,0.696465866937761,3.33375314861461
May 2025 data,1.02335204709726,/24 deduplication,0.410467706013363,3.33375314861461
May 2025 data,1.02335204709726,ASN deduplication,0.694020403136308,3.33375314861461
May 2025 data,1.03523177593074,/24 deduplication,0.410467706013363,3.33375314861461
May 2025 data,1.03523177593074,ASN deduplication,0.69156396242197,3.33375314861461
May 2025 data,1.04724941229815,/24 deduplication,0.410467706013363,3.33375314861461
May 2025 data,1.04724941229815,ASN deduplication,0.689096635431785,3.33375314861461
May 2025 data,1.05940655711885,/24 deduplication,0.410467706013363,3.33375314861461
May 2025 data,1.05940655711885,ASN deduplication,0.686618515064457,3.33375314861461
May 2025 data,1.07170482989671,/24 deduplication,0.410467706013363,3.33375314861461
May 2025 data,1.07170482989671,ASN deduplication,0.684129696477257,3.33375314861461
May 2025 data,1.08414586893583,/24 deduplication,0.410467706013363,3.33375314861461
May 2025 data,1.08414586893583,ASN deduplication,0.681630277082031,3.33375314861461
May 2025 data,1.09673133155882,/24 deduplication,0.410467706013363,3.33375314861461
May 2025 data,1.09673133155882,ASN deduplication,0.679120356540306,3.33375314861461
May 2025 data,1.10946289432752,/24 deduplication,0.410467706013363,3.33375314861461
May 2025 data,1.10946289432752,ASN deduplication,0.676600036757485,3.33375314861461
May 2025 data,1.12234225326642,/24 deduplication,0.410467706013363,3.33375314861461
May 2025 data,1.12234225326642,ASN deduplication,0.67406942187612,3.33375314861461
May 2025 data,1.13537112408852,/24 deduplication,0.410467706013363,3.33375314861461
May 2025 data,1.13537112408852,ASN deduplication,0.671528618268262,3.33375314861461
May 2025 data,1.14855124242394,/24 deduplication,0.410467706013363,3.33375314861461
May 2025 data,1.14855124242394,ASN deduplication,0.668977734526876,3.33375314861461
May 2025 data,1.1618843640511,/24 deduplication,0.410467706013363,3.33375314861461
May 2025 data,1.1618843640511,ASN deduplication,0.666416881456316,3.33375314861461
May 2025 data,1.17537226513064,/24 deduplication,0.410467706013363,3.33375314861461
May 2025 data,1.17537226513064,ASN deduplication,0.66384617206186,3.33375314861461
May 2025 data,1.18901674244199,/24 deduplication,0.410467706013363,3.33375314861461
May 2025 data,1.18901674244199,ASN deduplication,0.661265721538289,3.33375314861461
May 2025 data,1.20281961362278,/24 deduplication,0.410467706013363,3.33375314861461
May 2025 data,1.20281961362278,ASN deduplication,0.658675647257518,3.33375314861461
May 2025 data,1.21678271741092,/24 deduplication,0.410467706013363,3.33375314861461
May 2025 data,1.21678271741092,ASN deduplication,0.656076068755269,3.33375314861461
May 2025 data,1.2309079138896,/24 deduplication,0.410467706013363,3.33375314861461
May 2025 data,1.2309079138896,ASN deduplication,0.653467107716779,3.33375314861461
May 2025 data,1.24519708473503,/24 deduplication,0.410467706013363,3.33375314861461
May 2025 data,1.24519708473503,ASN deduplication,0.650848887961554,3.33375314861461
May 2025 data,1.25965213346714,/24 deduplication,0.410467706013363,3.33375314861461
May 2025 data,1.25965213346714,ASN deduplication,0.64822153542715,3.33375314861461
May 2025 data,1.27427498570313,/24 deduplication,0.410467706013363,3.33375314861461
May 2025 data,1.27427498570313,ASN deduplication,0.645585178151995,3.33375314861461
May 2025 data,1.28906758941403,/24 deduplication,0.410467706013363,3.33375314861461
May 2025 data,1.28906758941403,ASN deduplication,0.642939946257248,3.33375314861461
May 2025 data,1.30403191518413,/24 deduplication,0.410467706013363,3.33375314861461
May 2025 data,1.30403191518413,ASN deduplication,0.640285971927683,3.33375314861461
May 2025 data,1.31916995647357,/24 deduplication,0.410467706013363,3.33375314861461
May 2025 data,1.31916995647357,ASN deduplication,0.637623389391622,3.33375314861461
May 2025 data,1.33448372988384,/24 deduplication,0.410467706013363,3.33375314861461
May 2025 data,1.33448372988384,ASN deduplication,0.634952334899901,3.33375314861461
May 2025 data,1.34997527542643,/24 deduplication,0.410467706013363,3.33375314861461
May 2025 data,1.34997527542643,ASN deduplication,0.632272946703872,3.33375314861461
May 2025 data,1.36564665679461,/24 deduplication,0.410467706013363,3.33375314861461
May 2025 data,1.36564665679461,ASN deduplication,0.629585365032461,3.33375314861461
May 2025 data,1.38149996163832,/24 deduplication,0.410467706013363,3.33375314861461
May 2025 data,1.38149996163832,ASN deduplication,0.626889732068264,3.33375314861461
May 2025 data,1.39753730184229,/24 deduplication,0.410467706013363,3.33375314861461
May 2025 data,1.39753730184229,ASN deduplication,0.624186191922704,3.33375314861461
May 2025 data,1.41376081380736,/24 deduplication,0.410467706013363,3.33375314861461
May 2025 data,1.41376081380736,ASN deduplication,0.621474890610243,3.33375314861461
May 2025 data,1.43017265873509,/24 deduplication,0.410467706013363,3.33375314861461
May 2025 data,1.43017265873509,ASN deduplication,0.618755976021658,3.33375314861461
May 2025 data,1.44677502291565,/24 deduplication,0.410467706013363,3.33375314861461
May 2025 data,1.44677502291565,ASN deduplication,0.616029597896397,3.33375314861461
May 2025 data,1.46357011801908,/24 deduplication,0.410467706013363,3.33375314861461
May 2025 data,1.46357011801908,ASN deduplication,0.613295907794005,3.33375314861461
May 2025 data,1.48056018138991,/24 deduplication,0.410467706013363,3.33375314861461
May 2025 data,1.48056018138991,ASN deduplication,0.610555059064652,3.33375314861461
May 2025 data,1.4977474763452,/24 deduplication,0.410467706013363,3.33375314861461
May 2025 data,1.4977474763452,ASN deduplication,0.607807206818744,3.33375314861461
May 2025 data,1.51513429247605,/24 deduplication,0.410467706013363,3.33375314861461
May 2025 data,1.51513429247605,ASN deduplication,0.605052507895655,3.33375314861461
May 2025 data,1.53272294595261,/24 deduplication,0.410467706013363,3.33375314861461
May 2025 data,1.53272294595261,ASN deduplication,0.602291120831575,3.33375314861461
May 2025 data,1.55051577983262,/24 deduplication,0.410467706013363,3.33375314861461
May 2025 data,1.55051577983262,ASN deduplication,0.599523205826485,3.33375314861461
May 2025 data,1.56851516437355,/24 deduplication,0.410467706013363,3.33375314861461
May 2025 data,1.56851516437355,ASN deduplication,0.596748924710279,3.33375314861461
May 2025 data,1.58672349734832,/24 deduplication,0.410467706013363,3.33375314861461
May 2025 data,1.58672349734832,ASN deduplication,0.593968440908043,3.33375314861461
May 2025 data,1.60514320436476,/24 deduplication,0.410467706013363,3.33375314861461
May 2025 data,1.60514320436476,ASN deduplication,0.5911819194045,3.33375314861461
May 2025 data,1.62377673918872,/24 deduplication,0.410467706013363,3.33375314861461
May 2025 data,1.62377673918872,ASN deduplication,0.588389526707646,3.33375314861461
May 2025 data,1.64262658407093,/24 deduplication,0.410467706013363,3.33375314861461
May 2025 data,1.64262658407093,ASN deduplication,0.58559143081158,3.33375314861461
May 2025 data,1.66169525007769,/24 deduplication,0.410467706013363,3.33375314861461
May 2025 data,1.66169525007769,ASN deduplication,0.582787801158555,3.33375314861461
May 2025 data,1.68098527742536,/24 deduplication,0.410467706013363,3.33375314861461
May 2025 data,1.68098527742536,ASN deduplication,0.579978808600255,3.33375314861461
May 2025 data,1.70049923581879,/24 deduplication,0.410467706013363,3.33375314861461
May 2025 data,1.70049923581879,ASN deduplication,0.577164625358328,3.33375314861461
May 2025 data,1.7202397247936,/24 deduplication,0.410467706013363,3.33375314861461
May 2025 data,1.7202397247936,ASN deduplication,0.574345424984188,3.33375314861461
May 2025 data,1.74020937406249,/24 deduplication,0.410467706013363,3.33375314861461
May 2025 data,1.74020937406249,ASN deduplication,0.571521382318093,3.33375314861461
May 2025 data,1.76041084386555,/24 deduplication,0.410467706013363,3.33375314861461
May 2025 data,1.76041084386555,ASN deduplication,0.568692673447545,3.33375314861461
May 2025 data,1.78084682532468,/24 deduplication,0.410467706013363,3.33375314861461
May 2025 data,1.78084682532468,ASN deduplication,0.565859475664997,3.33375314861461
May 2025 data,1.80152004080203,/24 deduplication,0.410467706013363,3.33375314861461
May 2025 data,1.80152004080203,ASN deduplication,0.563021967424925,3.33375314861461
May 2025 data,1.82243324426267,/24 deduplication,0.410467706013363,3.33375314861461
May 2025 data,1.82243324426267,ASN deduplication,0.560180328300255,3.33375314861461
May 2025 data,1.84358922164149,/24 deduplication,0.410467706013363,3.33375314861461
May 2025 data,1.84358922164149,ASN deduplication,0.557334738938183,3.33375314861461
May 2025 data,1.8649907912143,/24 deduplication,0.410467706013363,3.33375314861461
May 2025 data,1.8649907912143,ASN deduplication,0.554485381015406,3.33375314861461
May 2025 data,1.88664080397326,/24 deduplication,0.410467706013363,3.33375314861461
May 2025 data,1.88664080397326,ASN deduplication,0.55163243719279,3.33375314861461
May 2025 data,1.90854214400669,/24 deduplication,0.410467706013363,3.33375314861461
May 2025 data,1.90854214400669,ASN deduplication,0.548776091069492,3.33375314861461
May 2025 data,1.93069772888325,/24 deduplication,0.410467706013363,3.33375314861461
May 2025 data,1.93069772888325,ASN deduplication,0.545916527136567,3.33375314861461
May 2025 data,1.95311051004063,/24 deduplication,0.410467706013363,3.33375314861461
May 2025 data,1.95311051004063,ASN deduplication,0.543053930730078,3.33375314861461
May 2025 data,1.9757834731787,/24 deduplication,0.410467706013363,3.33375314861461
May 2025 data,1.9757834731787,ASN deduplication,0.540188487983738,3.33375314861461
May 2025 data,1.99871963865725,/24 deduplication,0.410467706013363,3.33375314861461
May 2025 data,1.99871963865725,ASN deduplication,0.537320385781112,3.33375314861461
May 2025 data,2.02192206189835,/24 deduplication,0.410467706013363,3.33375314861461
May 2025 data,2.02192206189835,ASN deduplication,0.534449811707395,3.33375314861461
May 2025 data,2.04539383379339,/24 deduplication,0.410467706013363,3.33375314861461
May 2025 data,2.04539383379339,ASN deduplication,0.531576954000799,3.33375314861461
May 2025 data,2.06913808111479,/24 deduplication,0.410467706013363,3.33375314861461
May 2025 data,2.06913808111479,ASN deduplication,0.528702001503581,3.33375314861461
May 2025 data,2.09315796693257,/24 deduplication,0.410467706013363,3.33375314861461
May 2025 data,2.09315796693257,ASN deduplication,0.525825143612723,3.33375314861461
May 2025 data,2.11745669103571,/24 deduplication,0.410467706013363,3.33375314861461
May 2025 data,2.11745669103571,ASN deduplication,0.522946570230308,3.33375314861461
May 2025 data,2.14203749035838,/24 deduplication,0.410467706013363,3.33375314861461
May 2025 data,2.14203749035838,ASN deduplication,0.520066471713605,3.33375314861461
May 2025 data,2.16690363941118,/24 deduplication,0.410467706013363,3.33375314861461
May 2025 data,2.16690363941118,ASN deduplication,0.517185038824908,3.33375314861461
May 2025 data,2.19205845071733,/24 deduplication,0.410467706013363,3.33375314861461
May 2025 data,2.19205845071733,ASN deduplication,0.514302462681137,3.33375314861461
May 2025 data,2.21750527525393,/24 deduplication,0.410467706013363,3.33375314861461
May 2025 data,2.21750527525393,ASN deduplication,0.51141893470324,3.33375314861461
May 2025 data,2.24324750289842,/24 deduplication,0.410467706013363,3.33375314861461
May 2025 data,2.24324750289842,ASN deduplication,0.50853464656543,3.33375314861461
May 2025 data,2.26928856288008,/24 deduplication,0.410467706013363,3.33375314861461
May 2025 data,2.26928856288008,ASN deduplication,0.505649790144273,3.33375314861461
May 2025 data,2.29563192423691,/24 deduplication,0.410467706013363,3.33375314861461
May 2025 data,2.29563192423691,ASN deduplication,0.502764557467662,3.33375314861461
May 2025 data,2.32228109627773,/24 deduplication,0.410467706013363,3.33375314861461
May 2025 data,2.32228109627773,ASN deduplication,0.499879140663708,3.33375314861461
May 2025 data,2.34923962904966,/24 deduplication,0.410467706013363,3.33375314861461
May 2025 data,2.34923962904966,ASN deduplication,0.496993731909574,3.33375314861461
May 2025 data,2.37651111381108,/24 deduplication,0.410467706013363,3.33375314861461
May 2025 data,2.37651111381108,ASN deduplication,0.494108523380276,3.33375314861461
May 2025 data,2.40409918350997,/24 deduplication,0.410467706013363,3.33375314861461
May 2025 data,2.40409918350997,ASN deduplication,0.491223707197493,3.33375314861461
May 2025 data,2.43200751326795,/24 deduplication,0.410467706013363,3.33375314861461
May 2025 data,2.43200751326795,ASN deduplication,0.488339475378401,3.33375314861461
May 2025 data,2.46023982086978,/24 deduplication,0.410467706013363,3.33375314861461
May 2025 data,2.46023982086978,ASN deduplication,0.485456019784573,3.33375314861461
May 2025 data,2.48879986725867,/24 deduplication,0.410467706013363,3.33375314861461
May 2025 data,2.48879986725867,ASN deduplication,0.482573532070956,3.33375314861461
May 2025 data,2.51769145703728,/24 deduplication,0.410467706013363,3.33375314861461
May 2025 data,2.51769145703728,ASN deduplication,0.479692203634977,3.33375314861461
May 2025 data,2.54691843897454,/24 deduplication,0.410467706013363,3.33375314861461
May 2025 data,2.54691843897454,ASN deduplication,0.476812225565785,3.33375314861461
May 2025 data,2.57648470651838,/24 deduplication,0.410467706013363,3.33375314861461
May 2025 data,2.57648470651838,ASN deduplication,0.473933788593677,3.33375314861461
May 2025 data,2.60639419831435,/24 deduplication,0.410467706013363,3.33375314861461
May 2025 data,2.60639419831435,ASN deduplication,0.471057083039712,3.33375314861461
May 2025 data,2.63665089873036,/24 deduplication,0.410467706013363,3.33375314861461
May 2025 data,2.63665089873036,ASN deduplication,0.468182298765571,3.33375314861461
May 2025 data,2.66725883838741,/24 deduplication,0.410467706013363,3.33375314861461
May 2025 data,2.66725883838741,ASN deduplication,0.465309625123668,3.33375314861461
May 2025 data,2.69822209469654,/24 deduplication,0.410467706013363,3.33375314861461
May 2025 data,2.69822209469654,ASN deduplication,0.462439250907543,3.33375314861461
May 2025 data,2.72954479240201,/24 deduplication,0.410467706013363,3.33375314861461
May 2025 data,2.72954479240201,ASN deduplication,0.459571364302582,3.33375314861461
May 2025 data,2.76123110413075,/24 deduplication,0.410467706013363,3.33375314861461
May 2025 data,2.76123110413075,ASN deduplication,0.45670615283706,3.33375314861461
May 2025 data,2.79328525094825,/24 deduplication,0.410467706013363,3.33375314861461
May 2025 data,2.79328525094825,ASN deduplication,0.453843803333572,3.33375314861461
May 2025 data,2.82571150292083,/24 deduplication,0.410467706013363,3.33375314861461
May 2025 data,2.82571150292083,ASN deduplication,0.45098450186084,3.33375314861461
May 2025 data,2.85851417968447,/24 deduplication,0.410467706013363,3.33375314861461
May 2025 data,2.85851417968447,ASN deduplication,0.448128433685949,3.33375314861461
May 2025 data,2.8916976510203,/24 deduplication,0.410467706013363,3.33375314861461
May 2025 data,2.8916976510203,ASN deduplication,0.445275783227031,3.33375314861461
May 2025 data,2.92526633743665,/24 deduplication,0.410467706013363,3.33375314861461
May 2025 data,2.92526633743665,ASN deduplication,0.442426734006415,3.33375314861461
May 2025 data,2.95922471075796,/24 deduplication,0.410467706013363,3.33375314861461
May 2025 data,2.95922471075796,ASN deduplication,0.439581468604274,3.33375314861461
May 2025 data,2.99357729472049,/24 deduplication,0.410467706013363,3.33375314861461
May 2025 data,2.99357729472049,ASN deduplication,0.436740168612795,3.33375314861461
May 2025 data,3.02832866557495,/24 deduplication,0.410467706013363,3.33375314861461
May 2025 data,3.02832866557495,ASN deduplication,0.43390301459089,3.33375314861461
May 2025 data,3.06348345269609,/24 deduplication,0.410467706013363,3.33375314861461
May 2025 data,3.06348345269609,ASN deduplication,0.431070186019477,3.33375314861461
May 2025 data,3.09904633919943,/24 deduplication,0.410467706013363,3.33375314861461
May 2025 data,3.09904633919943,ASN deduplication,0.42824186125735,3.33375314861461
May 2025 data,3.13502206256512,/24 deduplication,0.410467706013363,3.33375314861461
May 2025 data,3.13502206256512,ASN deduplication,0.425418217497664,3.33375314861461
May 2025 data,3.171415415269,/24 deduplication,0.410467706013363,3.33375314861461
May 2025 data,3.171415415269,ASN deduplication,0.422599430725046,3.33375314861461
May 2025 data,3.20823124542108,/24 deduplication,0.410467706013363,3.33375314861461
May 2025 data,3.20823124542108,ASN deduplication,0.419785675673376,3.33375314861461
May 2025 data,3.24547445741133,/24 deduplication,0.410467706013363,3.33375314861461
May 2025 data,3.24547445741133,ASN deduplication,0.41697712578423,3.33375314861461
May 2025 data,3.28315001256305,/24 deduplication,0.410467706013363,3.33375314861461
May 2025 data,3.28315001256305,ASN deduplication,0.414173953166025,3.33375314861461
May 2025 data,3.32126292979375,/24 deduplication,0.410467706013363,3.33375314861461
May 2025 data,3.32126292979375,ASN deduplication,0.41137632855388,3.33375314861461
May 2025 data,3.35981828628378,/24 deduplication,0.410467706013363,3.33375314861461
May 2025 data,3.35981828628378,ASN deduplication,0.408584421270207,3.33375314861461
May 2025 data,3.39882121815267,/24 deduplication,0.410467706013363,3.33375314861461
May 2025 data,3.39882121815267,ASN deduplication,0.405798399186059,3.33375314861461
May 2025 data,3.43827692114331,/24 deduplication,0.410467706013363,3.33375314861461
May 2025 data,3.43827692114331,ASN deduplication,0.403018428683238,3.33375314861461
May 2025 data,3.47819065131413,/24 deduplication,0.410467706013363,3.33375314861461
May 2025 data,3.47819065131413,ASN deduplication,0.400244674617201,3.33375314861461
May 2025 data,3.51856772573926,/24 deduplication,0.410467706013363,3.33375314861461
May 2025 data,3.51856772573926,ASN deduplication,0.397477300280753,3.33375314861461
May 2025 data,3.55941352321686,/24 deduplication,0.410467706013363,3.33375314861461
May 2025 data,3.55941352321686,ASN deduplication,0.394716467368569,3.33375314861461
May 2025 data,3.60073348498562,/24 deduplication,0.410467706013363,3.33375314861461
May 2025 data,3.60073348498562,ASN deduplication,0.39196233594254,3.33375314861461
May 2025 data,3.64253311544964,/24 deduplication,0.410467706013363,3.33375314861461
May 2025 data,3.64253311544964,ASN deduplication,0.389215064397965,3.33375314861461
May 2025 data,3.68481798291168,/24 deduplication,0.410467706013363,3.33375314861461
May 2025 data,3.68481798291168,ASN deduplication,0.386474809430601,3.33375314861461
May 2025 data,3.72759372031494,/24 deduplication,0.410467706013363,3.33375314861461
May 2025 data,3.72759372031494,ASN deduplication,0.383741726004587,3.33375314861461
May 2025 data,3.77086602599346,/24 deduplication,0.410467706013363,3.33375314861461
May 2025 data,3.77086602599346,ASN deduplication,0.381015967321239,3.33375314861461
May 2025 data,3.81464066443118,/24 deduplication,0.410467706013363,3.33375314861461
May 2025 data,3.81464066443118,ASN deduplication,0.37829768478875,3.33375314861461
May 2025 data,3.85892346702991,/24 deduplication,0.410467706013363,3.33375314861461
May 2025 data,3.85892346702991,ASN deduplication,0.375587027992784,3.33375314861461
May 2025 data,3.90372033288609,/24 deduplication,0.410467706013363,3.33375314861461
May 2025 data,3.90372033288609,ASN deduplication,0.372884144667987,3.33375314861461
May 2025 data,3.9490372295767,/24 deduplication,0.410467706013363,3.33375314861461
May 2025 data,3.9490372295767,ASN deduplication,0.37018918067041,3.33375314861461
May 2025 data,3.99488019395417,/24 deduplication,0.410467706013363,3.33375314861461
May 2025 data,3.99488019395417,ASN deduplication,0.367502279950873,3.33375314861461
May 2025 data,4.0412553329506,/24 deduplication,0.410467706013363,3.33375314861461
May 2025 data,4.0412553329506,ASN deduplication,0.364823584529249,3.33375314861461
May 2025 data,4.08816882439129,/24 deduplication,0.410467706013363,3.33375314861461
May 2025 data,4.08816882439129,ASN deduplication,0.362153234469703,3.33375314861461
May 2025 data,4.13562691781771,/24 deduplication,0.410467706013363,3.33375314861461
May 2025 data,4.13562691781771,ASN deduplication,0.359491367856869,3.33375314861461
May 2025 data,4.18363593532002,/24 deduplication,0.410467706013363,3.33375314861461
May 2025 data,4.18363593532002,ASN deduplication,0.356838120772984,3.33375314861461
May 2025 data,4.23220227237928,/24 deduplication,0.410467706013363,3.33375314861461
May 2025 data,4.23220227237928,ASN deduplication,0.354193627275972,3.33375314861461
May 2025 data,4.28133239871939,/24 deduplication,0.410467706013363,3.33375314861461
May 2025 data,4.28133239871939,ASN deduplication,0.351558019378492,3.33375314861461
May 2025 data,4.331032859169,/24 deduplication,0.410467706013363,3.33375314861461
May 2025 data,4.331032859169,ASN deduplication,0.348931427027948,3.33375314861461
May 2025 data,4.38131027453331,/24 deduplication,0.410467706013363,3.33375314861461
May 2025 data,4.38131027453331,ASN deduplication,0.346313978087459,3.33375314861461
May 2025 data,4.43217134247609,/24 deduplication,0.410467706013363,3.33375314861461
May 2025 data,4.43217134247609,ASN deduplication,0.343705798317793,3.33375314861461
May 2025 data,4.48362283841191,/24 deduplication,0.410467706013363,3.33375314861461
May 2025 data,4.48362283841191,ASN deduplication,0.341107011360273,3.33375314861461
May 2025 data,4.53567161640871,/24 deduplication,0.410467706013363,3.33375314861461
May 2025 data,4.53567161640871,ASN deduplication,0.338517738720641,3.33375314861461
May 2025 data,4.58832461010085,/24 deduplication,0.410467706013363,3.33375314861461
May 2025 data,4.58832461010085,ASN deduplication,0.335938099753886,3.33375314861461
May 2025 data,4.64158883361278,/24 deduplication,0.410467706013363,3.33375314861461
May 2025 data,4.64158883361278,ASN deduplication,0.333368211650041,3.33375314861461
May 2025 data,4.69547138249343,/24 deduplication,0.410467706013363,3.33375314861461
May 2025 data,4.69547138249343,ASN deduplication,0.330808189420929,3.33375314861461
May 2025 data,4.74997943466141,/24 deduplication,0.410467706013363,3.33375314861461
May 2025 data,4.74997943466141,ASN deduplication,0.328258145887878,3.33375314861461
May 2025 data,4.80512025136124,/24 deduplication,0.410467706013363,3.33375314861461
May 2025 data,4.80512025136124,ASN deduplication,0.32571819167038,3.33375314861461
May 2025 data,4.86090117813063,/24 deduplication,0.410467706013363,3.33375314861461
May 2025 data,4.86090117813063,ASN deduplication,0.323188435175701,3.33375314861461
May 2025 data,4.91732964577902,/24 deduplication,0.410467706013363,3.33375314861461
May 2025 data,4.91732964577902,ASN deduplication,0.320668982589439,3.33375314861461
May 2025 data,4.97441317137746,/24 deduplication,0.410467706013363,3.33375314861461
May 2025 data,4.97441317137746,ASN deduplication,0.318159937867019,3.33375314861461
May 2025 data,5.03215935925999,/24 deduplication,0.410467706013363,3.33375314861461
May 2025 data,5.03215935925999,ASN deduplication,0.315661402726114,3.33375314861461
May 2025 data,5.09057590203669,/24 deduplication,0.410467706013363,3.33375314861461
May 2025 data,5.09057590203669,ASN deduplication,0.313173476640003,3.33375314861461
May 2025 data,5.14967058161834,/24 deduplication,0.410467706013363,3.33375314861461
May 2025 data,5.14967058161834,ASN deduplication,0.310696256831837,3.33375314861461
May 2025 data,5.20945127025321,/24 deduplication,0.410467706013363,3.33375314861461
May 2025 data,5.20945127025321,ASN deduplication,0.308229838269824,3.33375314861461
May 2025 data,5.26992593157566,/24 deduplication,0.410467706013363,3.33375314861461
May 2025 data,5.26992593157566,ASN deduplication,0.30577431366331,3.33375314861461
May 2025 data,5.33110262166704,/24 deduplication,0.410467706013363,3.33375314861461
May 2025 data,5.33110262166704,ASN deduplication,0.303329773459759,3.33375314861461
May 2025 data,5.39298949012887,/24 deduplication,0.410467706013363,3.33375314861461
May 2025 data,5.39298949012887,ASN deduplication,0.30089630584261,3.33375314861461
May 2025 data,5.45559478116852,/24 deduplication,0.410467706013363,3.33375314861461
May 2025 data,5.45559478116852,ASN deduplication,0.298473996730016,3.33375314861461
May 2025 data,5.51892683469738,/24 deduplication,0.410467706013363,3.33375314861461
May 2025 data,5.51892683469738,ASN deduplication,0.296062929774445,3.33375314861461
May 2025 data,5.58299408744192,/24 deduplication,0.410467706013363,3.33375314861461
May 2025 data,5.58299408744192,ASN deduplication,0.293663186363125,3.33375314861461
May 2025 data,5.64780507406756,/24 deduplication,0.410467706013363,3.33375314861461
May 2025 data,5.64780507406756,ASN deduplication,0.291274845619349,3.33375314861461
May 2025 data,5.71336842831558,/24 deduplication,0.410467706013363,3.33375314861461
May 2025 data,5.71336842831558,ASN deduplication,0.288897984404589,3.33375314861461
May 2025 data,5.77969288415332,/24 deduplication,0.410467706013363,3.33375314861461
May 2025 data,5.77969288415332,ASN deduplication,0.286532677321446,3.33375314861461
May 2025 data,5.84678727693759,/24 deduplication,0.410467706013363,3.33375314861461
May 2025 data,5.84678727693759,ASN deduplication,0.284178996717395,3.33375314861461
May 2025 data,5.91466054459175,/24 deduplication,0.410467706013363,3.33375314861461
May 2025 data,5.91466054459175,ASN deduplication,0.281837012689326,3.33375314861461
May 2025 data,5.98332172879629,/24 deduplication,0.410467706013363,3.33375314861461
May 2025 data,5.98332172879629,ASN deduplication,0.279506793088867,3.33375314861461
May 2025 data,6.05277997619335,/24 deduplication,0.410467706013363,3.33375314861461
May 2025 data,6.05277997619335,ASN deduplication,0.277188403528468,3.33375314861461
May 2025 data,6.12304453960519,/24 deduplication,0.410467706013363,3.33375314861461
May 2025 data,6.12304453960519,ASN deduplication,0.274881907388245,3.33375314861461
May 2025 data,6.19412477926676,/24 deduplication,0.410467706013363,3.33375314861461
May 2025 data,6.19412477926676,ASN deduplication,0.272587365823552,3.33375314861461
May 2025 data,6.26603016407266,/24 deduplication,0.410467706013363,3.33375314861461
May 2025 data,6.26603016407266,ASN deduplication,0.270304837773284,3.33375314861461
May 2025 data,6.33877027283849,/24 deduplication,0.410467706013363,3.33375314861461
May 2025 data,6.33877027283849,ASN deduplication,0.268034379968892,3.33375314861461
May 2025 data,6.41235479557692,/24 deduplication,0.410467706013363,3.33375314861461
May 2025 data,6.41235479557692,ASN deduplication,0.265776046944082,3.33375314861461
May 2025 data,6.48679353478851,/24 deduplication,0.410467706013363,3.33375314861461
May 2025 data,6.48679353478851,ASN deduplication,0.263529891045201,3.33375314861461
May 2025 data,6.56209640676756,/24 deduplication,0.410467706013363,3.33375314861461
May 2025 data,6.56209640676756,ASN deduplication,0.261295962442289,3.33375314861461
May 2025 data,6.63827344292308,/24 deduplication,0.410467706013363,3.33375314861461
May 2025 data,6.63827344292308,ASN deduplication,0.259074309140768,3.33375314861461
May 2025 data,6.71533479111515,/24 deduplication,0.410467706013363,3.33375314861461
May 2025 data,6.71533479111515,ASN deduplication,0.256864976993774,3.33375314861461
May 2025 data,6.7932907170067,/24 deduplication,0.410467706013363,3.33375314861461
May 2025 data,6.7932907170067,ASN deduplication,0.254668009715105,3.33375314861461
May 2025 data,6.87215160543112,/24 deduplication,0.410467706013363,3.33375314861461
May 2025 data,6.87215160543112,ASN deduplication,0.252483448892764,3.33375314861461
May 2025 data,6.95192796177561,/24 deduplication,0.410467706013363,3.33375314861461
May 2025 data,6.95192796177561,ASN deduplication,0.250311334003089,3.33375314861461
May 2025 data,7.03263041338065,/24 deduplication,0.410467706013363,3.33375314861461
May 2025 data,7.03263041338065,ASN deduplication,0.248151702425454,3.33375314861461
May 2025 data,7.11426971095574,/24 deduplication,0.410467706013363,3.33375314861461
May 2025 data,7.11426971095574,ASN deduplication,0.246004589457521,3.33375314861461
May 2025 data,7.19685673001152,/24 deduplication,0.410467706013363,3.33375314861461
May 2025 data,7.19685673001152,ASN deduplication,0.243870028331023,3.33375314861461
May 2025 data,7.28040247230857,/24 deduplication,0.410467706013363,3.33375314861461
May 2025 data,7.28040247230857,ASN deduplication,0.241748050228074,3.33375314861461
May 2025 data,7.36491806732297,/24 deduplication,0.410467706013363,3.33375314861461
May 2025 data,7.36491806732297,ASN deduplication,0.239638684297975,3.33375314861461
May 2025 data,7.45041477372891,/24 deduplication,0.410467706013363,3.33375314861461
May 2025 data,7.45041477372891,ASN deduplication,0.237541957674508,3.33375314861461
May 2025 data,7.53690398089854,/24 deduplication,0.410467706013363,3.33375314861461
May 2025 data,7.53690398089854,ASN deduplication,0.235457895493703,3.33375314861461
May 2025 data,7.62439721041914,/24 deduplication,0.410467706013363,3.33375314861461
May 2025 data,7.62439721041914,ASN deduplication,0.233386520912054,3.33375314861461
May 2025 data,7.712906117628,/24 deduplication,0.410467706013363,3.33375314861461
May 2025 data,7.712906117628,ASN deduplication,0.23132785512517,3.33375314861461
May 2025 data,7.80244249316505,/24 deduplication,0.410467706013363,3.33375314861461
May 2025 data,7.80244249316505,ASN deduplication,0.229281917386853,3.33375314861461
May 2025 data,7.89301826454358,/24 deduplication,0.410467706013363,3.33375314861461
May 2025 data,7.89301826454358,ASN deduplication,0.227248725028572,3.33375314861461
May 2025 data,7.98464549773909,/24 deduplication,0.410467706013363,3.33375314861461
May 2025 data,7.98464549773909,ASN deduplication,0.22522829347933,3.33375314861461
May 2025 data,8.07733639879672,/24 deduplication,0.410467706013363,3.33375314861461
May 2025 data,8.07733639879672,ASN deduplication,0.223220636285896,3.33375314861461
May 2025 data,8.1711033154572,/24 deduplication,0.410467706013363,3.33375314861461
May 2025 data,8.1711033154572,ASN deduplication,0.221225765133395,3.33375314861461
May 2025 data,8.26595873880181,/24 deduplication,0.410467706013363,3.33375314861461
May 2025 data,8.26595873880181,ASN deduplication,0.219243689866238,3.33375314861461
May 2025 data,8.36191530491632,/24 deduplication,0.410467706013363,3.33375314861461
May 2025 data,8.36191530491632,ASN deduplication,0.21727441850937,3.33375314861461
May 2025 data,8.45898579657431,/24 deduplication,0.410467706013363,3.33375314861461
May 2025 data,8.45898579657431,ASN deduplication,0.215317957289826,3.33375314861461
May 2025 data,8.55718314494001,/24 deduplication,0.410467706013363,3.33375314861461
May 2025 data,8.55718314494001,ASN deduplication,0.213374310658578,3.33375314861461
May 2025 data,8.65652043129095,/24 deduplication,0.410467706013363,3.33375314861461
May 2025 data,8.65652043129095,ASN deduplication,0.211443481312658,3.33375314861461
May 2025 data,8.75701088876051,/24 deduplication,0.410467706013363,3.33375314861461
May 2025 data,8.75701088876051,ASN deduplication,0.209525470217534,3.33375314861461
May 2025 data,8.85866790410083,/24 deduplication,0.410467706013363,3.33375314861461
May 2025 data,8.85866790410083,ASN deduplication,0.207620276629738,3.33375314861461
May 2025 data,8.96150501946605,/24 deduplication,0.410467706013363,3.33375314861461
May 2025 data,8.96150501946605,ASN deduplication,0.205727898119716,3.33375314861461
May 2025 data,9.06553593421636,/24 deduplication,0.410467706013363,3.33375314861461
May 2025 data,9.06553593421636,ASN deduplication,0.203848330594896,3.33375314861461
May 2025 data,9.17077450674294,/24 deduplication,0.410467706013363,3.33375314861461
May 2025 data,9.17077450674294,ASN deduplication,0.20198156832295,3.33375314861461
May 2025 data,9.27723475631407,/24 deduplication,0.410467706013363,3.33375314861461
May 2025 data,9.27723475631407,ASN deduplication,0.200127603955244,3.33375314861461
May 2025 data,9.38493086494273,/24 deduplication,0.410467706013363,3.33375314861461
May 2025 data,9.38493086494273,ASN deduplication,0.198286428550453,3.33375314861461
May 2025 data,9.49387717927583,/24 deduplication,0.410467706013363,3.33375314861461
May 2025 data,9.49387717927583,ASN deduplication,0.196458031598338,3.33375314861461
May 2025 data,9.60408821250538,/24 deduplication,0.410467706013363,3.33375314861461
May 2025 data,9.60408821250538,ASN deduplication,0.19464240104365,3.33375314861461
May 2025 data,9.71557864630187,/24 deduplication,0.410467706013363,3.33375314861461
May 2025 data,9.71557864630187,ASN deduplication,0.192839523310182,3.33375314861461
May 2025 data,9.82836333277003,/24 deduplication,0.410467706013363,3.33375314861461
May 2025 data,9.82836333277003,ASN deduplication,0.191049383324911,3.33375314861461
May 2025 data,9.94245729642742,/24 deduplication,0.410467706013363,3.33375314861461
May 2025 data,9.94245729642742,ASN deduplication,0.189271964542257,3.33375314861461
May 2025 data,10.0578757362058,/24 deduplication,0.410467706013363,3.33375314861461
May 2025 data,10.0578757362058,ASN deduplication,0.187507248968423,3.33375314861461
May 2025 data,10.1746340274761,/24 deduplication,0.410467706013363,3.33375314861461
May 2025 data,10.1746340274761,ASN deduplication,0.185755217185805,3.33375314861461
May 2025 data,10.2927477240961,/24 deduplication,0.410467706013363,3.33375314861461
May 2025 data,10.2927477240961,ASN deduplication,0.184015848377468,3.33375314861461
May 2025 data,10.4122325604831,/24 deduplication,0.410467706013363,3.33375314861461
May 2025 data,10.4122325604831,ASN deduplication,0.182289120351668,3.33375314861461
May 2025 data,10.5331044537094,/24 deduplication,0.410467706013363,3.33375314861461
May 2025 data,10.5331044537094,ASN deduplication,0.180575009566411,3.33375314861461
May 2025 data,10.6553795056231,/24 deduplication,0.410467706013363,3.33375314861461
May 2025 data,10.6553795056231,ASN deduplication,0.178873491154035,3.33375314861461
May 2025 data,10.7790740049927,/24 deduplication,0.410467706013363,3.33375314861461
May 2025 data,10.7790740049927,ASN deduplication,0.177184538945807,3.33375314861461
May 2025 data,10.9042044296775,/24 deduplication,0.410467706013363,3.33375314861461
May 2025 data,10.9042044296775,ASN deduplication,0.175508125496517,3.33375314861461
May 2025 data,11.0307874488222,/24 deduplication,0.410467706013363,3.33375314861461
May 2025 data,11.0307874488222,ASN deduplication,0.173844222109065,3.33375314861461
May 2025 data,11.1588399250775,/24 deduplication,0.410467706013363,3.33375314861461
May 2025 data,11.1588399250775,ASN deduplication,0.172192798859024,3.33375314861461
May 2025 data,11.2883789168469,/24 deduplication,0.410467706013363,3.33375314861461
May 2025 data,11.2883789168469,ASN deduplication,0.170553824619176,3.33375314861461
May 2025 data,11.4194216805587,/24 deduplication,0.410467706013363,3.33375314861461
May 2025 data,11.4194216805587,ASN deduplication,0.168927267084,3.33375314861461
May 2025 data,11.5519856729648,/24 deduplication,0.410467706013363,3.33375314861461
May 2025 data,11.5519856729648,ASN deduplication,0.167313092794111,3.33375314861461
May 2025 data,11.6860885534665,/24 deduplication,0.410467706013363,3.33375314861461
May 2025 data,11.6860885534665,ASN deduplication,0.165711267160632,3.33375314861461
May 2025 data,11.8217481864667,/24 deduplication,0.410467706013363,3.33375314861461
May 2025 data,11.8217481864667,ASN deduplication,0.164121754489504,3.33375314861461
May 2025 data,11.9589826437498,/24 deduplication,0.410467706013363,3.33375314861461
May 2025 data,11.9589826437498,ASN deduplication,0.162544518005702,3.33375314861461
May 2025 data,12.097810206889,/24 deduplication,0.410467706013363,3.33375314861461
May 2025 data,12.097810206889,ASN deduplication,0.160979519877371,3.33375314861461
May 2025 data,12.2382493696819,/24 deduplication,0.410467706013363,3.33375314861461
May 2025 data,12.2382493696819,ASN deduplication,0.159426721239855,3.33375314861461
May 2025 data,12.380318840614,/24 deduplication,0.410467706013363,3.33375314861461
May 2025 data,12.380318840614,ASN deduplication,0.157886082219625,3.33375314861461
May 2025 data,12.5240375453507,/24 deduplication,0.410467706013363,3.33375314861461
May 2025 data,12.5240375453507,ASN deduplication,0.156357561958083,3.33375314861461
May 2025 data,12.6694246292591,/24 deduplication,0.410467706013363,3.33375314861461
May 2025 data,12.6694246292591,ASN deduplication,0.154841118635252,3.33375314861461
May 2025 data,12.8164994599576,/24 deduplication,0.410467706013363,3.33375314861461
May 2025 data,12.8164994599576,ASN deduplication,0.153336709493323,3.33375314861461
May 2025 data,12.9652816298967,/24 deduplication,0.410467706013363,3.33375314861461
May 2025 data,12.9652816298967,ASN deduplication,0.151844290860074,3.33375314861461
May 2025 data,13.1157909589685,/24 deduplication,0.410467706013363,3.33375314861461
May 2025 data,13.1157909589685,ASN deduplication,0.150363818172129,3.33375314861461
May 2025 data,13.2680474971473,/24 deduplication,0.410467706013363,3.33375314861461
May 2025 data,13.2680474971473,ASN deduplication,0.148895245998079,3.33375314861461
May 2025 data,13.4220715271601,/24 deduplication,0.410467706013363,3.33375314861461
May 2025 data,13.4220715271601,ASN deduplication,0.147438528061431,3.33375314861461
May 2025 data,13.5778835671893,/24 deduplication,0.410467706013363,3.33375314861461
May 2025 data,13.5778835671893,ASN deduplication,0.145993617263391,3.33375314861461
May 2025 data,13.7355043736051,/24 deduplication,0.410467706013363,3.33375314861461
May 2025 data,13.7355043736051,ASN deduplication,0.144560465705486,3.33375314861461
May 2025 data,13.8949549437314,/24 deduplication,0.410467706013363,3.33375314861461
May 2025 data,13.8949549437314,ASN deduplication,0.143139024711988,3.33375314861461
May 2025 data,14.0562565186422,/24 deduplication,0.410467706013363,3.33375314861461
May 2025 data,14.0562565186422,ASN deduplication,0.141729244852172,3.33375314861461
May 2025 data,14.2194305859917,/24 deduplication,0.410467706013363,3.33375314861461
May 2025 data,14.2194305859917,ASN deduplication,0.140331075962372,3.33375314861461
May 2025 data,14.3844988828766,/24 deduplication,0.410467706013363,3.33375314861461
May 2025 data,14.3844988828766,ASN deduplication,0.138944467167845,3.33375314861461
May 2025 data,14.5514833987319,/24 deduplication,0.410467706013363,3.33375314861461
May 2025 data,14.5514833987319,ASN deduplication,0.13756936690444,3.33375314861461
May 2025 data,14.72040637826,/24 deduplication,0.410467706013363,3.33375314861461
May 2025 data,14.72040637826,ASN deduplication,0.136205722940053,3.33375314861461
May 2025 data,14.8912903243941,/24 deduplication,0.410467706013363,3.33375314861461
May 2025 data,14.8912903243941,ASN deduplication,0.134853482395878,3.33375314861461
May 2025 data,15.0641580012959,/24 deduplication,0.410467706013363,3.33375314861461
May 2025 data,15.0641580012959,ASN deduplication,0.133512591767447,3.33375314861461
May 2025 data,15.2390324373883,/24 deduplication,0.410467706013363,3.33375314861461
May 2025 data,15.2390324373883,ASN deduplication,0.132182996945446,3.33375314861461
May 2025 data,15.4159369284227,/24 deduplication,0.410467706013363,3.33375314861461
May 2025 data,15.4159369284227,ASN deduplication,0.130864643236312,3.33375314861461
May 2025 data,15.5948950405828,/24 deduplication,0.410467706013363,3.33375314861461
May 2025 data,15.5948950405828,ASN deduplication,0.129557475382609,3.33375314861461
May 2025 data,15.7759306136236,/24 deduplication,0.410467706013363,3.33375314861461
May 2025 data,15.7759306136236,ASN deduplication,0.128261437583166,3.33375314861461
May 2025 data,15.9590677640473,/24 deduplication,0.410467706013363,3.33375314861461
May 2025 data,15.9590677640473,ASN deduplication,0.126976473512997,3.33375314861461
May 2025 data,16.144330888316,/24 deduplication,0.410467706013363,3.33375314861461
May 2025 data,16.144330888316,ASN deduplication,0.125702526342973,3.33375314861461
May 2025 data,16.3317446661017,/24 deduplication,0.410467706013363,3.33375314861461
May 2025 data,16.3317446661017,ASN deduplication,0.124439538759262,3.33375314861461
May 2025 data,16.5213340635737,/24 deduplication,0.410467706013363,3.33375314861461
May 2025 data,16.5213340635737,ASN deduplication,0.123187452982534,3.33375314861461
May 2025 data,16.7131243367249,/24 deduplication,0.410467706013363,3.33375314861461
May 2025 data,16.7131243367249,ASN deduplication,0.121946210786917,3.33375314861461
May 2025 data,16.9071410347358,/24 deduplication,0.410467706013363,3.33375314861461
May 2025 data,16.9071410347358,ASN deduplication,0.120715753518707,3.33375314861461
May 2025 data,17.1034100033784,/24 deduplication,0.410467706013363,3.33375314861461
May 2025 data,17.1034100033784,ASN deduplication,0.119496022114844,3.33375314861461
May 2025 data,17.3019573884589,/24 deduplication,0.410467706013363,3.33375314861461
May 2025 data,17.3019573884589,ASN deduplication,0.118286957121122,3.33375314861461
May 2025 data,17.502809639301,/24 deduplication,0.410467706013363,3.33375314861461
May 2025 data,17.502809639301,ASN deduplication,0.117088498710163,3.33375314861461
May 2025 data,17.705993512269,/24 deduplication,0.410467706013363,3.33375314861461
May 2025 data,17.705993512269,ASN deduplication,0.115900586699137,3.33375314861461
May 2025 data,17.9115360743323,/24 deduplication,0.410467706013363,3.33375314861461
May 2025 data,17.9115360743323,ASN deduplication,0.114723160567222,3.33375314861461
May 2025 data,18.1194647066713,/24 deduplication,0.410467706013363,3.33375314861461
May 2025 data,18.1194647066713,ASN deduplication,0.113556159472822,3.33375314861461
May 2025 data,18.3298071083244,/24 deduplication,0.410467706013363,3.33375314861461
May 2025 data,18.3298071083244,ASN deduplication,0.11239952227052,3.33375314861461
May 2025 data,18.5425912998785,/24 deduplication,0.410467706013363,3.33375314861461
May 2025 data,18.5425912998785,ASN deduplication,0.111253187527782,3.33375314861461
May 2025 data,18.7578456272016,/24 deduplication,0.410467706013363,3.33375314861461
May 2025 data,18.7578456272016,ASN deduplication,0.110117093541402,3.33375314861461
May 2025 data,18.9755987652185,/24 deduplication,0.410467706013363,3.33375314861461
May 2025 data,18.9755987652185,ASN deduplication,0.108991178353695,3.33375314861461
May 2025 data,19.1958797217311,/24 deduplication,0.410467706013363,3.33375314861461
May 2025 data,19.1958797217311,ASN deduplication,0.107875379768426,3.33375314861461
May 2025 data,19.4187178412826,/24 deduplication,0.410467706013363,3.33375314861461
May 2025 data,19.4187178412826,ASN deduplication,0.106769635366487,3.33375314861461
May 2025 data,19.6441428090663,/24 deduplication,0.410467706013363,3.33375314861461
May 2025 data,19.6441428090663,ASN deduplication,0.105673882521319,3.33375314861461
May 2025 data,19.8721846548806,/24 deduplication,0.410467706013363,3.33375314861461
May 2025 data,19.8721846548806,ASN deduplication,0.10458805841407,3.33375314861461
May 2025 data,20.1028737571289,/24 deduplication,0.410467706013363,3.33375314861461
May 2025 data,20.1028737571289,ASN deduplication,0.103512100048503,3.33375314861461
May 2025 data,20.3362408468667,/24 deduplication,0.410467706013363,3.33375314861461
May 2025 data,20.3362408468667,ASN deduplication,0.102445944265643,3.33375314861461
May 2025 data,20.5723170118956,/24 deduplication,0.410467706013363,3.33375314861461
May 2025 data,20.5723170118956,ASN deduplication,0.101389527758175,3.33375314861461
May 2025 data,20.811133700904,/24 deduplication,0.410467706013363,3.33375314861461
May 2025 data,20.811133700904,ASN deduplication,0.100342787084576,3.33375314861461
May 2025 data,21.0527227276571,/24 deduplication,0.410467706013363,3.33375314861461
May 2025 data,21.0527227276571,ASN deduplication,0.0993056586830018,3.33375314861461
May 2025 data,21.2971162752348,/24 deduplication,0.410467706013363,3.33375314861461
May 2025 data,21.2971162752348,ASN deduplication,0.0982780788849165,3.33375314861461
May 2025 data,21.5443469003188,/24 deduplication,0.410467706013363,3.33375314861461
May 2025 data,21.5443469003188,ASN deduplication,0.097259983928468,3.33375314861461
May 2025 data,21.7944475375299,/24 deduplication,0.410467706013363,3.33375314861461
May 2025 data,21.7944475375299,ASN deduplication,0.0962513099716136,3.33375314861461
May 2025 data,22.0474515038148,/24 deduplication,0.410467706013363,3.33375314861461
May 2025 data,22.0474515038148,ASN deduplication,0.0952519931049939,3.33375314861461
May 2025 data,22.303392502885,/24 deduplication,0.410467706013363,3.33375314861461
May 2025 data,22.303392502885,ASN deduplication,0.0942619693645575,3.33375314861461
May 2025 data,22.5623046297064,/24 deduplication,0.410467706013363,3.33375314861461
May 2025 data,22.5623046297064,ASN deduplication,0.093281174743937,3.33375314861461
May 2025 data,22.824222375041,/24 deduplication,0.410467706013363,3.33375314861461
May 2025 data,22.824222375041,ASN deduplication,0.0923095452065786,3.33375314861461
May 2025 data,23.0891806300419,/24 deduplication,0.410467706013363,3.33375314861461
May 2025 data,23.0891806300419,ASN deduplication,0.0913470166976261,3.33375314861461
May 2025 data,23.3572146909012,/24 deduplication,0.410467706013363,3.33375314861461
May 2025 data,23.3572146909012,ASN deduplication,0.090393525155561,3.33375314861461
May 2025 data,23.6283602635518,/24 deduplication,0.410467706013363,3.33375314861461
May 2025 data,23.6283602635518,ASN deduplication,0.0894490065236006,3.33375314861461
May 2025 data,23.9026534684239,/24 deduplication,0.410467706013363,3.33375314861461
May 2025 data,23.9026534684239,ASN deduplication,0.0885133967608552,3.33375314861461
May 2025 data,24.1801308452572,/24 deduplication,0.410467706013363,3.33375314861461
May 2025 data,24.1801308452572,ASN deduplication,0.0875866318532469,3.33375314861461
May 2025 data,24.460829357968,/24 deduplication,0.410467706013363,3.33375314861461
May 2025 data,24.460829357968,ASN deduplication,0.0866686478241914,3.33375314861461
May 2025 data,24.7447863995735,/24 deduplication,0.410467706013363,3.33375314861461
May 2025 data,24.7447863995735,ASN deduplication,0.0857593807450444,3.33375314861461
May 2025 data,25.0320397971733,/24 deduplication,0.410467706013363,3.33375314861461
May 2025 data,25.0320397971733,ASN deduplication,0.0848587667453158,3.33375314861461
May 2025 data,25.322627816988,/24 deduplication,0.410467706013363,3.33375314861461
May 2025 data,25.322627816988,ASN deduplication,0.0839667420226517,3.33375314861461
May 2025 data,25.6165891694573,/24 deduplication,0.410467706013363,3.33375314861461
May 2025 data,25.6165891694573,ASN deduplication,0.0830832428525884,3.33375314861461
May 2025 data,25.9139630143966,/24 deduplication,0.410467706013363,3.33375314861461
May 2025 data,25.9139630143966,ASN deduplication,0.0822082055980793,3.33375314861461
May 2025 data,26.2147889662136,/24 deduplication,0.410467706013363,3.33375314861461
May 2025 data,26.2147889662136,ASN deduplication,0.0813415667187965,3.33375314861461
May 2025 data,26.5191070991854,/24 deduplication,0.410467706013363,3.33375314861461
May 2025 data,26.5191070991854,ASN deduplication,0.0804832627802108,3.33375314861461
May 2025 data,26.8269579527973,/24 deduplication,0.410467706013363,3.33375314861461
May 2025 data,26.8269579527973,ASN deduplication,0.0796332304624511,3.33375314861461
May 2025 data,27.1383825371428,/24 deduplication,0.410467706013363,3.33375314861461
May 2025 data,27.1383825371428,ASN deduplication,0.0787914065689458,3.33375314861461
May 2025 data,27.4534223383872,/24 deduplication,0.410467706013363,3.33375314861461
May 2025 data,27.4534223383872,ASN deduplication,0.0779577280348489,3.33375314861461
May 2025 data,27.7721193242936,/24 deduplication,0.410467706013363,3.33375314861461
May 2025 data,27.7721193242936,ASN deduplication,0.0771321319352524,3.33375314861461
May 2025 data,28.0945159498141,/24 deduplication,0.410467706013363,3.33375314861461
May 2025 data,28.0945159498141,ASN deduplication,0.0763145554931888,3.33375314861461
May 2025 data,28.4206551627451,/24 deduplication,0.410467706013363,3.33375314861461
May 2025 data,28.4206551627451,ASN deduplication,0.0755049360874241,3.33375314861461
May 2025 data,28.7505804094488,/24 deduplication,0.410467706013363,3.33375314861461
May 2025 data,28.7505804094488,ASN deduplication,0.0747032112600458,3.33375314861461
May 2025 data,29.0843356406405,/24 deduplication,0.410467706013363,3.33375314861461
May 2025 data,29.0843356406405,ASN deduplication,0.0739093187238474,3.33375314861461
May 2025 data,29.4219653172438,/24 deduplication,0.410467706013363,3.33375314861461
May 2025 data,29.4219653172438,ASN deduplication,0.0731231963695112,3.33375314861461
May 2025 data,29.7635144163132,/24 deduplication,0.410467706013363,3.33375314861461
May 2025 data,29.7635144163132,ASN deduplication,0.0723447822725936,3.33375314861461
May 2025 data,30.1090284370259,/24 deduplication,0.410467706013363,3.33375314861461
May 2025 data,30.1090284370259,ASN deduplication,0.0715740147003144,3.33375314861461
May 2025 data,30.4585534067429,/24 deduplication,0.410467706013363,3.33375314861461
May 2025 data,30.4585534067429,ASN deduplication,0.0708108321181527,3.33375314861461
May 2025 data,30.81213588714,/24 deduplication,0.410467706013363,3.33375314861461
May 2025 data,30.81213588714,ASN deduplication,0.0700551731962516,3.33375314861461
May 2025 data,31.1698229804115,/24 deduplication,0.410467706013363,3.33375314861461
May 2025 data,31.1698229804115,ASN deduplication,0.0693069768156361,3.33375314861461
May 2025 data,31.5316623355437,/24 deduplication,0.410467706013363,3.33375314861461
May 2025 data,31.5316623355437,ASN deduplication,0.0685661820742443,3.33375314861461
May 2025 data,31.8977021546632,/24 deduplication,0.410467706013363,3.33375314861461
May 2025 data,31.8977021546632,ASN deduplication,0.0678327282927763,3.33375314861461
May 2025 data,32.2679911994581,/24 deduplication,0.410467706013363,3.33375314861461
May 2025 data,32.2679911994581,ASN deduplication,0.0671065550203626,3.33375314861461
May 2025 data,32.6425787976732,/24 deduplication,0.410467706013363,3.33375314861461
May 2025 data,32.6425787976732,ASN deduplication,0.0663876020400554,3.33375314861461
May 2025 data,33.0215148496818,/24 deduplication,0.410467706013363,3.33375314861461
May 2025 data,33.0215148496818,ASN deduplication,0.065675809374144,3.33375314861461
May 2025 data,33.4048498351325,/24 deduplication,0.410467706013363,3.33375314861461
May 2025 data,33.4048498351325,ASN deduplication,0.0649711172892987,3.33375314861461
May 2025 data,33.7926348196743,/24 deduplication,0.410467706013363,3.33375314861461
May 2025 data,33.7926348196743,ASN deduplication,0.0642734663015445,3.33375314861461
May 2025 data,34.1849214617593,/24 deduplication,0.410467706013363,3.33375314861461
May 2025 data,34.1849214617593,ASN deduplication,0.0635827971810677,3.33375314861461
May 2025 data,34.5817620195238,/24 deduplication,0.410467706013363,3.33375314861461
May 2025 data,34.5817620195238,ASN deduplication,0.0628990509568581,3.33375314861461
May 2025 data,34.9832093577504,/24 deduplication,0.410467706013363,3.33375314861461
May 2025 data,34.9832093577504,ASN deduplication,0.0622221689211896,3.33375314861461
May 2025 data,35.3893169549099,/24 deduplication,0.410467706013363,3.33375314861461
May 2025 data,35.3893169549099,ASN deduplication,0.061552092633941,3.33375314861461
May 2025 data,35.8001389102858,/24 deduplication,0.410467706013363,3.33375314861461
May 2025 data,35.8001389102858,ASN deduplication,0.0608887639267606,3.33375314861461
May 2025 data,36.2157299511808,/24 deduplication,0.410467706013363,3.33375314861461
May 2025 data,36.2157299511808,ASN deduplication,0.0602321249070766,3.33375314861461
May 2025 data,36.6361454402072,/24 deduplication,0.410467706013363,3.33375314861461
May 2025 data,36.6361454402072,ASN deduplication,0.0595821179619564,3.33375314861461
May 2025 data,37.0614413826623,/24 deduplication,0.410467706013363,3.33375314861461
May 2025 data,37.0614413826623,ASN deduplication,0.0589386857618164,3.33375314861461
May 2025 data,37.4916744339889,/24 deduplication,0.410467706013363,3.33375314861461
May 2025 data,37.4916744339889,ASN deduplication,0.0583017712639859,3.33375314861461
May 2025 data,37.9269019073225,/24 deduplication,0.410467706013363,3.33375314861461
May 2025 data,37.9269019073225,ASN deduplication,0.0576713177161279,3.33375314861461
May 2025 data,38.3671817811265,/24 deduplication,0.410467706013363,3.33375314861461
May 2025 data,38.3671817811265,ASN deduplication,0.0570472686595173,3.33375314861461
May 2025 data,38.8125727069154,/24 deduplication,0.410467706013363,3.33375314861461
May 2025 data,38.8125727069154,ASN deduplication,0.0564295679321822,3.33375314861461
May 2025 data,39.2631340170684,/24 deduplication,0.410467706013363,3.33375314861461
May 2025 data,39.2631340170684,ASN deduplication,0.0558181596719074,3.33375314861461
May 2025 data,39.718925732733,/24 deduplication,0.410467706013363,3.33375314861461
May 2025 data,39.718925732733,ASN deduplication,0.0552129883191059,3.33375314861461
May 2025 data,40.1800085718209,/24 deduplication,0.410467706013363,3.33375314861461
May 2025 data,40.1800085718209,ASN deduplication,0.054613998619558,3.33375314861461
May 2025 data,40.6464439570963,/24 deduplication,0.410467706013363,3.33375314861461
May 2025 data,40.6464439570963,ASN deduplication,0.0540211356270224,3.33375314861461
May 2025 data,41.1182940243583,/24 deduplication,0.410467706013363,3.33375314861461
May 2025 data,41.1182940243583,ASN deduplication,0.0534343447057212,3.33375314861461
May 2025 data,41.5956216307185,/24 deduplication,0.410467706013363,3.33375314861461
May 2025 data,41.5956216307185,ASN deduplication,0.0528535715327008,3.33375314861461
May 2025 data,42.0784903629741,/24 deduplication,0.410467706013363,3.33375314861461
May 2025 data,42.0784903629741,ASN deduplication,0.0522787621000717,3.33375314861461
May 2025 data,42.5669645460788,/24 deduplication,0.410467706013363,3.33375314861461
May 2025 data,42.5669645460788,ASN deduplication,0.0517098627171291,3.33375314861461
May 2025 data,43.0611092517117,/24 deduplication,0.410467706013363,3.33375314861461
May 2025 data,43.0611092517117,ASN deduplication,0.0511468200123573,3.33375314861461
May 2025 data,43.5609903069461,/24 deduplication,0.410467706013363,3.33375314861461
May 2025 data,43.5609903069461,ASN deduplication,0.0505895809353197,3.33375314861461
May 2025 data,44.0666743030179,/24 deduplication,0.410467706013363,3.33375314861461
May 2025 data,44.0666743030179,ASN deduplication,0.0500380927584367,3.33375314861461
May 2025 data,44.5782286041971,/24 deduplication,0.410467706013363,3.33375314861461
May 2025 data,44.5782286041971,ASN deduplication,0.0494923030786544,3.33375314861461
May 2025 data,45.0957213567615,/24 deduplication,0.410467706013363,3.33375314861461
May 2025 data,45.0957213567615,ASN deduplication,0.0489521598190057,3.33375314861461
May 2025 data,45.6192214980747,/24 deduplication,0.410467706013363,3.33375314861461
May 2025 data,45.6192214980747,ASN deduplication,0.0484176112300666,3.33375314861461
May 2025 data,46.1487987657694,/24 deduplication,0.410467706013363,3.33375314861461
May 2025 data,46.1487987657694,ASN deduplication,0.0478886058913095,3.33375314861461
May 2025 data,46.6845237070379,/24 deduplication,0.410467706013363,3.33375314861461
May 2025 data,46.6845237070379,ASN deduplication,0.0473650927123559,3.33375314861461
May 2025 data,47.2264676880296,/24 deduplication,0.410467706013363,3.33375314861461
May 2025 data,47.2264676880296,ASN deduplication,0.0468470209341312,3.33375314861461
May 2025 data,47.7747029033578,/24 deduplication,0.410467706013363,3.33375314861461
May 2025 data,47.7747029033578,ASN deduplication,0.0463343401299224,3.33375314861461
May 2025 data,48.3293023857176,/24 deduplication,0.410467706013363,3.33375314861461
May 2025 data,48.3293023857176,ASN deduplication,0.0458270002063423,3.33375314861461
May 2025 data,48.8903400156145,/24 deduplication,0.410467706013363,3.33375314861461
May 2025 data,48.8903400156145,ASN deduplication,0.045324951404202,3.33375314861461
May 2025 data,49.4578905312065,/24 deduplication,0.410467706013363,3.33375314861461
May 2025 data,49.4578905312065,ASN deduplication,0.0448281442992926,3.33375314861461
May 2025 data,50.0320295382601,/24 deduplication,0.410467706013363,3.33375314861461
May 2025 data,50.0320295382601,ASN deduplication,0.0443365298030799,3.33375314861461
May 2025 data,50.6128335202222,/24 deduplication,0.410467706013363,3.33375314861461
May 2025 data,50.6128335202222,ASN deduplication,0.0438500591633129,3.33375314861461
May 2025 data,51.2003798484089,/24 deduplication,0.410467706013363,3.33375314861461
May 2025 data,51.2003798484089,ASN deduplication,0.0433686839645488,3.33375314861461
May 2025 data,51.7947467923121,/24 deduplication,0.410467706013363,3.33375314861461
May 2025 data,51.7947467923121,ASN deduplication,0.0428923561285958,3.33375314861461
May 2025 data,52.3960135300265,/24 deduplication,0.410467706013363,3.33375314861461
May 2025 data,52.3960135300265,ASN deduplication,0.0424210279148764,3.33375314861461
May 2025 data,53.0042601587968,/24 deduplication,0.410467706013363,3.33375314861461
May 2025 data,53.0042601587968,ASN deduplication,0.041954651920713,3.33375314861461
May 2025 data,53.6195677056882,/24 deduplication,0.410467706013363,3.33375314861461
May 2025 data,53.6195677056882,ASN deduplication,0.041493181081537,3.33375314861461
May 2025 data,54.2420181383803,/24 deduplication,0.410467706013363,3.33375314861461
May 2025 data,54.2420181383803,ASN deduplication,0.0410365686710237,3.33375314861461
May 2025 data,54.8716943760861,/24 deduplication,0.410467706013363,3.33375314861461
May 2025 data,54.8716943760861,ASN deduplication,0.0405847683011561,3.33375314861461
May 2025 data,55.5086803005981,/24 deduplication,0.410467706013363,3.33375314861461
May 2025 data,55.5086803005981,ASN deduplication,0.0401377339222165,3.33375314861461
May 2025 data,56.1530607674628,/24 deduplication,0.410467706013363,3.33375314861461
May 2025 data,56.1530607674628,ASN deduplication,0.039695419822711,3.33375314861461
May 2025 data,56.8049216172843,/24 deduplication,0.410467706013363,3.33375314861461
May 2025 data,56.8049216172843,ASN deduplication,0.0392577806292266,3.33375314861461
May 2025 data,57.4643496871598,/24 deduplication,0.410467706013363,3.33375314861461
May 2025 data,57.4643496871598,ASN deduplication,0.0388247713062225,3.33375314861461
May 2025 data,58.1314328222472,/24 deduplication,0.410467706013363,3.33375314861461
May 2025 data,58.1314328222472,ASN deduplication,0.0383963471557593,3.33375314861461
May 2025 data,58.8062598874676,/24 deduplication,0.410467706013363,3.33375314861461
May 2025 data,58.8062598874676,ASN deduplication,0.0379724638171656,3.33375314861461
May 2025 data,59.4889207793434,/24 deduplication,0.410467706013363,3.33375314861461
May 2025 data,59.4889207793434,ASN deduplication,0.0375530772666447,3.33375314861461
May 2025 data,60.1795064379734,/24 deduplication,0.410467706013363,3.33375314861461
May 2025 data,60.1795064379734,ASN deduplication,0.0371381438168231,3.33375314861461
May 2025 data,60.8781088591477,/24 deduplication,0.410467706013363,3.33375314861461
May 2025 data,60.8781088591477,ASN deduplication,0.0367276201162422,3.33375314861461
May 2025 data,61.5848211066027,/24 deduplication,0.410467706013363,3.33375314861461
May 2025 data,61.5848211066027,ASN deduplication,0.0363214631487946,3.33375314861461
May 2025 data,62.2997373244185,/24 deduplication,0.410467706013363,3.33375314861461
May 2025 data,62.2997373244185,ASN deduplication,0.0359196302331073,3.33375314861461
May 2025 data,63.0229527495603,/24 deduplication,0.410467706013363,3.33375314861461
May 2025 data,63.0229527495603,ASN deduplication,0.0355220790218718,3.33375314861461
May 2025 data,63.7545637245651,/24 deduplication,0.410467706013363,3.33375314861461
May 2025 data,63.7545637245651,ASN deduplication,0.0351287675011249,3.33375314861461
May 2025 data,64.4946677103763,/24 deduplication,0.410467706013363,3.33375314861461
May 2025 data,64.4946677103763,ASN deduplication,0.0347396539894794,3.33375314861461
May 2025 data,65.2433632993263,/24 deduplication,0.410467706013363,3.33375314861461
May 2025 data,65.2433632993263,ASN deduplication,0.0343546971373076,3.33375314861461
May 2025 data,66.000750228271,/24 deduplication,0.410467706013363,3.33375314861461
May 2025 data,66.000750228271,ASN deduplication,0.0339738559258785,3.33375314861461
May 2025 data,66.7669293918757,/24 deduplication,0.410467706013363,3.33375314861461
May 2025 data,66.7669293918757,ASN deduplication,0.0335970896664504,3.33375314861461
May 2025 data,67.5420028560559,/24 deduplication,0.410467706013363,3.33375314861461
May 2025 data,67.5420028560559,ASN deduplication,0.0332243579993197,3.33375314861461
May 2025 data,68.326073871574,/24 deduplication,0.410467706013363,3.33375314861461
May 2025 data,68.326073871574,ASN deduplication,0.032855620892828,3.33375314861461
May 2025 data,69.1192468877937,/24 deduplication,0.410467706013363,3.33375314861461
May 2025 data,69.1192468877937,ASN deduplication,0.0324908386423284,3.33375314861461
May 2025 data,69.9216275665938,/24 deduplication,0.410467706013363,3.33375314861461
May 2025 data,69.9216275665938,ASN deduplication,0.0321299718691124,3.33375314861461
May 2025 data,70.7333227964445,/24 deduplication,0.410467706013363,3.33375314861461
May 2025 data,70.7333227964445,ASN deduplication,0.0317729815192983,3.33375314861461
May 2025 data,71.5544407066459,/24 deduplication,0.410467706013363,3.33375314861461
May 2025 data,71.5544407066459,ASN deduplication,0.0314198288626836,3.33375314861461
May 2025 data,72.3850906817326,/24 deduplication,0.410467706013363,3.33375314861461
May 2025 data,72.3850906817326,ASN deduplication,0.0310704754915608,3.33375314861461
May 2025 data,73.2253833760454,/24 deduplication,0.410467706013363,3.33375314861461
May 2025 data,73.2253833760454,ASN deduplication,0.0307248833194995,3.33375314861461
May 2025 data,74.0754307284717,/24 deduplication,0.410467706013363,3.33375314861461
May 2025 data,74.0754307284717,ASN deduplication,0.0303830145800951,3.33375314861461
May 2025 data,74.9353459773576,/24 deduplication,0.410467706013363,3.33375314861461
May 2025 data,74.9353459773576,ASN deduplication,0.0300448318256852,3.33375314861461
May 2025 data,75.8052436755926,/24 deduplication,0.410467706013363,3.33375314861461
May 2025 data,75.8052436755926,ASN deduplication,0.0297102979260355,3.33375314861461
May 2025 data,76.6852397058702,/24 deduplication,0.410467706013363,3.33375314861461
May 2025 data,76.6852397058702,ASN deduplication,0.0293793760669955,3.33375314861461
May 2025 data,77.5754512961242,/24 deduplication,0.410467706013363,3.33375314861461
May 2025 data,77.5754512961242,ASN deduplication,0.029052029749126,3.33375314861461
May 2025 data,78.4759970351462,/24 deduplication,0.410467706013363,3.33375314861461
May 2025 data,78.4759970351462,ASN deduplication,0.0287282227862986,3.33375314861461
May 2025 data,79.3869968883824,/24 deduplication,0.410467706013363,3.33375314861461
May 2025 data,79.3869968883824,ASN deduplication,0.0284079193042686,3.33375314861461
May 2025 data,80.3085722139152,/24 deduplication,0.410467706013363,3.33375314861461
May 2025 data,80.3085722139152,ASN deduplication,0.0280910837392233,3.33375314861461
May 2025 data,81.2408457786297,/24 deduplication,0.410467706013363,3.33375314861461
May 2025 data,81.2408457786297,ASN deduplication,0.0277776808363042,3.33375314861461
May 2025 data,82.1839417745681,/24 deduplication,0.410467706013363,3.33375314861461
May 2025 data,82.1839417745681,ASN deduplication,0.0274676756481073,3.33375314861461
May 2025 data,83.1379858354734,/24 deduplication,0.410467706013363,3.33375314861461
May 2025 data,83.1379858354734,ASN deduplication,0.0271610335331598,3.33375314861461
May 2025 data,84.1031050535262,/24 deduplication,0.410467706013363,3.33375314861461
May 2025 data,84.1031050535262,ASN deduplication,0.0268577201543757,3.33375314861461
May 2025 data,85.0794279962746,/24 deduplication,0.410467706013363,3.33375314861461
May 2025 data,85.0794279962746,ASN deduplication,0.0265577014774908,3.33375314861461
May 2025 data,86.0670847237617,/24 deduplication,0.410467706013363,3.33375314861461
May 2025 data,86.0670847237617,ASN deduplication,0.0262609437694776,3.33375314861461
May 2025 data,87.0662068058513,/24 deduplication,0.410467706013363,3.33375314861461
May 2025 data,87.0662068058513,ASN deduplication,0.0259674135969414,3.33375314861461
May 2025 data,88.0769273397547,/24 deduplication,0.410467706013363,3.33375314861461
May 2025 data,88.0769273397547,ASN deduplication,0.0256770778244993,3.33375314861461
May 2025 data,89.0993809677612,/24 deduplication,0.410467706013363,3.33375314861461
May 2025 data,89.0993809677612,ASN deduplication,0.0253899036131405,3.33375314861461
May 2025 data,90.1337038951744,/24 deduplication,0.410467706013363,3.33375314861461
May 2025 data,90.1337038951744,ASN deduplication,0.0251058584185718,3.33375314861461
May 2025 data,91.1800339084568,/24 deduplication,0.410467706013363,3.33375314861461
May 2025 data,91.1800339084568,ASN deduplication,0.0248249099895465,3.33375314861461
May 2025 data,92.2385103935848,/24 deduplication,0.410467706013363,3.33375314861461
May 2025 data,92.2385103935848,ASN deduplication,0.0245470263661798,3.33375314861461
May 2025 data,93.3092743546168,/24 deduplication,0.410467706013363,3.33375314861461
May 2025 data,93.3092743546168,ASN deduplication,0.0242721758782489,3.33375314861461
May 2025 data,94.3924684324768,/24 deduplication,0.410467706013363,3.33375314861461
May 2025 data,94.3924684324768,ASN deduplication,0.0240003271434811,3.33375314861461
May 2025 data,95.4882369239568,/24 deduplication,0.410467706013363,3.33375314861461
May 2025 data,95.4882369239568,ASN deduplication,0.023731449065829,3.33375314861461
May 2025 data,96.5967258009384,/24 deduplication,0.410467706013363,3.33375314861461
May 2025 data,96.5967258009384,ASN deduplication,0.0234655108337342,3.33375314861461
May 2025 data,97.7180827298391,/24 deduplication,0.410467706013363,3.33375314861461
May 2025 data,97.7180827298391,ASN deduplication,0.0232024819183796,3.33375314861461
May 2025 data,98.8524570912828,/24 deduplication,0.410467706013363,3.33375314861461
May 2025 data,98.8524570912828,ASN deduplication,0.0229423320719323,3.33375314861461
May 2025 data,100,/24 deduplication,0.410467706013363,3.33375314861461
May 2025 data,100,ASN deduplication,0.0226850313257758,3.33375314861461
